order_id,order_date,product,quantity,price,revenue,region,channel
1001,2024-01-01,Prod_12,3,89.57,268.71,East,Online
1002,2024-01-01,Prod_7,3,78.31,234.93,West,Online
1003,2024-01-01,Prod_15,4,45.23,180.92,West,Store
1004,2024-01-01,Prod_7,2,48.12,96.24,North,Online
1005,2024-01-01,Prod_13,4,83.62,334.48,East,Store
1006,2024-01-01,Prod_1,3,99.22,297.66,West,Store
1007,2024-01-01,Prod_6,4,50.34,201.36,North,Online
1008,2024-01-01,Prod_3,3,78.75,236.25,West,Online
1009,2024-01-01,Prod_11,4,56.61,226.44,North,Online
1010,2024-01-01,Prod_6,3,27.56,82.68,East,Online
1011,2024-01-01,Prod_8,1,77.53,77.53,South,Store
1012,2024-01-01,Prod_13,2,41.81,83.62,North,Store
1013,2024-01-01,Prod_13,3,23.99,71.97,North,Store
1014,2024-01-01,Prod_3,4,74.99,299.96,West,Online
1015,2024-01-01,Prod_10,3,20.28,60.84,North,Store
1016,2024-01-01,Prod_9,3,65.7,197.1,West,Store
1017,2024-01-01,Prod_8,3,64.12,192.36,South,Online
1018,2024-01-01,Prod_9,2,32.39,64.78,South,Store
1019,2024-01-01,Prod_7,1,11.54,11.54,North,Online
1020,2024-01-01,Prod_4,2,65.92,131.84,West,Store
1021,2024-01-01,Prod_10,2,84.33,168.66,North,Online
1022,2024-01-01,Prod_7,1,74.62,74.62,South,Online
1023,2024-01-01,Prod_2,4,25.47,101.88,East,Online
1024,2024-01-02,Prod_3,2,36.64,73.28,East,Online
1025,2024-01-02,Prod_15,1,21.21,21.21,West,Store
1026,2024-01-02,Prod_8,3,36.26,108.78,West,Store
1027,2024-01-02,Prod_4,3,55.69,167.07,North,Online
1028,2024-01-02,Prod_7,4,49.3,197.2,North,Online
1029,2024-01-02,Prod_13,3,21.79,65.37,West,Store
1030,2024-01-02,Prod_8,3,52.05,156.15,East,Online
1031,2024-01-02,Prod_2,3,19.02,57.06,South,Online
1032,2024-01-02,Prod_3,2,39.34,78.68,North,Online
1033,2024-01-02,Prod_3,3,24.21,72.63,West,Online
1034,2024-01-02,Prod_7,2,62.14,124.28,North,Store
1035,2024-01-02,Prod_7,2,80.36,160.72,North,Online
1036,2024-01-02,Prod_11,2,101.09,202.18,East,Online
1037,2024-01-02,Prod_13,2,36.5,73.0,South,Online
1038,2024-01-02,Prod_5,1,86.5,86.5,West,Online
1039,2024-01-02,Prod_5,3,18.31,54.93,East,Online
1040,2024-01-02,Prod_4,3,82.06,246.18,West,Online
1041,2024-01-02,Prod_10,4,28.87,115.48,North,Online
1042,2024-01-02,Prod_9,2,90.83,181.66,West,Online
1043,2024-01-02,Prod_4,4,40.64,162.56,South,Online
1044,2024-01-02,Prod_15,4,25.64,102.56,North,Online
1045,2024-01-02,Prod_15,4,94.71,378.84,East,Store
1046,2024-01-02,Prod_4,4,62.29,249.16,South,Store
1047,2024-01-02,Prod_6,3,41.5,124.5,North,Store
1048,2024-01-02,Prod_6,2,95.0,190.0,North,Online
1049,2024-01-02,Prod_2,4,25.56,102.24,North,Online
1050,2024-01-02,Prod_11,4,30.66,122.64,South,Store
1051,2024-01-02,Prod_5,4,55.57,222.28,North,Online
1052,2024-01-02,Prod_3,1,20.52,20.52,East,Online
1053,2024-01-02,Prod_5,3,73.95,221.85,East,Online
1054,2024-01-02,Prod_13,4,72.96,291.84,East,Online
1055,2024-01-02,Prod_7,1,94.12,94.12,South,Online
1056,2024-01-02,Prod_2,2,73.97,147.94,West,Online
1057,2024-01-02,Prod_15,4,12.36,49.44,East,Store
1058,2024-01-02,Prod_13,1,18.33,18.33,South,Store
1059,2024-01-02,Prod_3,3,96.64,289.92,West,Online
1060,2024-01-02,Prod_10,4,8.69,34.76,North,Store
1061,2024-01-02,Prod_4,4,35.1,140.4,South,Store
1062,2024-01-02,Prod_14,4,67.3,269.2,South,Online
1063,2024-01-02,Prod_14,2,71.93,143.86,West,Online
1064,2024-01-03,Prod_4,2,83.87,167.74,West,Online
1065,2024-01-03,Prod_4,4,69.47,277.88,North,Store
1066,2024-01-03,Prod_1,2,20.67,41.34,West,Online
1067,2024-01-03,Prod_5,1,22.59,22.59,North,Online
1068,2024-01-03,Prod_5,3,24.59,73.77,North,Online
1069,2024-01-03,Prod_1,3,44.39,133.17,South,Online
1070,2024-01-03,Prod_11,3,92.86,278.58,North,Online
1071,2024-01-03,Prod_14,4,33.69,134.76,East,Online
1072,2024-01-03,Prod_4,2,48.49,96.98,South,Online
1073,2024-01-03,Prod_1,1,11.94,11.94,West,Online
1074,2024-01-03,Prod_13,4,90.75,363.0,West,Store
1075,2024-01-03,Prod_13,3,66.04,198.12,West,Online
1076,2024-01-03,Prod_12,4,56.85,227.4,West,Online
1077,2024-01-03,Prod_9,4,72.76,291.04,North,Online
1078,2024-01-03,Prod_6,2,45.6,91.2,North,Online
1079,2024-01-03,Prod_8,3,42.11,126.33,South,Store
1080,2024-01-03,Prod_6,1,96.14,96.14,West,Online
1081,2024-01-03,Prod_5,4,58.87,235.48,West,Store
1082,2024-01-03,Prod_5,1,58.61,58.61,East,Online
1083,2024-01-03,Prod_13,1,24.23,24.23,East,Store
1084,2024-01-03,Prod_12,4,66.37,265.48,North,Store
1085,2024-01-03,Prod_2,3,99.91,299.73,North,Store
1086,2024-01-03,Prod_2,1,67.4,67.4,West,Store
1087,2024-01-03,Prod_13,4,29.07,116.28,East,Online
1088,2024-01-03,Prod_15,3,26.27,78.81,East,Online
1089,2024-01-03,Prod_10,2,56.65,113.3,West,Store
1090,2024-01-03,Prod_7,3,62.96,188.88,West,Online
1091,2024-01-03,Prod_8,4,19.33,77.32,East,Online
1092,2024-01-03,Prod_2,4,74.77,299.08,South,Store
1093,2024-01-03,Prod_12,4,33.7,134.8,South,Online
1094,2024-01-03,Prod_12,2,22.04,44.08,West,Online
1095,2024-01-03,Prod_3,3,77.32,231.96,East,Store
1096,2024-01-03,Prod_6,2,51.54,103.08,South,Store
1097,2024-01-03,Prod_12,1,98.36,98.36,North,Store
1098,2024-01-03,Prod_11,4,23.58,94.32,East,Store
1099,2024-01-03,Prod_10,3,50.16,150.48,West,Online
1100,2024-01-03,Prod_1,4,49.02,196.08,South,Store
1101,2024-01-03,Prod_7,3,16.51,49.53,West,Store
1102,2024-01-03,Prod_12,3,87.51,262.53,North,Store
1103,2024-01-03,Prod_5,1,69.76,69.76,North,Store
1104,2024-01-03,Prod_10,4,29.88,119.52,North,Store
1105,2024-01-04,Prod_13,1,91.51,91.51,East,Online
1106,2024-01-04,Prod_1,1,11.91,11.91,East,Store
1107,2024-01-04,Prod_15,1,90.69,90.69,North,Store
1108,2024-01-04,Prod_15,4,83.35,333.4,East,Store
1109,2024-01-04,Prod_7,1,25.17,25.17,North,Online
1110,2024-01-04,Prod_9,3,71.85,215.55,West,Online
1111,2024-01-04,Prod_13,3,23.34,70.02,North,Store
1112,2024-01-04,Prod_8,4,69.1,276.4,North,Store
1113,2024-01-04,Prod_1,1,90.99,90.99,East,Online
1114,2024-01-04,Prod_6,1,23.44,23.44,West,Online
1115,2024-01-04,Prod_9,4,72.46,289.84,East,Online
1116,2024-01-04,Prod_4,4,41.63,166.52,East,Store
1117,2024-01-04,Prod_4,3,102.36,307.08,North,Online
1118,2024-01-04,Prod_11,2,57.05,114.1,North,Online
1119,2024-01-04,Prod_15,2,38.95,77.9,South,Store
1120,2024-01-04,Prod_7,3,45.12,135.36,South,Online
1121,2024-01-04,Prod_15,3,40.12,120.36,North,Online
1122,2024-01-04,Prod_8,2,32.43,64.86,East,Online
1123,2024-01-04,Prod_9,3,73.56,220.68,East,Online
1124,2024-01-04,Prod_4,4,65.17,260.68,South,Store
1125,2024-01-04,Prod_8,2,59.71,119.42,East,Store
1126,2024-01-05,Prod_14,4,59.43,237.72,West,Online
1127,2024-01-05,Prod_8,3,57.94,173.82,North,Online
1128,2024-01-05,Prod_13,4,10.28,41.12,North,Online
1129,2024-01-05,Prod_13,2,34.82,69.64,East,Online
1130,2024-01-05,Prod_3,2,89.37,178.74,South,Online
1131,2024-01-05,Prod_13,1,16.37,16.37,South,Store
1132,2024-01-05,Prod_10,1,80.35,80.35,South,Store
1133,2024-01-05,Prod_15,1,46.84,46.84,East,Online
1134,2024-01-05,Prod_11,3,61.88,185.64,North,Online
1135,2024-01-05,Prod_4,2,106.97,213.94,East,Store
1136,2024-01-05,Prod_13,4,18.45,73.8,South,Online
1137,2024-01-05,Prod_15,2,81.76,163.52,South,Online
1138,2024-01-05,Prod_2,4,28.19,112.76,West,Online
1139,2024-01-05,Prod_3,3,35.75,107.25,South,Online
1140,2024-01-05,Prod_4,3,20.99,62.97,North,Store
1141,2024-01-05,Prod_8,4,72.67,290.68,East,Store
1142,2024-01-05,Prod_10,3,41.83,125.49,South,Online
1143,2024-01-05,Prod_1,4,52.84,211.36,West,Store
1144,2024-01-05,Prod_13,2,91.41,182.82,East,Store
1145,2024-01-05,Prod_8,2,58.39,116.78,South,Online
1146,2024-01-05,Prod_6,1,93.15,93.15,East,Online
1147,2024-01-05,Prod_6,1,24.2,24.2,North,Store
1148,2024-01-05,Prod_6,3,35.22,105.66,East,Online
1149,2024-01-05,Prod_7,2,72.79,145.58,East,Store
1150,2024-01-05,Prod_5,4,53.36,213.44,West,Store
1151,2024-01-06,Prod_8,3,102.51,307.53,West,Store
1152,2024-01-06,Prod_2,1,80.58,80.58,South,Online
1153,2024-01-06,Prod_15,3,102.13,306.39,West,Online
1154,2024-01-06,Prod_13,3,76.25,228.75,South,Online
1155,2024-01-06,Prod_5,1,81.85,81.85,South,Store
1156,2024-01-06,Prod_13,2,97.9,195.8,South,Store
1157,2024-01-06,Prod_10,1,59.77,59.77,West,Store
1158,2024-01-06,Prod_7,4,9.51,38.04,South,Online
1159,2024-01-06,Prod_6,1,70.15,70.15,East,Store
1160,2024-01-06,Prod_1,4,77.25,309.0,West,Online
1161,2024-01-06,Prod_14,1,69.08,69.08,West,Online
1162,2024-01-06,Prod_15,3,74.34,223.02,North,Online
1163,2024-01-06,Prod_11,4,75.8,303.2,North,Store
1164,2024-01-06,Prod_8,2,92.07,184.14,North,Online
1165,2024-01-06,Prod_7,2,32.11,64.22,West,Online
1166,2024-01-06,Prod_11,1,44.48,44.48,East,Store
1167,2024-01-06,Prod_9,4,40.15,160.6,South,Online
1168,2024-01-06,Prod_2,3,105.77,317.31,East,Online
1169,2024-01-06,Prod_1,2,93.95,187.9,South,Online
1170,2024-01-06,Prod_2,2,17.38,34.76,North,Online
1171,2024-01-06,Prod_5,2,68.28,136.56,South,Online
1172,2024-01-06,Prod_14,4,81.44,325.76,South,Online
1173,2024-01-06,Prod_6,4,28.33,113.32,South,Store
1174,2024-01-06,Prod_5,3,78.52,235.56,East,Store
1175,2024-01-06,Prod_1,2,29.93,59.86,South,Online
1176,2024-01-06,Prod_6,4,32.91,131.64,East,Store
1177,2024-01-06,Prod_9,4,53.65,214.6,South,Store
1178,2024-01-06,Prod_9,3,89.39,268.17,West,Store
1179,2024-01-06,Prod_8,1,64.41,64.41,North,Store
1180,2024-01-06,Prod_5,4,56.71,226.84,South,Online
1181,2024-01-06,Prod_15,4,19.79,79.16,North,Online
1182,2024-01-06,Prod_9,1,55.24,55.24,South,Online
1183,2024-01-06,Prod_1,1,17.6,17.6,South,Online
1184,2024-01-06,Prod_14,3,29.67,89.01,South,Online
1185,2024-01-06,Prod_4,2,13.16,26.32,North,Store
1186,2024-01-06,Prod_3,1,56.28,56.28,South,Online
1187,2024-01-06,Prod_7,2,80.16,160.32,West,Online
1188,2024-01-06,Prod_4,2,36.04,72.08,South,Store
1189,2024-01-06,Prod_6,1,37.42,37.42,West,Online
1190,2024-01-06,Prod_8,2,78.6,157.2,North,Online
1191,2024-01-06,Prod_5,1,95.29,95.29,North,Online
1192,2024-01-06,Prod_13,1,15.51,15.51,East,Online
1193,2024-01-06,Prod_2,3,67.07,201.21,West,Online
1194,2024-01-06,Prod_5,4,66.82,267.28,North,Store
1195,2024-01-07,Prod_13,2,92.29,184.58,South,Store
1196,2024-01-07,Prod_4,4,47.35,189.4,West,Online
1197,2024-01-07,Prod_15,3,67.07,201.21,North,Online
1198,2024-01-07,Prod_12,3,15.42,46.26,North,Online
1199,2024-01-07,Prod_5,2,23.72,47.44,East,Store
1200,2024-01-07,Prod_1,2,37.13,74.26,West,Online
1201,2024-01-07,Prod_12,1,21.65,21.65,East,Online
1202,2024-01-07,Prod_2,4,105.22,420.88,North,Online
1203,2024-01-07,Prod_8,3,66.54,199.62,North,Store
1204,2024-01-07,Prod_15,1,60.94,60.94,East,Online
1205,2024-01-07,Prod_14,3,66.48,199.44,North,Store
1206,2024-01-07,Prod_1,4,8.73,34.92,East,Online
1207,2024-01-07,Prod_13,4,29.1,116.4,East,Online
1208,2024-01-07,Prod_14,3,74.37,223.11,East,Online
1209,2024-01-07,Prod_6,2,99.42,198.84,South,Online
1210,2024-01-07,Prod_12,4,83.62,334.48,South,Online
1211,2024-01-07,Prod_1,4,91.52,366.08,South,Store
1212,2024-01-07,Prod_2,2,102.35,204.7,North,Online
1213,2024-01-07,Prod_3,4,94.7,378.8,North,Online
1214,2024-01-07,Prod_13,4,88.44,353.76,South,Online
1215,2024-01-07,Prod_12,1,77.46,77.46,West,Online
1216,2024-01-07,Prod_12,2,93.88,187.76,West,Store
1217,2024-01-07,Prod_2,3,30.42,91.26,East,Online
1218,2024-01-07,Prod_2,1,46.83,46.83,East,Store
1219,2024-01-07,Prod_15,3,40.32,120.96,East,Online
1220,2024-01-07,Prod_6,2,63.17,126.34,West,Online
1221,2024-01-07,Prod_7,1,41.83,41.83,South,Online
1222,2024-01-07,Prod_3,2,73.03,146.06,South,Store
1223,2024-01-07,Prod_3,3,17.4,52.2,West,Store
1224,2024-01-07,Prod_4,2,32.2,64.4,North,Online
1225,2024-01-07,Prod_5,1,32.65,32.65,North,Online
1226,2024-01-07,Prod_8,1,72.99,72.99,South,Online
1227,2024-01-07,Prod_15,1,38.0,38.0,West,Store
1228,2024-01-07,Prod_4,4,106.53,426.12,West,Store
1229,2024-01-07,Prod_14,3,23.09,69.27,South,Online
1230,2024-01-07,Prod_2,2,91.35,182.7,East,Online
1231,2024-01-07,Prod_2,3,35.06,105.18,North,Store
1232,2024-01-07,Prod_3,2,77.84,155.68,North,Online
1233,2024-01-07,Prod_9,4,84.2,336.8,West,Online
1234,2024-01-07,Prod_7,3,17.46,52.38,West,Online
1235,2024-01-07,Prod_15,2,90.42,180.84,North,Online
1236,2024-01-07,Prod_4,1,36.3,36.3,East,Store
1237,2024-01-07,Prod_7,3,38.24,114.72,South,Online
1238,2024-01-07,Prod_14,2,25.32,50.64,West,Store
1239,2024-01-07,Prod_4,1,62.18,62.18,South,Online
1240,2024-01-07,Prod_12,2,49.28,98.56,North,Online
1241,2024-01-07,Prod_9,1,57.79,57.79,West,Online
1242,2024-01-07,Prod_15,2,29.73,59.46,North,Online
1243,2024-01-07,Prod_9,2,99.1,198.2,South,Store
1244,2024-01-07,Prod_2,1,49.04,49.04,South,Online
1245,2024-01-07,Prod_7,4,83.74,334.96,East,Online
1246,2024-01-07,Prod_15,4,97.46,389.84,South,Online
1247,2024-01-07,Prod_3,4,83.47,333.88,East,Store
1248,2024-01-07,Prod_6,3,26.14,78.42,West,Online
1249,2024-01-07,Prod_12,2,8.22,16.44,West,Online
1250,2024-01-07,Prod_10,4,50.53,202.12,North,Online
1251,2024-01-07,Prod_1,4,44.33,177.32,West,Online
1252,2024-01-07,Prod_10,2,50.8,101.6,East,Online
1253,2024-01-07,Prod_11,1,102.26,102.26,South,Online
1254,2024-01-08,Prod_2,3,91.37,274.11,North,Online
1255,2024-01-08,Prod_5,4,79.21,316.84,West,Online
1256,2024-01-08,Prod_12,3,36.74,110.22,West,Online
1257,2024-01-08,Prod_12,3,46.3,138.9,East,Store
1258,2024-01-08,Prod_9,3,98.17,294.51,South,Store
1259,2024-01-08,Prod_7,2,44.77,89.54,South,Online
1260,2024-01-08,Prod_13,1,68.41,68.41,East,Store
1261,2024-01-08,Prod_5,1,39.02,39.02,North,Store
1262,2024-01-08,Prod_15,4,33.43,133.72,East,Online
1263,2024-01-08,Prod_14,2,23.17,46.34,North,Store
1264,2024-01-08,Prod_14,4,29.24,116.96,South,Store
1265,2024-01-08,Prod_12,4,65.96,263.84,North,Store
1266,2024-01-08,Prod_1,2,99.73,199.46,South,Store
1267,2024-01-08,Prod_9,1,50.01,50.01,West,Store
1268,2024-01-08,Prod_6,2,94.91,189.82,West,Online
1269,2024-01-08,Prod_13,3,51.53,154.59,East,Online
1270,2024-01-08,Prod_13,1,91.7,91.7,West,Store
1271,2024-01-08,Prod_15,4,80.77,323.08,West,Store
1272,2024-01-08,Prod_2,2,54.36,108.72,North,Store
1273,2024-01-08,Prod_10,2,31.49,62.98,East,Online
1274,2024-01-08,Prod_5,1,85.53,85.53,West,Online
1275,2024-01-08,Prod_6,1,37.93,37.93,West,Store
1276,2024-01-08,Prod_4,1,86.56,86.56,North,Online
1277,2024-01-08,Prod_7,4,24.3,97.2,North,Online
1278,2024-01-08,Prod_7,3,94.63,283.89,West,Online
1279,2024-01-08,Prod_15,1,85.12,85.12,North,Store
1280,2024-01-08,Prod_4,3,23.63,70.89,West,Online
1281,2024-01-08,Prod_3,2,60.46,120.92,South,Store
1282,2024-01-08,Prod_12,3,102.24,306.72,West,Online
1283,2024-01-08,Prod_2,1,80.15,80.15,West,Online
1284,2024-01-08,Prod_5,2,48.35,96.7,North,Store
1285,2024-01-08,Prod_12,2,82.81,165.62,West,Store
1286,2024-01-08,Prod_15,2,40.55,81.1,East,Store
1287,2024-01-08,Prod_3,2,92.84,185.68,North,Store
1288,2024-01-08,Prod_14,1,24.58,24.58,South,Online
1289,2024-01-08,Prod_8,1,11.05,11.05,South,Store
1290,2024-01-08,Prod_2,1,72.96,72.96,West,Online
1291,2024-01-08,Prod_1,1,88.78,88.78,West,Online
1292,2024-01-09,Prod_13,1,42.48,42.48,East,Online
1293,2024-01-09,Prod_2,2,58.9,117.8,West,Online
1294,2024-01-09,Prod_12,2,28.82,57.64,North,Store
1295,2024-01-09,Prod_6,4,14.17,56.68,North,Online
1296,2024-01-09,Prod_2,1,48.86,48.86,West,Online
1297,2024-01-09,Prod_13,4,47.63,190.52,South,Store
1298,2024-01-09,Prod_10,4,89.92,359.68,North,Online
1299,2024-01-09,Prod_15,2,37.46,74.92,East,Online
1300,2024-01-09,Prod_10,3,85.71,257.13,East,Online
1301,2024-01-09,Prod_9,3,69.15,207.45,South,Online
1302,2024-01-09,Prod_1,2,79.0,158.0,West,Online
1303,2024-01-09,Prod_7,1,31.72,31.72,South,Online
1304,2024-01-09,Prod_6,2,70.28,140.56,North,Online
1305,2024-01-09,Prod_9,1,96.98,96.98,East,Online
1306,2024-01-09,Prod_4,4,57.65,230.6,South,Store
1307,2024-01-09,Prod_14,2,30.44,60.88,East,Online
1308,2024-01-09,Prod_1,2,27.34,54.68,North,Online
1309,2024-01-09,Prod_11,1,28.73,28.73,North,Store
1310,2024-01-09,Prod_7,1,40.27,40.27,North,Online
1311,2024-01-09,Prod_5,2,66.0,132.0,North,Store
1312,2024-01-09,Prod_4,1,22.48,22.48,North,Online
1313,2024-01-09,Prod_14,2,21.59,43.18,West,Store
1314,2024-01-09,Prod_10,1,56.98,56.98,West,Online
1315,2024-01-09,Prod_13,1,35.77,35.77,West,Online
1316,2024-01-09,Prod_7,4,22.18,88.72,West,Online
1317,2024-01-09,Prod_13,3,97.23,291.69,South,Online
1318,2024-01-09,Prod_8,4,23.16,92.64,South,Online
1319,2024-01-09,Prod_9,4,94.28,377.12,East,Online
1320,2024-01-09,Prod_2,3,51.99,155.97,East,Store
1321,2024-01-09,Prod_7,4,43.19,172.76,South,Online
1322,2024-01-09,Prod_14,4,53.87,215.48,East,Online
1323,2024-01-09,Prod_9,2,44.84,89.68,South,Online
1324,2024-01-09,Prod_5,2,76.7,153.4,South,Online
1325,2024-01-09,Prod_3,4,79.78,319.12,North,Store
1326,2024-01-09,Prod_9,4,68.75,275.0,East,Online
1327,2024-01-09,Prod_14,3,47.29,141.87,West,Online
1328,2024-01-09,Prod_15,4,13.66,54.64,East,Online
1329,2024-01-09,Prod_1,1,77.63,77.63,West,Online
1330,2024-01-10,Prod_4,2,13.52,27.04,West,Online
1331,2024-01-10,Prod_14,4,45.44,181.76,East,Online
1332,2024-01-10,Prod_11,1,85.62,85.62,South,Online
1333,2024-01-10,Prod_4,4,104.54,418.16,West,Online
1334,2024-01-10,Prod_14,3,93.42,280.26,South,Online
1335,2024-01-10,Prod_6,4,51.77,207.08,East,Store
1336,2024-01-10,Prod_11,3,52.37,157.11,South,Online
1337,2024-01-10,Prod_2,1,86.5,86.5,West,Online
1338,2024-01-10,Prod_11,2,95.06,190.12,North,Online
1339,2024-01-10,Prod_8,2,76.56,153.12,North,Store
1340,2024-01-10,Prod_2,2,69.78,139.56,North,Online
1341,2024-01-10,Prod_15,3,30.36,91.08,North,Online
1342,2024-01-10,Prod_8,2,20.2,40.4,West,Online
1343,2024-01-10,Prod_4,4,105.57,422.28,North,Store
1344,2024-01-10,Prod_15,4,70.25,281.0,South,Online
1345,2024-01-10,Prod_6,1,56.79,56.79,West,Store
1346,2024-01-10,Prod_10,1,74.05,74.05,South,Store
1347,2024-01-10,Prod_6,1,94.91,94.91,West,Online
1348,2024-01-10,Prod_5,1,87.3,87.3,North,Online
1349,2024-01-10,Prod_2,4,64.91,259.64,South,Online
1350,2024-01-10,Prod_15,1,102.03,102.03,South,Online
1351,2024-01-11,Prod_5,1,16.96,16.96,West,Store
1352,2024-01-11,Prod_15,3,102.71,308.13,West,Store
1353,2024-01-11,Prod_13,3,80.6,241.8,South,Online
1354,2024-01-11,Prod_2,4,103.32,413.28,East,Online
1355,2024-01-11,Prod_14,2,46.7,93.4,South,Online
1356,2024-01-11,Prod_7,1,13.36,13.36,West,Online
1357,2024-01-11,Prod_2,1,69.16,69.16,North,Online
1358,2024-01-11,Prod_14,4,102.69,410.76,North,Online
1359,2024-01-11,Prod_4,3,105.83,317.49,North,Online
1360,2024-01-11,Prod_15,2,16.02,32.04,North,Online
1361,2024-01-11,Prod_3,2,59.04,118.08,East,Online
1362,2024-01-11,Prod_14,3,68.69,206.07,West,Store
1363,2024-01-11,Prod_13,1,13.61,13.61,North,Online
1364,2024-01-11,Prod_6,3,41.94,125.82,West,Online
1365,2024-01-11,Prod_15,2,40.47,80.94,East,Store
1366,2024-01-11,Prod_3,1,29.72,29.72,East,Online
1367,2024-01-11,Prod_7,3,23.85,71.55,North,Online
1368,2024-01-11,Prod_15,3,58.28,174.84,South,Store
1369,2024-01-11,Prod_8,1,56.4,56.4,South,Online
1370,2024-01-11,Prod_8,3,32.66,97.98,East,Online
1371,2024-01-11,Prod_9,3,56.56,169.68,West,Online
1372,2024-01-11,Prod_15,3,88.11,264.33,East,Store
1373,2024-01-11,Prod_1,4,67.6,270.4,West,Store
1374,2024-01-11,Prod_7,2,68.94,137.88,East,Store
1375,2024-01-11,Prod_6,3,46.38,139.14,West,Online
1376,2024-01-11,Prod_6,1,49.67,49.67,North,Store
1377,2024-01-11,Prod_12,2,26.87,53.74,East,Store
1378,2024-01-11,Prod_2,1,36.9,36.9,North,Store
1379,2024-01-11,Prod_14,4,28.78,115.12,North,Online
1380,2024-01-11,Prod_3,1,80.25,80.25,East,Online
1381,2024-01-11,Prod_14,4,55.45,221.8,North,Online
1382,2024-01-11,Prod_6,1,18.09,18.09,East,Store
1383,2024-01-11,Prod_5,1,53.71,53.71,West,Store
1384,2024-01-11,Prod_2,1,53.58,53.58,West,Online
1385,2024-01-11,Prod_13,2,21.75,43.5,South,Online
1386,2024-01-11,Prod_6,3,77.42,232.26,South,Online
1387,2024-01-11,Prod_4,2,54.69,109.38,South,Online
1388,2024-01-11,Prod_2,4,83.5,334.0,West,Online
1389,2024-01-11,Prod_4,3,95.38,286.14,West,Store
1390,2024-01-11,Prod_10,2,93.32,186.64,West,Online
1391,2024-01-12,Prod_12,1,9.5,9.5,South,Online
1392,2024-01-12,Prod_8,2,64.98,129.96,East,Store
1393,2024-01-12,Prod_15,1,31.39,31.39,West,Store
1394,2024-01-12,Prod_12,4,90.93,363.72,West,Online
1395,2024-01-12,Prod_2,2,36.47,72.94,East,Store
1396,2024-01-12,Prod_7,2,58.92,117.84,North,Online
1397,2024-01-12,Prod_4,1,18.5,18.5,West,Online
1398,2024-01-12,Prod_1,4,71.73,286.92,North,Online
1399,2024-01-12,Prod_4,4,38.15,152.6,West,Online
1400,2024-01-12,Prod_5,3,85.38,256.14,North,Online
1401,2024-01-12,Prod_6,4,31.14,124.56,South,Online
1402,2024-01-12,Prod_11,2,85.7,171.4,West,Online
1403,2024-01-12,Prod_12,4,28.24,112.96,North,Online
1404,2024-01-12,Prod_6,4,9.67,38.68,North,Online
1405,2024-01-12,Prod_11,4,20.46,81.84,South,Store
1406,2024-01-12,Prod_3,2,25.94,51.88,North,Online
1407,2024-01-12,Prod_7,2,87.87,175.74,East,Store
1408,2024-01-12,Prod_3,4,47.13,188.52,South,Store
1409,2024-01-12,Prod_2,1,80.33,80.33,West,Online
1410,2024-01-12,Prod_7,2,25.05,50.1,North,Online
1411,2024-01-12,Prod_4,2,88.63,177.26,West,Store
1412,2024-01-12,Prod_10,2,33.04,66.08,North,Online
1413,2024-01-12,Prod_1,4,45.19,180.76,North,Store
1414,2024-01-12,Prod_10,2,10.34,20.68,North,Store
1415,2024-01-12,Prod_7,4,26.04,104.16,West,Store
1416,2024-01-12,Prod_4,4,34.63,138.52,North,Store
1417,2024-01-12,Prod_9,2,70.8,141.6,West,Online
1418,2024-01-12,Prod_2,4,100.16,400.64,East,Online
1419,2024-01-12,Prod_1,4,57.11,228.44,East,Store
1420,2024-01-12,Prod_3,3,35.35,106.05,North,Online
1421,2024-01-12,Prod_5,3,56.0,168.0,East,Online
1422,2024-01-12,Prod_13,4,91.75,367.0,North,Store
1423,2024-01-12,Prod_5,3,57.69,173.07,North,Store
1424,2024-01-12,Prod_7,4,74.57,298.28,West,Store
1425,2024-01-12,Prod_6,2,66.63,133.26,South,Store
1426,2024-01-12,Prod_4,1,52.18,52.18,West,Online
1427,2024-01-12,Prod_8,4,47.36,189.44,West,Store
1428,2024-01-12,Prod_12,2,81.17,162.34,South,Store
1429,2024-01-12,Prod_5,3,86.81,260.43,North,Online
1430,2024-01-12,Prod_14,3,63.53,190.59,South,Online
1431,2024-01-12,Prod_7,2,88.18,176.36,North,Online
1432,2024-01-12,Prod_7,4,10.83,43.32,East,Online
1433,2024-01-12,Prod_8,4,81.88,327.52,West,Online
1434,2024-01-12,Prod_9,3,86.03,258.09,North,Online
1435,2024-01-12,Prod_7,1,97.06,97.06,East,Store
1436,2024-01-12,Prod_6,3,56.5,169.5,South,Online
1437,2024-01-12,Prod_1,3,26.15,78.45,West,Store
1438,2024-01-12,Prod_1,2,61.97,123.94,North,Store
1439,2024-01-12,Prod_3,4,95.58,382.32,South,Online
1440,2024-01-12,Prod_5,1,16.55,16.55,North,Online
1441,2024-01-12,Prod_1,4,14.04,56.16,North,Store
1442,2024-01-12,Prod_12,3,81.57,244.71,East,Store
1443,2024-01-12,Prod_5,3,57.6,172.8,East,Online
1444,2024-01-12,Prod_11,2,56.43,112.86,North,Store
1445,2024-01-12,Prod_12,2,22.59,45.18,North,Store
1446,2024-01-13,Prod_5,4,89.36,357.44,North,Store
1447,2024-01-13,Prod_11,1,32.58,32.58,East,Store
1448,2024-01-13,Prod_5,1,62.04,62.04,North,Online
1449,2024-01-13,Prod_5,2,65.98,131.96,East,Online
1450,2024-01-13,Prod_10,2,71.1,142.2,East,Online
1451,2024-01-13,Prod_11,4,50.86,203.44,North,Online
1452,2024-01-13,Prod_7,2,76.58,153.16,North,Store
1453,2024-01-13,Prod_7,2,78.24,156.48,South,Online
1454,2024-01-13,Prod_9,1,100.16,100.16,South,Online
1455,2024-01-13,Prod_10,3,77.06,231.18,North,Online
1456,2024-01-13,Prod_10,3,94.56,283.68,South,Online
1457,2024-01-13,Prod_8,4,53.8,215.2,North,Online
1458,2024-01-13,Prod_15,1,10.05,10.05,South,Store
1459,2024-01-13,Prod_2,3,14.05,42.15,East,Online
1460,2024-01-13,Prod_12,1,23.9,23.9,East,Online
1461,2024-01-13,Prod_15,2,49.16,98.32,West,Online
1462,2024-01-13,Prod_10,1,54.52,54.52,West,Store
1463,2024-01-13,Prod_14,2,31.27,62.54,North,Online
1464,2024-01-13,Prod_15,3,65.33,195.99,West,Store
1465,2024-01-13,Prod_4,1,73.71,73.71,West,Store
1466,2024-01-13,Prod_8,2,61.21,122.42,West,Online
1467,2024-01-13,Prod_4,4,106.63,426.52,West,Store
1468,2024-01-13,Prod_7,3,31.57,94.71,South,Online
1469,2024-01-13,Prod_12,1,56.02,56.02,East,Online
1470,2024-01-13,Prod_9,3,43.69,131.07,South,Online
1471,2024-01-13,Prod_12,2,88.8,177.6,South,Online
1472,2024-01-13,Prod_3,1,60.63,60.63,North,Online
1473,2024-01-13,Prod_12,1,70.31,70.31,North,Online
1474,2024-01-13,Prod_3,1,63.26,63.26,North,Store
1475,2024-01-13,Prod_1,1,64.62,64.62,South,Online
1476,2024-01-13,Prod_3,2,84.26,168.52,West,Online
1477,2024-01-13,Prod_2,3,96.87,290.61,South,Online
1478,2024-01-13,Prod_3,4,70.7,282.8,East,Online
1479,2024-01-13,Prod_4,4,59.94,239.76,South,Online
1480,2024-01-13,Prod_15,4,31.32,125.28,North,Online
1481,2024-01-13,Prod_6,2,7.75,15.5,South,Store
1482,2024-01-13,Prod_11,1,85.78,85.78,West,Store
1483,2024-01-13,Prod_10,1,52.13,52.13,East,Online
1484,2024-01-13,Prod_2,1,32.24,32.24,South,Online
1485,2024-01-13,Prod_1,1,85.32,85.32,West,Online
1486,2024-01-13,Prod_3,3,9.7,29.1,West,Store
1487,2024-01-13,Prod_14,3,82.49,247.47,West,Store
1488,2024-01-13,Prod_1,1,59.28,59.28,North,Store
1489,2024-01-13,Prod_15,1,68.4,68.4,South,Online
1490,2024-01-13,Prod_10,3,77.28,231.84,North,Store
1491,2024-01-13,Prod_3,1,52.88,52.88,South,Online
1492,2024-01-13,Prod_13,4,74.65,298.6,South,Online
1493,2024-01-14,Prod_6,1,50.07,50.07,West,Store
1494,2024-01-14,Prod_2,1,92.66,92.66,South,Store
1495,2024-01-14,Prod_12,1,66.77,66.77,West,Online
1496,2024-01-14,Prod_2,3,104.79,314.37,North,Online
1497,2024-01-14,Prod_11,3,44.27,132.81,North,Online
1498,2024-01-14,Prod_12,4,35.09,140.36,South,Store
1499,2024-01-14,Prod_11,3,92.06,276.18,South,Store
1500,2024-01-14,Prod_4,3,24.01,72.03,West,Online
1501,2024-01-14,Prod_5,1,22.51,22.51,East,Online
1502,2024-01-14,Prod_9,2,25.28,50.56,South,Online
1503,2024-01-14,Prod_9,3,38.57,115.71,North,Store
1504,2024-01-14,Prod_5,2,69.88,139.76,North,Online
1505,2024-01-14,Prod_7,1,49.37,49.37,South,Store
1506,2024-01-14,Prod_1,2,57.39,114.78,East,Online
1507,2024-01-14,Prod_10,3,39.76,119.28,South,Online
1508,2024-01-14,Prod_2,4,100.53,402.12,North,Store
1509,2024-01-14,Prod_4,4,40.06,160.24,West,Store
1510,2024-01-14,Prod_5,4,101.2,404.8,North,Online
1511,2024-01-14,Prod_15,3,23.94,71.82,South,Store
1512,2024-01-14,Prod_3,1,50.99,50.99,West,Online
1513,2024-01-14,Prod_1,2,99.91,199.82,South,Online
1514,2024-01-14,Prod_4,1,102.81,102.81,North,Online
1515,2024-01-14,Prod_1,1,47.25,47.25,West,Online
1516,2024-01-14,Prod_15,4,34.59,138.36,South,Store
1517,2024-01-14,Prod_3,2,34.55,69.1,West,Online
1518,2024-01-14,Prod_5,3,100.77,302.31,North,Online
1519,2024-01-14,Prod_3,1,45.22,45.22,North,Store
1520,2024-01-14,Prod_7,1,70.11,70.11,North,Online
1521,2024-01-14,Prod_7,2,74.09,148.18,South,Online
1522,2024-01-14,Prod_2,4,65.34,261.36,North,Store
1523,2024-01-14,Prod_7,2,9.7,19.4,South,Online
1524,2024-01-14,Prod_15,1,80.98,80.98,North,Store
1525,2024-01-14,Prod_14,4,67.62,270.48,East,Store
1526,2024-01-14,Prod_11,4,44.45,177.8,North,Online
1527,2024-01-14,Prod_13,3,21.9,65.7,East,Online
1528,2024-01-14,Prod_2,4,36.13,144.52,North,Online
1529,2024-01-14,Prod_12,1,34.02,34.02,North,Online
1530,2024-01-14,Prod_5,1,43.97,43.97,South,Online
1531,2024-01-14,Prod_6,2,14.52,29.04,North,Online
1532,2024-01-14,Prod_5,4,102.13,408.52,West,Online
1533,2024-01-14,Prod_12,3,37.89,113.67,West,Store
1534,2024-01-14,Prod_12,4,93.07,372.28,South,Store
1535,2024-01-14,Prod_11,4,41.3,165.2,West,Online
1536,2024-01-14,Prod_14,4,83.16,332.64,North,Store
1537,2024-01-14,Prod_3,1,81.17,81.17,West,Store
1538,2024-01-14,Prod_8,4,20.3,81.2,North,Online
1539,2024-01-14,Prod_13,1,47.58,47.58,North,Online
1540,2024-01-14,Prod_13,2,88.54,177.08,North,Store
1541,2024-01-14,Prod_14,2,41.14,82.28,South,Online
1542,2024-01-14,Prod_8,2,58.75,117.5,North,Online
1543,2024-01-14,Prod_10,3,46.27,138.81,West,Online
1544,2024-01-14,Prod_11,4,86.55,346.2,West,Store
1545,2024-01-14,Prod_3,1,58.01,58.01,North,Store
1546,2024-01-14,Prod_5,3,33.03,99.09,West,Online
1547,2024-01-14,Prod_6,3,74.5,223.5,North,Online
1548,2024-01-14,Prod_3,4,14.42,57.68,South,Online
1549,2024-01-14,Prod_2,3,22.27,66.81,West,Store
1550,2024-01-14,Prod_4,1,43.71,43.71,East,Store
1551,2024-01-15,Prod_7,2,15.89,31.78,West,Online
1552,2024-01-15,Prod_3,2,53.83,107.66,West,Online
1553,2024-01-15,Prod_14,4,98.32,393.28,West,Online
1554,2024-01-15,Prod_2,2,53.98,107.96,South,Online
1555,2024-01-15,Prod_6,3,30.06,90.18,East,Online
1556,2024-01-15,Prod_14,3,72.1,216.3,South,Store
1557,2024-01-15,Prod_1,2,97.24,194.48,East,Store
1558,2024-01-15,Prod_2,2,41.42,82.84,South,Online
1559,2024-01-15,Prod_3,2,13.76,27.52,South,Online
1560,2024-01-15,Prod_5,3,26.71,80.13,North,Store
1561,2024-01-15,Prod_6,2,38.81,77.62,South,Store
1562,2024-01-15,Prod_6,1,61.81,61.81,West,Online
1563,2024-01-15,Prod_6,1,81.4,81.4,North,Online
1564,2024-01-15,Prod_14,4,103.74,414.96,South,Online
1565,2024-01-15,Prod_11,2,24.02,48.04,West,Online
1566,2024-01-15,Prod_9,1,94.59,94.59,East,Store
1567,2024-01-15,Prod_11,2,92.03,184.06,West,Online
1568,2024-01-15,Prod_12,1,28.55,28.55,West,Store
1569,2024-01-15,Prod_9,2,29.87,59.74,South,Store
1570,2024-01-15,Prod_7,2,14.89,29.78,West,Store
1571,2024-01-15,Prod_4,1,40.77,40.77,West,Store
1572,2024-01-15,Prod_3,3,37.22,111.66,North,Online
1573,2024-01-15,Prod_10,1,11.1,11.1,North,Store
1574,2024-01-15,Prod_11,4,83.87,335.48,South,Online
1575,2024-01-15,Prod_15,4,40.84,163.36,South,Online
1576,2024-01-15,Prod_7,2,91.32,182.64,West,Online
1577,2024-01-15,Prod_9,2,29.17,58.34,South,Online
1578,2024-01-15,Prod_6,2,78.59,157.18,South,Store
1579,2024-01-15,Prod_3,4,14.36,57.44,South,Online
1580,2024-01-15,Prod_1,2,100.67,201.34,North,Online
1581,2024-01-15,Prod_4,1,60.31,60.31,East,Online
1582,2024-01-15,Prod_9,2,25.17,50.34,South,Store
1583,2024-01-15,Prod_13,1,40.11,40.11,East,Online
1584,2024-01-15,Prod_14,2,16.57,33.14,East,Online
1585,2024-01-15,Prod_3,1,14.31,14.31,West,Store
1586,2024-01-15,Prod_11,1,14.26,14.26,North,Store
1587,2024-01-15,Prod_2,3,63.09,189.27,South,Store
1588,2024-01-15,Prod_4,4,60.56,242.24,West,Online
1589,2024-01-15,Prod_8,3,15.92,47.76,South,Store
1590,2024-01-16,Prod_2,3,76.1,228.3,North,Online
1591,2024-01-16,Prod_1,2,56.54,113.08,South,Online
1592,2024-01-16,Prod_11,2,35.83,71.66,South,Online
1593,2024-01-16,Prod_13,4,62.2,248.8,North,Store
1594,2024-01-16,Prod_15,4,32.57,130.28,North,Online
1595,2024-01-16,Prod_2,1,83.41,83.41,West,Online
1596,2024-01-16,Prod_6,3,12.83,38.49,East,Store
1597,2024-01-16,Prod_13,2,6.04,12.08,East,Store
1598,2024-01-16,Prod_15,2,28.0,56.0,North,Online
1599,2024-01-16,Prod_10,3,82.27,246.81,West,Store
1600,2024-01-16,Prod_6,4,29.49,117.96,East,Online
1601,2024-01-16,Prod_14,2,98.53,197.06,East,Store
1602,2024-01-16,Prod_8,2,62.06,124.12,South,Online
1603,2024-01-16,Prod_6,1,56.13,56.13,North,Store
1604,2024-01-16,Prod_12,1,26.81,26.81,West,Online
1605,2024-01-16,Prod_3,4,76.94,307.76,North,Store
1606,2024-01-16,Prod_13,3,76.95,230.85,West,Store
1607,2024-01-16,Prod_14,3,40.63,121.89,East,Store
1608,2024-01-16,Prod_1,3,70.11,210.33,South,Store
1609,2024-01-16,Prod_6,4,21.24,84.96,North,Online
1610,2024-01-16,Prod_6,2,60.3,120.6,North,Online
1611,2024-01-16,Prod_13,3,60.59,181.77,East,Store
1612,2024-01-16,Prod_3,3,83.07,249.21,East,Online
1613,2024-01-16,Prod_1,3,16.61,49.83,North,Online
1614,2024-01-16,Prod_15,4,74.51,298.04,North,Online
1615,2024-01-16,Prod_3,1,77.73,77.73,West,Online
1616,2024-01-16,Prod_15,3,42.17,126.51,South,Store
1617,2024-01-16,Prod_1,3,56.38,169.14,South,Online
1618,2024-01-16,Prod_12,1,26.34,26.34,South,Store
1619,2024-01-16,Prod_6,3,28.31,84.93,North,Online
1620,2024-01-16,Prod_1,4,43.42,173.68,West,Store
1621,2024-01-16,Prod_9,1,69.82,69.82,West,Online
1622,2024-01-16,Prod_3,1,95.71,95.71,West,Online
1623,2024-01-16,Prod_15,3,30.12,90.36,West,Online
1624,2024-01-16,Prod_3,1,72.89,72.89,West,Store
1625,2024-01-16,Prod_11,2,17.07,34.14,West,Store
1626,2024-01-16,Prod_1,3,68.02,204.06,South,Online
1627,2024-01-16,Prod_14,1,19.19,19.19,North,Store
1628,2024-01-16,Prod_6,1,27.54,27.54,South,Online
1629,2024-01-16,Prod_6,1,59.52,59.52,South,Store
1630,2024-01-16,Prod_5,4,22.34,89.36,West,Store
1631,2024-01-16,Prod_15,4,69.97,279.88,East,Store
1632,2024-01-16,Prod_8,3,12.57,37.71,West,Online
1633,2024-01-16,Prod_3,4,43.84,175.36,North,Online
1634,2024-01-16,Prod_5,3,49.51,148.53,South,Online
1635,2024-01-16,Prod_3,3,43.65,130.95,West,Online
1636,2024-01-16,Prod_10,2,34.93,69.86,South,Online
1637,2024-01-16,Prod_2,3,101.25,303.75,North,Store
1638,2024-01-16,Prod_15,1,34.93,34.93,South,Online
1639,2024-01-16,Prod_13,3,69.44,208.32,East,Online
1640,2024-01-16,Prod_11,3,49.63,148.89,North,Online
1641,2024-01-16,Prod_7,3,100.58,301.74,North,Online
1642,2024-01-16,Prod_10,4,85.54,342.16,South,Store
1643,2024-01-17,Prod_11,4,23.62,94.48,West,Online
1644,2024-01-17,Prod_13,2,12.29,24.58,North,Online
1645,2024-01-17,Prod_13,3,36.76,110.28,North,Online
1646,2024-01-17,Prod_7,1,78.93,78.93,West,Store
1647,2024-01-17,Prod_7,4,34.06,136.24,West,Online
1648,2024-01-17,Prod_2,2,100.54,201.08,West,Online
1649,2024-01-17,Prod_7,4,49.39,197.56,West,Online
1650,2024-01-17,Prod_11,1,70.35,70.35,North,Store
1651,2024-01-17,Prod_3,1,92.23,92.23,West,Online
1652,2024-01-17,Prod_6,2,31.76,63.52,South,Online
1653,2024-01-17,Prod_12,2,86.19,172.38,West,Store
1654,2024-01-17,Prod_13,4,26.69,106.76,West,Online
1655,2024-01-17,Prod_15,1,63.24,63.24,South,Online
1656,2024-01-17,Prod_7,3,13.83,41.49,South,Store
1657,2024-01-17,Prod_4,3,62.49,187.47,South,Online
1658,2024-01-17,Prod_10,3,85.18,255.54,North,Store
1659,2024-01-17,Prod_4,4,67.61,270.44,West,Online
1660,2024-01-17,Prod_12,4,77.29,309.16,West,Store
1661,2024-01-17,Prod_14,1,104.34,104.34,South,Store
1662,2024-01-17,Prod_13,2,48.02,96.04,West,Online
1663,2024-01-17,Prod_12,2,18.06,36.12,North,Store
1664,2024-01-17,Prod_9,3,49.44,148.32,North,Online
1665,2024-01-17,Prod_6,3,91.04,273.12,North,Online
1666,2024-01-17,Prod_13,2,63.36,126.72,South,Online
1667,2024-01-17,Prod_8,2,66.29,132.58,South,Online
1668,2024-01-17,Prod_8,4,81.84,327.36,South,Store
1669,2024-01-17,Prod_13,3,19.58,58.74,East,Online
1670,2024-01-17,Prod_13,4,27.68,110.72,East,Online
1671,2024-01-17,Prod_12,2,98.12,196.24,South,Store
1672,2024-01-17,Prod_8,1,94.11,94.11,North,Store
1673,2024-01-18,Prod_9,1,49.36,49.36,West,Store
1674,2024-01-18,Prod_11,3,48.85,146.55,West,Store
1675,2024-01-18,Prod_1,2,91.79,183.58,North,Online
1676,2024-01-18,Prod_9,3,104.34,313.02,North,Online
1677,2024-01-18,Prod_13,1,86.75,86.75,North,Online
1678,2024-01-18,Prod_8,4,12.15,48.6,East,Online
1679,2024-01-18,Prod_14,4,43.75,175.0,South,Online
1680,2024-01-18,Prod_4,3,87.55,262.65,North,Online
1681,2024-01-18,Prod_8,4,11.26,45.04,North,Online
1682,2024-01-18,Prod_1,2,32.84,65.68,South,Online
1683,2024-01-18,Prod_1,3,74.14,222.42,East,Online
1684,2024-01-18,Prod_5,4,24.62,98.48,West,Online
1685,2024-01-18,Prod_8,4,30.6,122.4,North,Online
1686,2024-01-18,Prod_15,1,31.4,31.4,East,Store
1687,2024-01-18,Prod_2,1,94.8,94.8,West,Store
1688,2024-01-18,Prod_8,3,75.04,225.12,South,Store
1689,2024-01-18,Prod_12,4,17.55,70.2,South,Online
1690,2024-01-18,Prod_9,4,54.3,217.2,East,Store
1691,2024-01-18,Prod_13,4,20.37,81.48,West,Store
1692,2024-01-18,Prod_3,1,79.64,79.64,South,Store
1693,2024-01-18,Prod_9,3,36.68,110.04,North,Online
1694,2024-01-18,Prod_12,1,68.59,68.59,South,Online
1695,2024-01-18,Prod_12,3,73.25,219.75,South,Store
1696,2024-01-18,Prod_7,2,85.41,170.82,North,Store
1697,2024-01-18,Prod_4,4,93.43,373.72,East,Store
1698,2024-01-18,Prod_13,2,69.55,139.1,West,Store
1699,2024-01-18,Prod_1,2,12.82,25.64,East,Online
1700,2024-01-18,Prod_5,1,39.23,39.23,East,Online
1701,2024-01-18,Prod_14,1,14.27,14.27,West,Store
1702,2024-01-18,Prod_7,1,8.69,8.69,East,Online
1703,2024-01-18,Prod_12,3,49.29,147.87,West,Online
1704,2024-01-18,Prod_11,3,17.14,51.42,West,Store
1705,2024-01-18,Prod_14,3,54.2,162.6,North,Store
1706,2024-01-18,Prod_8,3,32.09,96.27,South,Online
1707,2024-01-18,Prod_4,4,77.97,311.88,East,Store
1708,2024-01-18,Prod_8,2,46.31,92.62,North,Store
1709,2024-01-18,Prod_6,2,47.63,95.26,North,Online
1710,2024-01-18,Prod_6,3,28.09,84.27,North,Store
1711,2024-01-18,Prod_11,2,48.12,96.24,South,Store
1712,2024-01-18,Prod_7,2,78.01,156.02,West,Store
1713,2024-01-18,Prod_15,2,81.04,162.08,South,Online
1714,2024-01-18,Prod_11,3,42.18,126.54,North,Online
1715,2024-01-18,Prod_13,1,43.99,43.99,East,Store
1716,2024-01-18,Prod_4,1,72.04,72.04,South,Online
1717,2024-01-18,Prod_7,1,17.26,17.26,North,Online
1718,2024-01-18,Prod_3,2,58.26,116.52,North,Online
1719,2024-01-18,Prod_3,1,60.22,60.22,South,Online
1720,2024-01-18,Prod_5,1,10.3,10.3,West,Online
1721,2024-01-18,Prod_11,1,25.92,25.92,West,Store
1722,2024-01-18,Prod_10,3,100.74,302.22,North,Store
1723,2024-01-18,Prod_7,1,65.19,65.19,South,Online
1724,2024-01-18,Prod_7,4,20.18,80.72,West,Online
1725,2024-01-18,Prod_11,3,103.95,311.85,North,Store
1726,2024-01-18,Prod_6,3,72.92,218.76,North,Online
1727,2024-01-18,Prod_3,3,51.34,154.02,North,Online
1728,2024-01-18,Prod_4,4,16.27,65.08,East,Store
1729,2024-01-18,Prod_9,1,27.3,27.3,East,Online
1730,2024-01-18,Prod_3,3,72.98,218.94,East,Online
1731,2024-01-18,Prod_6,3,62.46,187.38,North,Online
1732,2024-01-19,Prod_14,4,54.82,219.28,South,Online
1733,2024-01-19,Prod_11,4,13.06,52.24,West,Online
1734,2024-01-19,Prod_4,1,29.02,29.02,North,Online
1735,2024-01-19,Prod_13,1,80.84,80.84,West,Store
1736,2024-01-19,Prod_5,4,81.79,327.16,North,Store
1737,2024-01-19,Prod_3,4,39.96,159.84,North,Online
1738,2024-01-19,Prod_8,2,97.83,195.66,West,Store
1739,2024-01-19,Prod_4,4,69.26,277.04,North,Online
1740,2024-01-19,Prod_2,2,37.93,75.86,East,Online
1741,2024-01-19,Prod_5,2,69.83,139.66,North,Store
1742,2024-01-19,Prod_8,4,88.86,355.44,East,Store
1743,2024-01-19,Prod_8,1,94.13,94.13,East,Online
1744,2024-01-19,Prod_11,3,69.59,208.77,North,Online
1745,2024-01-19,Prod_2,2,63.14,126.28,North,Store
1746,2024-01-19,Prod_1,3,85.08,255.24,South,Online
1747,2024-01-19,Prod_12,4,52.92,211.68,East,Online
1748,2024-01-19,Prod_9,4,21.32,85.28,West,Online
1749,2024-01-19,Prod_15,2,80.84,161.68,North,Store
1750,2024-01-19,Prod_4,3,23.52,70.56,North,Store
1751,2024-01-19,Prod_9,2,96.48,192.96,West,Store
1752,2024-01-19,Prod_5,3,75.35,226.05,West,Online
1753,2024-01-19,Prod_5,3,30.29,90.87,South,Store
1754,2024-01-19,Prod_5,3,62.22,186.66,South,Online
1755,2024-01-19,Prod_8,2,92.67,185.34,East,Online
1756,2024-01-19,Prod_5,2,14.12,28.24,North,Online
1757,2024-01-19,Prod_12,1,75.08,75.08,East,Online
1758,2024-01-19,Prod_15,2,70.38,140.76,South,Store
1759,2024-01-19,Prod_3,3,50.5,151.5,East,Store
1760,2024-01-19,Prod_12,1,69.04,69.04,West,Online
1761,2024-01-19,Prod_7,1,15.27,15.27,East,Store
1762,2024-01-19,Prod_14,3,57.08,171.24,East,Online
1763,2024-01-19,Prod_10,4,32.64,130.56,East,Online
1764,2024-01-19,Prod_4,1,96.87,96.87,South,Online
1765,2024-01-19,Prod_4,4,30.28,121.12,East,Online
1766,2024-01-19,Prod_7,2,97.58,195.16,West,Store
1767,2024-01-19,Prod_1,1,93.15,93.15,South,Store
1768,2024-01-19,Prod_14,1,35.39,35.39,North,Online
1769,2024-01-19,Prod_10,1,81.19,81.19,West,Online
1770,2024-01-19,Prod_10,4,50.09,200.36,South,Store
1771,2024-01-19,Prod_4,2,100.03,200.06,West,Store
1772,2024-01-19,Prod_14,1,14.51,14.51,North,Online
1773,2024-01-19,Prod_7,3,22.14,66.42,West,Online
1774,2024-01-19,Prod_4,1,85.28,85.28,East,Store
1775,2024-01-19,Prod_15,3,71.41,214.23,North,Store
1776,2024-01-19,Prod_5,2,32.24,64.48,East,Store
1777,2024-01-19,Prod_5,1,68.08,68.08,North,Store
1778,2024-01-19,Prod_7,4,31.92,127.68,North,Online
1779,2024-01-19,Prod_5,4,51.15,204.6,North,Online
1780,2024-01-20,Prod_5,3,20.24,60.72,East,Store
1781,2024-01-20,Prod_2,2,96.61,193.22,North,Online
1782,2024-01-20,Prod_5,3,80.3,240.9,West,Online
1783,2024-01-20,Prod_2,4,46.77,187.08,South,Online
1784,2024-01-20,Prod_7,4,12.05,48.2,West,Store
1785,2024-01-20,Prod_1,3,74.61,223.83,West,Online
1786,2024-01-20,Prod_6,1,62.86,62.86,South,Online
1787,2024-01-20,Prod_6,1,37.52,37.52,North,Online
1788,2024-01-20,Prod_12,4,37.65,150.6,West,Store
1789,2024-01-20,Prod_15,1,77.92,77.92,East,Store
1790,2024-01-20,Prod_4,1,30.91,30.91,North,Store
1791,2024-01-20,Prod_5,4,71.84,287.36,East,Store
1792,2024-01-20,Prod_8,3,14.82,44.46,West,Online
1793,2024-01-20,Prod_11,1,60.19,60.19,West,Online
1794,2024-01-20,Prod_13,2,21.51,43.02,North,Online
1795,2024-01-20,Prod_15,3,92.09,276.27,North,Online
1796,2024-01-20,Prod_5,1,10.55,10.55,East,Store
1797,2024-01-20,Prod_4,3,49.87,149.61,East,Online
1798,2024-01-20,Prod_9,1,100.52,100.52,West,Store
1799,2024-01-20,Prod_13,4,66.69,266.76,West,Online
1800,2024-01-20,Prod_2,1,16.94,16.94,North,Online
1801,2024-01-20,Prod_10,2,73.62,147.24,West,Online
1802,2024-01-20,Prod_11,1,83.05,83.05,South,Online
1803,2024-01-20,Prod_13,2,36.41,72.82,North,Store
1804,2024-01-20,Prod_1,4,73.08,292.32,North,Store
1805,2024-01-20,Prod_15,3,28.51,85.53,East,Online
1806,2024-01-20,Prod_3,2,18.65,37.3,South,Online
1807,2024-01-20,Prod_8,1,23.59,23.59,West,Online
1808,2024-01-20,Prod_4,2,43.6,87.2,West,Online
1809,2024-01-20,Prod_11,4,40.49,161.96,North,Online
1810,2024-01-20,Prod_5,2,84.18,168.36,West,Online
1811,2024-01-20,Prod_2,4,63.54,254.16,North,Online
1812,2024-01-20,Prod_11,1,88.38,88.38,North,Online
1813,2024-01-21,Prod_9,1,19.54,19.54,East,Online
1814,2024-01-21,Prod_1,1,39.18,39.18,North,Online
1815,2024-01-21,Prod_8,4,101.4,405.6,North,Store
1816,2024-01-21,Prod_12,2,68.96,137.92,East,Store
1817,2024-01-21,Prod_9,3,57.93,173.79,South,Online
1818,2024-01-21,Prod_13,4,68.14,272.56,North,Online
1819,2024-01-21,Prod_2,1,29.12,29.12,East,Store
1820,2024-01-21,Prod_2,1,19.57,19.57,South,Online
1821,2024-01-21,Prod_7,3,61.01,183.03,South,Online
1822,2024-01-21,Prod_11,1,83.85,83.85,South,Online
1823,2024-01-21,Prod_15,1,99.54,99.54,South,Online
1824,2024-01-21,Prod_1,4,75.28,301.12,North,Online
1825,2024-01-21,Prod_15,1,66.96,66.96,North,Store
1826,2024-01-21,Prod_1,4,58.88,235.52,East,Online
1827,2024-01-21,Prod_15,2,80.06,160.12,North,Online
1828,2024-01-21,Prod_1,4,8.18,32.72,South,Store
1829,2024-01-21,Prod_5,1,65.41,65.41,West,Online
1830,2024-01-21,Prod_13,1,53.11,53.11,North,Store
1831,2024-01-21,Prod_13,2,7.49,14.98,North,Online
1832,2024-01-21,Prod_5,1,57.84,57.84,West,Online
1833,2024-01-21,Prod_6,4,38.31,153.24,West,Online
1834,2024-01-21,Prod_8,1,58.78,58.78,East,Store
1835,2024-01-21,Prod_2,1,84.52,84.52,South,Online
1836,2024-01-21,Prod_9,3,15.68,47.04,South,Online
1837,2024-01-21,Prod_2,2,64.26,128.52,South,Store
1838,2024-01-21,Prod_6,1,36.22,36.22,South,Online
1839,2024-01-21,Prod_11,4,41.9,167.6,South,Store
1840,2024-01-21,Prod_9,2,24.83,49.66,South,Store
1841,2024-01-21,Prod_10,3,88.24,264.72,North,Online
1842,2024-01-21,Prod_1,3,7.96,23.88,West,Online
1843,2024-01-22,Prod_5,4,35.24,140.96,West,Store
1844,2024-01-22,Prod_10,3,26.25,78.75,East,Online
1845,2024-01-22,Prod_15,4,51.73,206.92,North,Online
1846,2024-01-22,Prod_6,3,98.54,295.62,North,Store
1847,2024-01-22,Prod_13,4,12.1,48.4,North,Store
1848,2024-01-22,Prod_8,3,17.54,52.62,West,Online
1849,2024-01-22,Prod_8,4,94.41,377.64,West,Online
1850,2024-01-22,Prod_6,2,54.07,108.14,North,Store
1851,2024-01-22,Prod_15,1,58.56,58.56,North,Online
1852,2024-01-22,Prod_10,1,65.9,65.9,West,Online
1853,2024-01-22,Prod_1,4,88.77,355.08,South,Store
1854,2024-01-22,Prod_2,2,25.65,51.3,South,Online
1855,2024-01-22,Prod_14,4,97.81,391.24,West,Online
1856,2024-01-22,Prod_3,3,101.54,304.62,North,Online
1857,2024-01-22,Prod_3,3,39.23,117.69,South,Online
1858,2024-01-22,Prod_9,3,37.08,111.24,North,Online
1859,2024-01-22,Prod_14,2,93.5,187.0,South,Store
1860,2024-01-22,Prod_11,4,43.17,172.68,West,Store
1861,2024-01-22,Prod_13,3,5.09,15.27,North,Store
1862,2024-01-22,Prod_10,4,96.07,384.28,West,Online
1863,2024-01-22,Prod_2,4,53.86,215.44,West,Online
1864,2024-01-22,Prod_6,2,77.38,154.76,West,Store
1865,2024-01-22,Prod_6,2,35.48,70.96,West,Online
1866,2024-01-22,Prod_8,2,63.47,126.94,South,Online
1867,2024-01-22,Prod_11,2,90.54,181.08,West,Store
1868,2024-01-22,Prod_5,3,50.0,150.0,East,Store
1869,2024-01-22,Prod_14,3,76.5,229.5,East,Store
1870,2024-01-22,Prod_5,3,27.82,83.46,South,Online
1871,2024-01-22,Prod_15,1,91.32,91.32,East,Online
1872,2024-01-22,Prod_9,4,80.12,320.48,West,Online
1873,2024-01-22,Prod_7,4,45.33,181.32,East,Online
1874,2024-01-22,Prod_10,3,75.23,225.69,East,Online
1875,2024-01-22,Prod_7,4,70.73,282.92,North,Store
1876,2024-01-22,Prod_10,3,100.85,302.55,West,Store
1877,2024-01-22,Prod_14,4,67.9,271.6,North,Online
1878,2024-01-22,Prod_13,4,54.48,217.92,West,Online
1879,2024-01-23,Prod_6,4,47.07,188.28,North,Online
1880,2024-01-23,Prod_8,2,57.02,114.04,North,Online
1881,2024-01-23,Prod_13,1,20.62,20.62,East,Store
1882,2024-01-23,Prod_8,3,67.26,201.78,North,Online
1883,2024-01-23,Prod_4,2,64.69,129.38,West,Online
1884,2024-01-23,Prod_14,1,54.74,54.74,South,Store
1885,2024-01-23,Prod_5,1,88.94,88.94,West,Online
1886,2024-01-23,Prod_2,2,60.33,120.66,North,Store
1887,2024-01-23,Prod_6,4,93.96,375.84,East,Online
1888,2024-01-23,Prod_8,3,58.87,176.61,West,Online
1889,2024-01-23,Prod_11,2,89.16,178.32,West,Online
1890,2024-01-23,Prod_15,3,39.14,117.42,West,Online
1891,2024-01-23,Prod_13,1,47.34,47.34,South,Online
1892,2024-01-23,Prod_5,1,32.38,32.38,East,Online
1893,2024-01-23,Prod_13,1,80.24,80.24,South,Store
1894,2024-01-23,Prod_12,2,84.07,168.14,South,Online
1895,2024-01-23,Prod_14,3,37.8,113.4,West,Online
1896,2024-01-23,Prod_12,1,16.25,16.25,North,Store
1897,2024-01-23,Prod_13,3,88.87,266.61,West,Online
1898,2024-01-23,Prod_14,3,22.35,67.05,South,Online
1899,2024-01-23,Prod_5,2,8.38,16.76,North,Online
1900,2024-01-23,Prod_15,3,31.45,94.35,East,Online
1901,2024-01-23,Prod_3,3,92.57,277.71,East,Store
1902,2024-01-23,Prod_10,2,22.18,44.36,South,Store
1903,2024-01-23,Prod_6,3,32.36,97.08,South,Store
1904,2024-01-23,Prod_10,2,60.26,120.52,West,Store
1905,2024-01-23,Prod_11,4,30.03,120.12,North,Store
1906,2024-01-23,Prod_10,3,46.49,139.47,East,Online
1907,2024-01-23,Prod_9,3,32.58,97.74,West,Online
1908,2024-01-23,Prod_13,3,7.87,23.61,West,Online
1909,2024-01-23,Prod_5,2,79.81,159.62,South,Online
1910,2024-01-23,Prod_1,2,88.62,177.24,North,Online
1911,2024-01-23,Prod_4,4,32.3,129.2,South,Online
1912,2024-01-23,Prod_5,3,47.62,142.86,West,Online
1913,2024-01-23,Prod_3,1,94.29,94.29,West,Store
1914,2024-01-23,Prod_4,2,52.88,105.76,North,Online
1915,2024-01-23,Prod_4,4,67.7,270.8,South,Store
1916,2024-01-23,Prod_6,3,38.86,116.58,West,Store
1917,2024-01-23,Prod_5,2,62.29,124.58,North,Online
1918,2024-01-23,Prod_5,1,24.25,24.25,South,Online
1919,2024-01-23,Prod_12,1,16.98,16.98,South,Store
1920,2024-01-23,Prod_3,3,44.23,132.69,North,Store
1921,2024-01-23,Prod_10,3,58.54,175.62,West,Online
1922,2024-01-24,Prod_5,2,12.5,25.0,North,Online
1923,2024-01-24,Prod_12,4,31.19,124.76,East,Store
1924,2024-01-24,Prod_9,1,26.54,26.54,South,Store
1925,2024-01-24,Prod_13,2,74.75,149.5,West,Store
1926,2024-01-24,Prod_15,4,81.66,326.64,West,Store
1927,2024-01-24,Prod_6,3,82.17,246.51,West,Online
1928,2024-01-24,Prod_3,3,56.92,170.76,West,Online
1929,2024-01-24,Prod_11,4,87.94,351.76,West,Online
1930,2024-01-24,Prod_9,3,83.91,251.73,West,Store
1931,2024-01-24,Prod_7,3,61.02,183.06,North,Store
1932,2024-01-24,Prod_4,2,81.85,163.7,West,Online
1933,2024-01-24,Prod_10,1,24.95,24.95,West,Online
1934,2024-01-24,Prod_1,1,75.12,75.12,North,Store
1935,2024-01-24,Prod_12,2,27.03,54.06,North,Online
1936,2024-01-24,Prod_12,2,79.37,158.74,South,Online
1937,2024-01-24,Prod_8,2,37.42,74.84,West,Online
1938,2024-01-24,Prod_3,4,39.06,156.24,North,Online
1939,2024-01-24,Prod_13,1,80.05,80.05,South,Online
1940,2024-01-24,Prod_4,3,72.91,218.73,West,Store
1941,2024-01-24,Prod_7,3,83.69,251.07,West,Online
1942,2024-01-24,Prod_8,3,18.43,55.29,West,Store
1943,2024-01-24,Prod_10,1,86.43,86.43,West,Online
1944,2024-01-24,Prod_6,3,94.15,282.45,West,Online
1945,2024-01-25,Prod_6,3,27.05,81.15,South,Online
1946,2024-01-25,Prod_11,4,65.42,261.68,East,Store
1947,2024-01-25,Prod_3,2,47.45,94.9,North,Online
1948,2024-01-25,Prod_12,2,37.68,75.36,North,Online
1949,2024-01-25,Prod_4,1,76.28,76.28,East,Store
1950,2024-01-25,Prod_3,2,61.94,123.88,North,Online
1951,2024-01-25,Prod_12,1,48.93,48.93,South,Online
1952,2024-01-25,Prod_1,1,72.15,72.15,West,Store
1953,2024-01-25,Prod_5,2,59.14,118.28,North,Store
1954,2024-01-25,Prod_10,2,32.72,65.44,South,Store
1955,2024-01-25,Prod_9,3,57.21,171.63,East,Online
1956,2024-01-25,Prod_10,3,34.58,103.74,South,Store
1957,2024-01-25,Prod_8,4,86.53,346.12,North,Store
1958,2024-01-25,Prod_1,4,69.0,276.0,East,Store
1959,2024-01-25,Prod_10,4,76.57,306.28,East,Online
1960,2024-01-25,Prod_8,1,51.28,51.28,North,Online
1961,2024-01-25,Prod_5,4,65.37,261.48,North,Store
1962,2024-01-25,Prod_6,1,73.09,73.09,North,Online
1963,2024-01-25,Prod_7,4,70.21,280.84,South,Store
1964,2024-01-25,Prod_1,3,60.56,181.68,North,Store
1965,2024-01-25,Prod_5,3,43.21,129.63,North,Online
1966,2024-01-25,Prod_8,4,105.91,423.64,South,Online
1967,2024-01-25,Prod_2,1,12.9,12.9,South,Store
1968,2024-01-25,Prod_15,3,77.72,233.16,South,Store
1969,2024-01-25,Prod_14,1,103.75,103.75,West,Store
1970,2024-01-25,Prod_1,2,20.53,41.06,East,Online
1971,2024-01-25,Prod_4,3,100.84,302.52,East,Online
1972,2024-01-25,Prod_8,1,23.68,23.68,North,Online
1973,2024-01-25,Prod_7,3,72.96,218.88,South,Online
1974,2024-01-25,Prod_13,3,82.23,246.69,West,Online
1975,2024-01-25,Prod_11,3,60.57,181.71,South,Store
1976,2024-01-25,Prod_13,2,42.61,85.22,South,Online
1977,2024-01-25,Prod_6,4,68.74,274.96,South,Online
1978,2024-01-25,Prod_9,4,44.87,179.48,West,Online
1979,2024-01-25,Prod_14,2,60.98,121.96,West,Online
1980,2024-01-25,Prod_9,1,62.49,62.49,East,Online
1981,2024-01-25,Prod_14,3,57.22,171.66,North,Online
1982,2024-01-25,Prod_1,2,54.28,108.56,North,Online
1983,2024-01-25,Prod_10,4,25.13,100.52,East,Online
1984,2024-01-25,Prod_3,1,27.93,27.93,North,Store
1985,2024-01-25,Prod_14,4,50.42,201.68,West,Store
1986,2024-01-25,Prod_5,4,14.55,58.2,East,Store
1987,2024-01-25,Prod_11,1,22.07,22.07,South,Online
1988,2024-01-25,Prod_15,3,76.01,228.03,North,Online
1989,2024-01-25,Prod_2,2,58.31,116.62,North,Online
1990,2024-01-25,Prod_2,1,101.62,101.62,North,Online
1991,2024-01-25,Prod_3,3,15.25,45.75,North,Online
1992,2024-01-25,Prod_3,3,54.88,164.64,East,Online
1993,2024-01-25,Prod_3,3,63.22,189.66,North,Online
1994,2024-01-25,Prod_7,1,26.91,26.91,South,Store
1995,2024-01-25,Prod_2,2,104.06,208.12,South,Online
1996,2024-01-25,Prod_15,4,32.58,130.32,North,Online
1997,2024-01-25,Prod_5,4,40.27,161.08,North,Store
1998,2024-01-25,Prod_7,2,86.93,173.86,North,Online
1999,2024-01-25,Prod_6,3,53.05,159.15,North,Online
2000,2024-01-25,Prod_3,1,33.06,33.06,North,Store
2001,2024-01-25,Prod_10,3,60.69,182.07,South,Online
2002,2024-01-26,Prod_13,2,13.34,26.68,East,Online
2003,2024-01-26,Prod_15,1,39.91,39.91,West,Store
2004,2024-01-26,Prod_4,4,74.94,299.76,East,Online
2005,2024-01-26,Prod_10,4,55.53,222.12,South,Store
2006,2024-01-26,Prod_4,3,24.78,74.34,South,Online
2007,2024-01-26,Prod_13,4,40.99,163.96,West,Online
2008,2024-01-26,Prod_8,4,23.85,95.4,West,Online
2009,2024-01-26,Prod_8,2,33.94,67.88,North,Online
2010,2024-01-26,Prod_2,3,101.21,303.63,East,Online
2011,2024-01-26,Prod_8,2,89.68,179.36,West,Online
2012,2024-01-26,Prod_5,4,45.54,182.16,West,Store
2013,2024-01-26,Prod_12,3,23.35,70.05,East,Online
2014,2024-01-26,Prod_3,4,34.72,138.88,East,Store
2015,2024-01-26,Prod_14,1,47.32,47.32,East,Online
2016,2024-01-26,Prod_15,1,12.76,12.76,South,Store
2017,2024-01-26,Prod_7,3,20.84,62.52,South,Online
2018,2024-01-26,Prod_6,2,75.28,150.56,South,Online
2019,2024-01-26,Prod_14,4,61.23,244.92,East,Online
2020,2024-01-26,Prod_11,1,21.59,21.59,West,Store
2021,2024-01-26,Prod_7,1,26.83,26.83,South,Online
2022,2024-01-26,Prod_3,3,73.24,219.72,West,Online
2023,2024-01-27,Prod_10,2,36.05,72.1,West,Online
2024,2024-01-27,Prod_9,4,81.15,324.6,West,Online
2025,2024-01-27,Prod_11,2,90.64,181.28,West,Online
2026,2024-01-27,Prod_5,2,33.45,66.9,East,Store
2027,2024-01-27,Prod_12,4,53.94,215.76,West,Store
2028,2024-01-27,Prod_5,3,44.6,133.8,West,Online
2029,2024-01-27,Prod_14,1,55.53,55.53,West,Store
2030,2024-01-27,Prod_8,3,70.55,211.65,South,Online
2031,2024-01-27,Prod_11,1,13.94,13.94,South,Store
2032,2024-01-27,Prod_8,4,86.59,346.36,South,Online
2033,2024-01-27,Prod_11,4,48.38,193.52,South,Online
2034,2024-01-27,Prod_1,1,72.59,72.59,South,Online
2035,2024-01-27,Prod_1,4,58.09,232.36,South,Online
2036,2024-01-27,Prod_4,3,13.6,40.8,West,Online
2037,2024-01-27,Prod_9,3,31.7,95.1,South,Online
2038,2024-01-27,Prod_7,3,43.65,130.95,East,Online
2039,2024-01-27,Prod_13,3,43.39,130.17,South,Online
2040,2024-01-27,Prod_1,4,74.15,296.6,West,Online
2041,2024-01-27,Prod_15,3,62.78,188.34,East,Store
2042,2024-01-27,Prod_12,4,93.39,373.56,East,Online
2043,2024-01-27,Prod_10,4,53.01,212.04,West,Store
2044,2024-01-27,Prod_11,3,24.72,74.16,North,Online
2045,2024-01-27,Prod_2,1,79.75,79.75,East,Store
2046,2024-01-27,Prod_2,4,60.32,241.28,North,Store
2047,2024-01-27,Prod_5,3,17.72,53.16,North,Store
2048,2024-01-27,Prod_3,4,66.37,265.48,East,Store
2049,2024-01-27,Prod_2,1,16.85,16.85,South,Online
2050,2024-01-27,Prod_3,4,41.89,167.56,South,Online
2051,2024-01-27,Prod_11,3,29.62,88.86,East,Online
2052,2024-01-27,Prod_9,1,77.03,77.03,North,Online
2053,2024-01-27,Prod_15,3,24.52,73.56,North,Store
2054,2024-01-27,Prod_6,3,22.76,68.28,East,Online
2055,2024-01-27,Prod_10,3,10.11,30.33,East,Store
2056,2024-01-27,Prod_15,3,26.33,78.99,South,Store
2057,2024-01-27,Prod_2,2,73.25,146.5,West,Store
2058,2024-01-27,Prod_9,1,60.34,60.34,East,Online
2059,2024-01-27,Prod_8,2,12.97,25.94,North,Store
2060,2024-01-27,Prod_13,2,19.23,38.46,North,Online
2061,2024-01-27,Prod_6,1,12.71,12.71,North,Online
2062,2024-01-27,Prod_13,3,31.51,94.53,West,Store
2063,2024-01-27,Prod_15,2,87.61,175.22,East,Online
2064,2024-01-27,Prod_5,2,85.47,170.94,West,Store
2065,2024-01-27,Prod_7,3,51.46,154.38,West,Store
2066,2024-01-28,Prod_2,1,15.0,15.0,South,Store
2067,2024-01-28,Prod_14,2,76.5,153.0,North,Online
2068,2024-01-28,Prod_2,3,23.33,69.99,West,Online
2069,2024-01-28,Prod_14,4,30.56,122.24,West,Store
2070,2024-01-28,Prod_3,1,14.2,14.2,North,Online
2071,2024-01-28,Prod_8,4,49.28,197.12,South,Online
2072,2024-01-28,Prod_15,3,75.37,226.11,South,Store
2073,2024-01-28,Prod_3,4,41.28,165.12,North,Online
2074,2024-01-28,Prod_6,3,38.7,116.1,West,Store
2075,2024-01-28,Prod_1,3,82.81,248.43,North,Store
2076,2024-01-28,Prod_5,1,66.87,66.87,West,Store
2077,2024-01-28,Prod_1,4,44.71,178.84,West,Online
2078,2024-01-28,Prod_1,3,12.6,37.8,North,Online
2079,2024-01-28,Prod_5,1,78.44,78.44,West,Store
2080,2024-01-28,Prod_15,1,99.27,99.27,North,Online
2081,2024-01-28,Prod_1,4,13.68,54.72,North,Online
2082,2024-01-28,Prod_12,3,85.1,255.3,North,Online
2083,2024-01-28,Prod_11,3,34.26,102.78,East,Store
2084,2024-01-28,Prod_15,4,93.33,373.32,South,Store
2085,2024-01-28,Prod_9,1,18.49,18.49,East,Online
2086,2024-01-28,Prod_8,4,76.7,306.8,West,Online
2087,2024-01-28,Prod_11,2,82.46,164.92,North,Online
2088,2024-01-28,Prod_14,3,102.99,308.97,East,Online
2089,2024-01-28,Prod_6,2,61.93,123.86,North,Online
2090,2024-01-28,Prod_1,2,18.29,36.58,South,Online
2091,2024-01-28,Prod_15,3,26.12,78.36,East,Online
2092,2024-01-28,Prod_11,4,14.49,57.96,South,Online
2093,2024-01-28,Prod_5,1,52.8,52.8,West,Store
2094,2024-01-28,Prod_8,2,25.65,51.3,East,Online
2095,2024-01-28,Prod_9,1,84.23,84.23,South,Store
2096,2024-01-28,Prod_1,2,48.71,97.42,North,Store
2097,2024-01-28,Prod_6,1,79.94,79.94,West,Store
2098,2024-01-28,Prod_8,1,36.95,36.95,South,Online
2099,2024-01-28,Prod_9,4,47.68,190.72,West,Online
2100,2024-01-28,Prod_8,2,15.97,31.94,East,Online
2101,2024-01-28,Prod_10,2,80.65,161.3,South,Online
2102,2024-01-28,Prod_5,1,56.51,56.51,South,Online
2103,2024-01-28,Prod_8,3,32.7,98.1,East,Online
2104,2024-01-28,Prod_9,1,25.12,25.12,North,Online
2105,2024-01-28,Prod_15,2,95.69,191.38,West,Online
2106,2024-01-28,Prod_12,3,61.9,185.7,West,Online
2107,2024-01-28,Prod_5,2,36.67,73.34,North,Online
2108,2024-01-28,Prod_3,4,94.64,378.56,North,Online
2109,2024-01-28,Prod_11,2,58.49,116.98,East,Online
2110,2024-01-28,Prod_2,4,103.5,414.0,East,Store
2111,2024-01-28,Prod_5,3,39.76,119.28,North,Online
2112,2024-01-28,Prod_5,1,86.33,86.33,South,Online
2113,2024-01-28,Prod_6,2,98.09,196.18,North,Online
2114,2024-01-28,Prod_9,1,74.56,74.56,West,Online
2115,2024-01-28,Prod_2,4,37.47,149.88,East,Online
2116,2024-01-28,Prod_15,2,72.18,144.36,South,Online
2117,2024-01-28,Prod_10,4,99.16,396.64,South,Store
2118,2024-01-28,Prod_14,4,32.94,131.76,West,Online
2119,2024-01-28,Prod_5,4,18.65,74.6,North,Online
2120,2024-01-28,Prod_15,3,90.79,272.37,West,Online
2121,2024-01-28,Prod_1,2,40.97,81.94,South,Online
2122,2024-01-28,Prod_4,4,86.2,344.8,North,Online
2123,2024-01-28,Prod_12,3,51.74,155.22,North,Online
2124,2024-01-28,Prod_12,2,25.83,51.66,West,Online
2125,2024-01-29,Prod_9,4,95.36,381.44,North,Online
2126,2024-01-29,Prod_8,1,51.97,51.97,North,Store
2127,2024-01-29,Prod_5,4,16.05,64.2,South,Store
2128,2024-01-29,Prod_4,4,82.67,330.68,East,Store
2129,2024-01-29,Prod_13,4,27.26,109.04,East,Store
2130,2024-01-29,Prod_11,3,74.13,222.39,South,Online
2131,2024-01-29,Prod_5,1,71.29,71.29,West,Online
2132,2024-01-29,Prod_2,1,15.62,15.62,North,Store
2133,2024-01-29,Prod_6,3,39.77,119.31,North,Store
2134,2024-01-29,Prod_8,1,79.94,79.94,North,Online
2135,2024-01-29,Prod_4,2,13.15,26.3,East,Online
2136,2024-01-29,Prod_11,1,85.13,85.13,East,Online
2137,2024-01-29,Prod_12,2,102.06,204.12,North,Online
2138,2024-01-29,Prod_11,4,27.24,108.96,East,Store
2139,2024-01-29,Prod_13,1,57.61,57.61,East,Online
2140,2024-01-29,Prod_1,1,22.46,22.46,South,Store
2141,2024-01-29,Prod_14,4,88.03,352.12,North,Online
2142,2024-01-29,Prod_3,3,72.4,217.2,West,Store
2143,2024-01-29,Prod_2,3,74.84,224.52,West,Online
2144,2024-01-29,Prod_15,2,71.16,142.32,West,Online
2145,2024-01-29,Prod_14,4,79.33,317.32,North,Online
2146,2024-01-29,Prod_8,1,52.29,52.29,North,Online
2147,2024-01-29,Prod_15,1,69.19,69.19,West,Store
2148,2024-01-29,Prod_6,2,72.49,144.98,South,Store
2149,2024-01-29,Prod_10,4,17.11,68.44,West,Store
2150,2024-01-29,Prod_4,2,77.14,154.28,South,Online
2151,2024-01-29,Prod_5,3,20.92,62.76,South,Online
2152,2024-01-29,Prod_5,3,28.46,85.38,West,Store
2153,2024-01-29,Prod_8,4,21.38,85.52,East,Store
2154,2024-01-29,Prod_14,4,28.54,114.16,North,Online
2155,2024-01-29,Prod_5,1,38.97,38.97,North,Store
2156,2024-01-29,Prod_7,4,38.33,153.32,East,Online
2157,2024-01-29,Prod_1,4,26.06,104.24,North,Online
2158,2024-01-29,Prod_4,2,38.93,77.86,West,Store
2159,2024-01-29,Prod_1,1,36.45,36.45,South,Store
2160,2024-01-29,Prod_4,3,24.99,74.97,North,Online
2161,2024-01-29,Prod_13,4,88.8,355.2,North,Online
2162,2024-01-29,Prod_14,2,75.18,150.36,West,Online
2163,2024-01-29,Prod_3,1,63.03,63.03,South,Store
2164,2024-01-29,Prod_2,4,94.12,376.48,North,Online
2165,2024-01-29,Prod_6,2,9.32,18.64,North,Store
2166,2024-01-29,Prod_5,3,18.58,55.74,North,Online
2167,2024-01-29,Prod_3,4,97.69,390.76,North,Store
2168,2024-01-29,Prod_14,2,104.71,209.42,South,Online
2169,2024-01-29,Prod_12,2,89.37,178.74,East,Online
2170,2024-01-29,Prod_7,3,75.07,225.21,West,Online
2171,2024-01-29,Prod_4,2,51.02,102.04,South,Online
2172,2024-01-29,Prod_11,4,104.86,419.44,South,Online
2173,2024-01-29,Prod_12,4,20.72,82.88,North,Online
2174,2024-01-29,Prod_6,3,21.9,65.7,South,Store
2175,2024-01-30,Prod_7,1,64.13,64.13,West,Online
2176,2024-01-30,Prod_1,1,39.75,39.75,East,Online
2177,2024-01-30,Prod_6,1,48.45,48.45,South,Online
2178,2024-01-30,Prod_15,3,16.67,50.01,South,Store
2179,2024-01-30,Prod_4,2,70.49,140.98,South,Online
2180,2024-01-30,Prod_7,4,38.61,154.44,North,Store
2181,2024-01-30,Prod_6,3,70.77,212.31,North,Online
2182,2024-01-30,Prod_5,3,27.9,83.7,North,Store
2183,2024-01-30,Prod_6,2,12.8,25.6,North,Online
2184,2024-01-30,Prod_9,3,94.54,283.62,North,Online
2185,2024-01-30,Prod_4,3,47.59,142.77,South,Store
2186,2024-01-30,Prod_4,3,52.44,157.32,West,Online
2187,2024-01-30,Prod_14,4,57.66,230.64,South,Store
2188,2024-01-30,Prod_13,3,46.65,139.95,North,Store
2189,2024-01-30,Prod_2,3,31.36,94.08,East,Store
2190,2024-01-30,Prod_4,2,13.42,26.84,South,Online
2191,2024-01-30,Prod_12,1,48.91,48.91,North,Online
2192,2024-01-30,Prod_12,3,37.32,111.96,West,Store
2193,2024-01-30,Prod_4,3,104.86,314.58,West,Online
2194,2024-01-30,Prod_11,3,25.0,75.0,East,Online
2195,2024-01-30,Prod_13,1,31.05,31.05,West,Online
2196,2024-01-30,Prod_4,1,30.82,30.82,South,Store
2197,2024-01-30,Prod_9,4,53.5,214.0,North,Online
2198,2024-01-30,Prod_5,2,85.4,170.8,East,Online
2199,2024-01-30,Prod_11,3,53.44,160.32,East,Online
2200,2024-01-30,Prod_4,3,61.23,183.69,West,Online
2201,2024-01-30,Prod_1,1,29.46,29.46,South,Online
2202,2024-01-30,Prod_14,3,77.88,233.64,North,Store
2203,2024-01-30,Prod_6,3,45.07,135.21,South,Online
2204,2024-01-30,Prod_15,2,84.75,169.5,West,Online
2205,2024-01-30,Prod_2,2,75.82,151.64,East,Online
2206,2024-01-30,Prod_11,4,19.0,76.0,North,Online
2207,2024-01-30,Prod_13,1,88.5,88.5,South,Online
2208,2024-01-30,Prod_11,2,49.51,99.02,South,Online
2209,2024-01-30,Prod_2,3,23.98,71.94,West,Online
2210,2024-01-30,Prod_6,3,82.53,247.59,North,Online
2211,2024-01-30,Prod_2,4,54.99,219.96,East,Online
2212,2024-01-31,Prod_5,4,92.19,368.76,North,Store
2213,2024-01-31,Prod_8,4,21.95,87.8,North,Online
2214,2024-01-31,Prod_10,1,67.36,67.36,South,Online
2215,2024-01-31,Prod_7,3,61.52,184.56,South,Online
2216,2024-01-31,Prod_11,4,76.64,306.56,South,Online
2217,2024-01-31,Prod_4,3,69.7,209.1,East,Online
2218,2024-01-31,Prod_3,3,88.32,264.96,North,Store
2219,2024-01-31,Prod_13,4,99.97,399.88,North,Online
2220,2024-01-31,Prod_6,2,31.53,63.06,East,Online
2221,2024-01-31,Prod_7,1,54.11,54.11,West,Store
2222,2024-01-31,Prod_4,3,40.41,121.23,North,Store
2223,2024-01-31,Prod_8,1,65.36,65.36,West,Online
2224,2024-01-31,Prod_11,1,32.59,32.59,North,Online
2225,2024-01-31,Prod_11,1,101.41,101.41,South,Store
2226,2024-01-31,Prod_6,2,69.45,138.9,West,Online
2227,2024-01-31,Prod_12,4,23.29,93.16,North,Store
2228,2024-01-31,Prod_6,3,38.43,115.29,North,Online
2229,2024-01-31,Prod_8,2,38.24,76.48,West,Store
2230,2024-01-31,Prod_11,3,35.84,107.52,East,Online
2231,2024-01-31,Prod_12,4,76.81,307.24,East,Online
2232,2024-01-31,Prod_6,2,11.07,22.14,East,Store
2233,2024-01-31,Prod_13,4,81.06,324.24,East,Store
2234,2024-01-31,Prod_8,4,76.66,306.64,North,Store
2235,2024-01-31,Prod_10,3,100.16,300.48,North,Online
2236,2024-01-31,Prod_4,2,36.08,72.16,South,Store
2237,2024-01-31,Prod_13,1,20.11,20.11,South,Online
2238,2024-01-31,Prod_3,1,8.88,8.88,South,Online
2239,2024-01-31,Prod_4,3,72.02,216.06,East,Online
2240,2024-01-31,Prod_1,1,89.92,89.92,East,Online
2241,2024-01-31,Prod_5,1,27.79,27.79,West,Store
2242,2024-01-31,Prod_7,1,27.27,27.27,South,Online
2243,2024-01-31,Prod_14,1,41.62,41.62,East,Online
2244,2024-01-31,Prod_5,1,17.79,17.79,North,Store
2245,2024-01-31,Prod_14,2,43.76,87.52,East,Online
2246,2024-01-31,Prod_11,4,56.76,227.04,South,Store
2247,2024-01-31,Prod_3,2,70.98,141.96,West,Online
2248,2024-01-31,Prod_4,4,54.76,219.04,West,Store
2249,2024-01-31,Prod_1,4,45.27,181.08,North,Online
2250,2024-01-31,Prod_11,1,80.99,80.99,North,Online
2251,2024-01-31,Prod_4,4,59.24,236.96,East,Online
2252,2024-01-31,Prod_8,3,90.79,272.37,West,Store
2253,2024-01-31,Prod_14,2,67.87,135.74,South,Online
2254,2024-02-01,Prod_11,3,14.43,43.29,North,Store
2255,2024-02-01,Prod_2,1,60.86,60.86,East,Online
2256,2024-02-01,Prod_6,4,24.06,96.24,West,Store
2257,2024-02-01,Prod_2,1,25.32,25.32,South,Online
2258,2024-02-01,Prod_7,1,100.89,100.89,North,Store
2259,2024-02-01,Prod_15,1,103.12,103.12,North,Online
2260,2024-02-01,Prod_8,3,22.43,67.29,West,Online
2261,2024-02-01,Prod_1,3,59.22,177.66,East,Online
2262,2024-02-01,Prod_9,1,27.31,27.31,South,Online
2263,2024-02-01,Prod_4,4,61.73,246.92,East,Online
2264,2024-02-01,Prod_6,2,53.8,107.6,North,Online
2265,2024-02-01,Prod_4,2,61.04,122.08,West,Online
2266,2024-02-01,Prod_6,2,20.2,40.4,South,Store
2267,2024-02-01,Prod_13,1,60.23,60.23,South,Online
2268,2024-02-01,Prod_13,4,44.29,177.16,West,Online
2269,2024-02-01,Prod_12,4,35.59,142.36,South,Store
2270,2024-02-01,Prod_13,2,39.61,79.22,West,Online
2271,2024-02-01,Prod_1,3,68.13,204.39,West,Store
2272,2024-02-01,Prod_4,3,40.98,122.94,North,Store
2273,2024-02-01,Prod_12,4,50.8,203.2,North,Online
2274,2024-02-01,Prod_9,3,91.48,274.44,North,Store
2275,2024-02-01,Prod_12,4,96.92,387.68,North,Store
2276,2024-02-01,Prod_3,3,80.84,242.52,North,Online
2277,2024-02-01,Prod_11,3,41.15,123.45,South,Online
2278,2024-02-01,Prod_12,3,11.98,35.94,South,Online
2279,2024-02-01,Prod_12,4,100.78,403.12,North,Online
2280,2024-02-01,Prod_10,1,52.39,52.39,West,Online
2281,2024-02-01,Prod_8,1,14.79,14.79,North,Store
2282,2024-02-01,Prod_11,3,65.48,196.44,South,Store
2283,2024-02-01,Prod_4,2,92.32,184.64,West,Online
2284,2024-02-01,Prod_9,4,38.3,153.2,East,Online
2285,2024-02-01,Prod_15,2,30.65,61.3,North,Online
2286,2024-02-01,Prod_7,2,62.01,124.02,South,Online
2287,2024-02-01,Prod_15,4,99.25,397.0,North,Online
2288,2024-02-01,Prod_10,3,76.68,230.04,South,Store
2289,2024-02-01,Prod_4,1,44.52,44.52,East,Store
2290,2024-02-01,Prod_11,4,16.45,65.8,North,Online
2291,2024-02-01,Prod_4,1,13.41,13.41,South,Online
2292,2024-02-01,Prod_7,3,42.57,127.71,North,Store
2293,2024-02-01,Prod_6,1,88.29,88.29,North,Online
2294,2024-02-01,Prod_7,4,60.39,241.56,East,Store
2295,2024-02-01,Prod_12,1,72.12,72.12,West,Store
2296,2024-02-01,Prod_11,2,44.73,89.46,West,Online
2297,2024-02-01,Prod_15,2,26.35,52.7,North,Online
2298,2024-02-01,Prod_6,1,7.87,7.87,North,Store
2299,2024-02-02,Prod_2,3,53.86,161.58,North,Store
2300,2024-02-02,Prod_2,4,49.45,197.8,South,Online
2301,2024-02-02,Prod_14,3,37.82,113.46,North,Online
2302,2024-02-02,Prod_1,2,16.38,32.76,North,Online
2303,2024-02-02,Prod_9,4,25.08,100.32,North,Online
2304,2024-02-02,Prod_7,1,82.02,82.02,West,Online
2305,2024-02-02,Prod_4,2,80.69,161.38,East,Online
2306,2024-02-02,Prod_7,2,47.57,95.14,East,Online
2307,2024-02-02,Prod_2,4,40.06,160.24,North,Online
2308,2024-02-02,Prod_5,4,56.39,225.56,North,Online
2309,2024-02-02,Prod_10,3,52.53,157.59,North,Online
2310,2024-02-02,Prod_13,1,76.41,76.41,West,Store
2311,2024-02-02,Prod_13,2,45.53,91.06,North,Store
2312,2024-02-02,Prod_7,2,20.71,41.42,West,Online
2313,2024-02-02,Prod_9,2,43.15,86.3,West,Store
2314,2024-02-02,Prod_1,1,97.85,97.85,West,Store
2315,2024-02-02,Prod_8,4,47.28,189.12,West,Online
2316,2024-02-02,Prod_13,4,21.89,87.56,East,Store
2317,2024-02-02,Prod_11,2,105.69,211.38,South,Online
2318,2024-02-02,Prod_5,4,82.57,330.28,East,Online
2319,2024-02-02,Prod_2,3,42.55,127.65,South,Store
2320,2024-02-02,Prod_10,2,79.43,158.86,East,Store
2321,2024-02-02,Prod_11,3,36.92,110.76,North,Online
2322,2024-02-02,Prod_4,1,81.97,81.97,South,Online
2323,2024-02-02,Prod_10,2,101.88,203.76,North,Online
2324,2024-02-02,Prod_10,4,47.41,189.64,North,Online
2325,2024-02-03,Prod_5,3,40.78,122.34,South,Online
2326,2024-02-03,Prod_2,4,49.65,198.6,South,Online
2327,2024-02-03,Prod_12,3,90.06,270.18,North,Online
2328,2024-02-03,Prod_8,1,68.22,68.22,West,Online
2329,2024-02-03,Prod_3,2,80.75,161.5,East,Online
2330,2024-02-03,Prod_7,1,39.99,39.99,West,Store
2331,2024-02-03,Prod_11,3,90.8,272.4,North,Online
2332,2024-02-03,Prod_11,1,94.53,94.53,East,Online
2333,2024-02-03,Prod_6,1,74.72,74.72,East,Store
2334,2024-02-03,Prod_12,1,94.76,94.76,West,Store
2335,2024-02-03,Prod_10,3,92.91,278.73,West,Online
2336,2024-02-03,Prod_5,2,42.55,85.1,West,Store
2337,2024-02-03,Prod_1,1,20.51,20.51,West,Store
2338,2024-02-03,Prod_7,4,46.65,186.6,West,Store
2339,2024-02-03,Prod_1,2,20.81,41.62,West,Online
2340,2024-02-03,Prod_9,3,73.77,221.31,East,Online
2341,2024-02-03,Prod_12,3,28.56,85.68,West,Online
2342,2024-02-03,Prod_13,3,79.42,238.26,North,Online
2343,2024-02-03,Prod_1,4,15.17,60.68,North,Online
2344,2024-02-03,Prod_5,4,61.38,245.52,South,Store
2345,2024-02-03,Prod_1,2,48.2,96.4,South,Online
2346,2024-02-03,Prod_5,2,73.34,146.68,North,Store
2347,2024-02-03,Prod_4,1,49.5,49.5,North,Online
2348,2024-02-03,Prod_6,3,39.69,119.07,North,Online
2349,2024-02-03,Prod_8,4,36.43,145.72,West,Online
2350,2024-02-03,Prod_9,1,81.09,81.09,South,Online
2351,2024-02-03,Prod_2,4,25.04,100.16,South,Online
2352,2024-02-03,Prod_15,2,84.62,169.24,North,Store
2353,2024-02-03,Prod_2,3,101.31,303.93,West,Store
2354,2024-02-03,Prod_3,3,41.94,125.82,South,Store
2355,2024-02-03,Prod_5,2,77.51,155.02,North,Store
2356,2024-02-04,Prod_4,1,27.78,27.78,North,Store
2357,2024-02-04,Prod_15,1,80.18,80.18,West,Online
2358,2024-02-04,Prod_13,1,38.44,38.44,South,Online
2359,2024-02-04,Prod_13,1,59.57,59.57,East,Online
2360,2024-02-04,Prod_1,4,57.39,229.56,North,Store
2361,2024-02-04,Prod_14,2,16.04,32.08,East,Online
2362,2024-02-04,Prod_3,1,78.29,78.29,North,Store
2363,2024-02-04,Prod_2,1,24.43,24.43,South,Online
2364,2024-02-04,Prod_12,2,13.98,27.96,West,Online
2365,2024-02-04,Prod_10,4,19.19,76.76,North,Online
2366,2024-02-04,Prod_11,3,106.89,320.67,North,Online
2367,2024-02-04,Prod_9,2,46.78,93.56,West,Store
2368,2024-02-04,Prod_6,4,19.6,78.4,South,Store
2369,2024-02-04,Prod_14,3,73.01,219.03,North,Online
2370,2024-02-04,Prod_5,2,31.8,63.6,West,Online
2371,2024-02-04,Prod_13,1,29.22,29.22,North,Online
2372,2024-02-04,Prod_1,3,66.47,199.41,West,Online
2373,2024-02-04,Prod_2,1,49.0,49.0,West,Online
2374,2024-02-04,Prod_3,2,59.03,118.06,South,Online
2375,2024-02-04,Prod_2,2,104.21,208.42,North,Online
2376,2024-02-04,Prod_2,2,65.17,130.34,South,Online
2377,2024-02-04,Prod_3,1,71.98,71.98,North,Store
2378,2024-02-04,Prod_7,4,24.83,99.32,West,Store
2379,2024-02-04,Prod_5,3,87.94,263.82,South,Online
2380,2024-02-04,Prod_6,2,77.46,154.92,North,Store
2381,2024-02-04,Prod_13,2,5.1,10.2,West,Online
2382,2024-02-04,Prod_6,1,62.99,62.99,East,Online
2383,2024-02-04,Prod_9,1,71.06,71.06,East,Online
2384,2024-02-04,Prod_15,4,16.11,64.44,South,Online
2385,2024-02-04,Prod_5,1,91.51,91.51,South,Online
2386,2024-02-04,Prod_10,2,21.18,42.36,West,Online
2387,2024-02-04,Prod_11,3,28.59,85.77,West,Online
2388,2024-02-04,Prod_2,3,25.84,77.52,North,Store
2389,2024-02-04,Prod_10,1,8.78,8.78,South,Store
2390,2024-02-04,Prod_3,4,20.18,80.72,West,Store
2391,2024-02-04,Prod_5,1,79.45,79.45,East,Online
2392,2024-02-04,Prod_13,3,73.11,219.33,East,Store
2393,2024-02-04,Prod_5,1,35.99,35.99,South,Store
2394,2024-02-04,Prod_9,2,87.16,174.32,East,Online
2395,2024-02-05,Prod_14,3,70.19,210.57,West,Online
2396,2024-02-05,Prod_3,3,53.12,159.36,South,Online
2397,2024-02-05,Prod_5,4,94.49,377.96,South,Online
2398,2024-02-05,Prod_2,1,67.81,67.81,South,Store
2399,2024-02-05,Prod_10,1,74.53,74.53,North,Store
2400,2024-02-05,Prod_7,3,27.55,82.65,South,Store
2401,2024-02-05,Prod_15,3,16.53,49.59,South,Online
2402,2024-02-05,Prod_9,3,70.38,211.14,North,Store
2403,2024-02-05,Prod_6,3,79.03,237.09,North,Online
2404,2024-02-05,Prod_4,2,30.08,60.16,South,Online
2405,2024-02-05,Prod_13,1,68.53,68.53,North,Store
2406,2024-02-05,Prod_8,1,64.46,64.46,South,Store
2407,2024-02-05,Prod_10,4,42.68,170.72,East,Online
2408,2024-02-05,Prod_12,3,15.72,47.16,South,Online
2409,2024-02-05,Prod_15,4,52.27,209.08,East,Online
2410,2024-02-05,Prod_6,2,25.28,50.56,West,Store
2411,2024-02-05,Prod_3,1,78.94,78.94,South,Online
2412,2024-02-05,Prod_5,3,20.35,61.05,North,Store
2413,2024-02-05,Prod_15,2,94.73,189.46,East,Store
2414,2024-02-05,Prod_15,3,92.54,277.62,South,Online
2415,2024-02-05,Prod_4,3,98.86,296.58,North,Online
2416,2024-02-05,Prod_5,4,43.15,172.6,West,Online
2417,2024-02-05,Prod_13,1,60.48,60.48,South,Online
2418,2024-02-05,Prod_12,1,26.55,26.55,West,Store
2419,2024-02-05,Prod_4,3,23.03,69.09,South,Store
2420,2024-02-05,Prod_3,3,35.65,106.95,North,Store
2421,2024-02-05,Prod_11,4,17.1,68.4,West,Online
2422,2024-02-05,Prod_13,1,77.07,77.07,South,Online
2423,2024-02-05,Prod_13,4,84.73,338.92,North,Store
2424,2024-02-05,Prod_9,4,64.3,257.2,West,Store
2425,2024-02-05,Prod_10,1,25.84,25.84,West,Store
2426,2024-02-05,Prod_2,1,20.53,20.53,West,Online
2427,2024-02-05,Prod_5,1,92.44,92.44,West,Store
2428,2024-02-05,Prod_12,3,38.64,115.92,West,Online
2429,2024-02-05,Prod_3,2,92.21,184.42,East,Store
2430,2024-02-05,Prod_12,1,98.47,98.47,East,Store
2431,2024-02-05,Prod_1,4,43.17,172.68,East,Store
2432,2024-02-06,Prod_12,2,72.61,145.22,North,Online
2433,2024-02-06,Prod_14,4,102.02,408.08,West,Online
2434,2024-02-06,Prod_15,4,82.17,328.68,West,Online
2435,2024-02-06,Prod_6,2,19.57,39.14,South,Online
2436,2024-02-06,Prod_10,1,14.6,14.6,West,Store
2437,2024-02-06,Prod_1,2,51.65,103.3,South,Online
2438,2024-02-06,Prod_14,4,43.4,173.6,East,Store
2439,2024-02-06,Prod_10,1,30.07,30.07,South,Online
2440,2024-02-06,Prod_14,2,77.24,154.48,South,Store
2441,2024-02-06,Prod_1,4,101.57,406.28,West,Online
2442,2024-02-06,Prod_2,1,34.14,34.14,East,Store
2443,2024-02-06,Prod_13,4,82.12,328.48,South,Store
2444,2024-02-06,Prod_13,1,17.58,17.58,North,Store
2445,2024-02-06,Prod_11,1,61.34,61.34,West,Store
2446,2024-02-06,Prod_10,3,46.32,138.96,East,Store
2447,2024-02-06,Prod_6,3,54.33,162.99,East,Store
2448,2024-02-06,Prod_9,4,17.94,71.76,West,Online
2449,2024-02-06,Prod_13,4,69.51,278.04,East,Online
2450,2024-02-06,Prod_2,3,39.52,118.56,North,Online
2451,2024-02-06,Prod_12,2,74.11,148.22,West,Store
2452,2024-02-06,Prod_7,1,40.79,40.79,North,Store
2453,2024-02-06,Prod_3,3,57.91,173.73,West,Store
2454,2024-02-06,Prod_4,4,44.62,178.48,East,Online
2455,2024-02-06,Prod_5,1,91.03,91.03,South,Online
2456,2024-02-06,Prod_2,1,46.81,46.81,South,Online
2457,2024-02-06,Prod_3,3,51.92,155.76,West,Store
2458,2024-02-06,Prod_9,4,21.51,86.04,West,Store
2459,2024-02-06,Prod_4,4,15.25,61.0,North,Online
2460,2024-02-06,Prod_13,3,60.23,180.69,South,Online
2461,2024-02-06,Prod_13,4,62.16,248.64,North,Store
2462,2024-02-06,Prod_4,3,76.94,230.82,South,Store
2463,2024-02-06,Prod_12,2,20.19,40.38,North,Store
2464,2024-02-06,Prod_11,3,23.35,70.05,North,Online
2465,2024-02-06,Prod_5,1,65.7,65.7,North,Store
2466,2024-02-06,Prod_8,4,40.6,162.4,North,Store
2467,2024-02-06,Prod_5,3,54.79,164.37,North,Online
2468,2024-02-06,Prod_15,2,90.06,180.12,North,Store
2469,2024-02-06,Prod_3,4,57.19,228.76,West,Online
2470,2024-02-06,Prod_9,3,23.08,69.24,West,Online
2471,2024-02-06,Prod_12,4,87.16,348.64,North,Online
2472,2024-02-06,Prod_1,4,51.16,204.64,West,Store
2473,2024-02-06,Prod_12,1,35.76,35.76,North,Store
2474,2024-02-06,Prod_10,3,57.26,171.78,North,Online
2475,2024-02-06,Prod_2,3,86.8,260.4,West,Store
2476,2024-02-06,Prod_9,1,56.25,56.25,North,Store
2477,2024-02-06,Prod_5,4,61.34,245.36,North,Store
2478,2024-02-06,Prod_5,3,91.36,274.08,North,Store
2479,2024-02-06,Prod_13,3,34.4,103.2,North,Online
2480,2024-02-06,Prod_4,1,35.78,35.78,South,Store
2481,2024-02-06,Prod_9,4,77.81,311.24,East,Online
2482,2024-02-06,Prod_13,2,8.54,17.08,North,Online
2483,2024-02-06,Prod_13,3,40.0,120.0,East,Online
2484,2024-02-06,Prod_11,1,55.51,55.51,North,Online
2485,2024-02-06,Prod_7,1,57.87,57.87,North,Store
2486,2024-02-07,Prod_5,2,9.37,18.74,North,Online
2487,2024-02-07,Prod_3,2,73.97,147.94,North,Store
2488,2024-02-07,Prod_3,2,66.98,133.96,West,Online
2489,2024-02-07,Prod_6,1,56.87,56.87,West,Store
2490,2024-02-07,Prod_11,1,83.79,83.79,South,Online
2491,2024-02-07,Prod_1,3,54.58,163.74,South,Store
2492,2024-02-07,Prod_10,2,70.37,140.74,South,Online
2493,2024-02-07,Prod_7,2,96.25,192.5,South,Online
2494,2024-02-07,Prod_8,3,102.52,307.56,West,Online
2495,2024-02-07,Prod_2,2,66.16,132.32,West,Store
2496,2024-02-07,Prod_6,4,49.27,197.08,North,Online
2497,2024-02-07,Prod_9,1,17.79,17.79,South,Store
2498,2024-02-07,Prod_15,4,84.37,337.48,West,Store
2499,2024-02-07,Prod_15,3,10.96,32.88,East,Online
2500,2024-02-07,Prod_11,1,26.86,26.86,West,Store
2501,2024-02-07,Prod_11,4,105.0,420.0,West,Online
2502,2024-02-07,Prod_10,4,86.67,346.68,West,Online
2503,2024-02-07,Prod_11,1,99.76,99.76,North,Online
2504,2024-02-07,Prod_1,2,18.82,37.64,North,Store
2505,2024-02-07,Prod_6,4,92.67,370.68,North,Online
2506,2024-02-07,Prod_13,2,48.07,96.14,North,Store
2507,2024-02-07,Prod_13,4,55.23,220.92,South,Online
2508,2024-02-07,Prod_9,1,37.29,37.29,South,Online
2509,2024-02-07,Prod_3,3,88.66,265.98,North,Online
2510,2024-02-07,Prod_6,1,18.75,18.75,East,Store
2511,2024-02-07,Prod_2,4,71.34,285.36,South,Online
2512,2024-02-07,Prod_14,2,41.58,83.16,West,Online
2513,2024-02-07,Prod_12,1,35.44,35.44,North,Store
2514,2024-02-07,Prod_2,1,12.22,12.22,North,Store
2515,2024-02-07,Prod_2,3,70.46,211.38,South,Online
2516,2024-02-07,Prod_2,4,29.23,116.92,North,Online
2517,2024-02-07,Prod_10,1,16.1,16.1,West,Online
2518,2024-02-07,Prod_2,1,44.12,44.12,East,Online
2519,2024-02-07,Prod_1,1,65.54,65.54,East,Store
2520,2024-02-07,Prod_11,2,18.18,36.36,South,Store
2521,2024-02-07,Prod_6,1,58.52,58.52,North,Store
2522,2024-02-07,Prod_5,4,48.81,195.24,West,Store
2523,2024-02-07,Prod_1,1,41.93,41.93,East,Online
2524,2024-02-07,Prod_8,2,35.81,71.62,West,Online
2525,2024-02-07,Prod_2,4,47.74,190.96,North,Store
2526,2024-02-07,Prod_7,1,11.31,11.31,South,Store
2527,2024-02-07,Prod_3,2,14.3,28.6,South,Online
2528,2024-02-07,Prod_15,1,60.81,60.81,North,Online
2529,2024-02-07,Prod_5,3,76.89,230.67,North,Online
2530,2024-02-07,Prod_13,1,95.9,95.9,North,Online
2531,2024-02-08,Prod_7,3,20.89,62.67,North,Store
2532,2024-02-08,Prod_3,2,69.77,139.54,West,Online
2533,2024-02-08,Prod_10,3,76.65,229.95,West,Store
2534,2024-02-08,Prod_14,1,36.89,36.89,South,Online
2535,2024-02-08,Prod_6,3,10.1,30.3,North,Store
2536,2024-02-08,Prod_7,1,59.38,59.38,South,Online
2537,2024-02-08,Prod_11,2,73.98,147.96,East,Online
2538,2024-02-08,Prod_14,4,76.36,305.44,West,Online
2539,2024-02-08,Prod_6,3,46.67,140.01,South,Store
2540,2024-02-08,Prod_6,3,40.12,120.36,South,Online
2541,2024-02-08,Prod_11,1,62.14,62.14,West,Store
2542,2024-02-08,Prod_1,3,76.16,228.48,East,Online
2543,2024-02-08,Prod_3,3,66.04,198.12,West,Online
2544,2024-02-08,Prod_10,4,53.17,212.68,North,Online
2545,2024-02-08,Prod_3,2,22.13,44.26,South,Store
2546,2024-02-08,Prod_12,1,55.34,55.34,East,Online
2547,2024-02-08,Prod_8,2,75.35,150.7,South,Online
2548,2024-02-08,Prod_3,4,88.37,353.48,North,Store
2549,2024-02-08,Prod_1,2,63.88,127.76,North,Online
2550,2024-02-08,Prod_6,3,72.08,216.24,North,Online
2551,2024-02-08,Prod_9,2,32.52,65.04,East,Online
2552,2024-02-08,Prod_7,3,16.78,50.34,South,Online
2553,2024-02-08,Prod_8,1,52.21,52.21,West,Online
2554,2024-02-08,Prod_7,4,27.44,109.76,South,Online
2555,2024-02-08,Prod_13,3,68.53,205.59,West,Online
2556,2024-02-08,Prod_7,4,22.84,91.36,North,Store
2557,2024-02-09,Prod_3,1,16.66,16.66,West,Store
2558,2024-02-09,Prod_6,3,41.97,125.91,West,Online
2559,2024-02-09,Prod_7,2,39.92,79.84,West,Store
2560,2024-02-09,Prod_15,3,20.52,61.56,South,Online
2561,2024-02-09,Prod_2,4,24.15,96.6,North,Store
2562,2024-02-09,Prod_11,2,91.64,183.28,North,Store
2563,2024-02-09,Prod_8,1,13.67,13.67,South,Online
2564,2024-02-09,Prod_10,3,9.45,28.35,North,Store
2565,2024-02-09,Prod_10,1,69.36,69.36,East,Online
2566,2024-02-09,Prod_6,4,31.5,126.0,South,Online
2567,2024-02-09,Prod_15,4,63.27,253.08,South,Store
2568,2024-02-09,Prod_5,2,92.62,185.24,East,Store
2569,2024-02-09,Prod_13,4,99.15,396.6,North,Store
2570,2024-02-09,Prod_5,4,69.22,276.88,North,Store
2571,2024-02-09,Prod_13,1,52.46,52.46,South,Online
2572,2024-02-09,Prod_6,3,14.44,43.32,East,Store
2573,2024-02-09,Prod_2,2,78.39,156.78,North,Store
2574,2024-02-09,Prod_1,4,21.51,86.04,East,Online
2575,2024-02-09,Prod_1,3,74.12,222.36,South,Store
2576,2024-02-09,Prod_15,1,45.96,45.96,West,Online
2577,2024-02-09,Prod_10,3,24.51,73.53,West,Online
2578,2024-02-09,Prod_4,2,36.73,73.46,South,Store
2579,2024-02-09,Prod_5,3,52.6,157.8,East,Online
2580,2024-02-09,Prod_4,2,45.01,90.02,North,Store
2581,2024-02-09,Prod_8,4,97.03,388.12,West,Online
2582,2024-02-09,Prod_7,2,66.6,133.2,West,Store
2583,2024-02-09,Prod_8,2,76.44,152.88,West,Store
2584,2024-02-09,Prod_2,4,52.15,208.6,North,Online
2585,2024-02-09,Prod_6,2,95.56,191.12,South,Online
2586,2024-02-09,Prod_9,2,72.74,145.48,South,Online
2587,2024-02-09,Prod_15,4,44.11,176.44,South,Online
2588,2024-02-09,Prod_6,3,72.7,218.1,West,Online
2589,2024-02-09,Prod_5,4,74.86,299.44,North,Online
2590,2024-02-09,Prod_6,2,89.19,178.38,North,Online
2591,2024-02-09,Prod_8,3,93.84,281.52,East,Store
2592,2024-02-09,Prod_10,1,90.35,90.35,North,Online
2593,2024-02-09,Prod_14,4,29.16,116.64,North,Store
2594,2024-02-09,Prod_15,2,22.67,45.34,East,Store
2595,2024-02-09,Prod_7,4,20.77,83.08,East,Store
2596,2024-02-09,Prod_14,1,29.73,29.73,North,Online
2597,2024-02-09,Prod_3,1,76.8,76.8,West,Online
2598,2024-02-09,Prod_7,3,26.12,78.36,North,Store
2599,2024-02-09,Prod_8,2,100.94,201.88,South,Online
2600,2024-02-09,Prod_2,2,30.27,60.54,West,Store
2601,2024-02-09,Prod_2,2,61.14,122.28,East,Store
2602,2024-02-10,Prod_2,4,21.87,87.48,South,Online
2603,2024-02-10,Prod_1,4,46.06,184.24,South,Online
2604,2024-02-10,Prod_3,3,64.92,194.76,South,Online
2605,2024-02-10,Prod_14,4,91.16,364.64,East,Online
2606,2024-02-10,Prod_5,3,87.61,262.83,West,Online
2607,2024-02-10,Prod_14,1,75.56,75.56,South,Store
2608,2024-02-10,Prod_3,2,36.05,72.1,North,Online
2609,2024-02-10,Prod_12,2,71.39,142.78,East,Online
2610,2024-02-10,Prod_5,1,56.49,56.49,East,Online
2611,2024-02-10,Prod_11,1,79.94,79.94,North,Online
2612,2024-02-10,Prod_12,2,31.7,63.4,East,Store
2613,2024-02-10,Prod_13,4,43.14,172.56,East,Store
2614,2024-02-10,Prod_13,3,15.93,47.79,North,Store
2615,2024-02-10,Prod_9,2,35.45,70.9,South,Store
2616,2024-02-10,Prod_7,1,88.51,88.51,East,Store
2617,2024-02-10,Prod_7,3,30.18,90.54,East,Online
2618,2024-02-10,Prod_14,2,34.8,69.6,East,Store
2619,2024-02-10,Prod_15,3,90.55,271.65,North,Online
2620,2024-02-10,Prod_3,2,43.54,87.08,East,Store
2621,2024-02-10,Prod_8,1,66.03,66.03,West,Store
2622,2024-02-10,Prod_5,1,97.57,97.57,North,Online
2623,2024-02-10,Prod_1,4,81.71,326.84,North,Online
2624,2024-02-10,Prod_9,1,26.2,26.2,South,Store
2625,2024-02-10,Prod_12,4,28.01,112.04,South,Store
2626,2024-02-10,Prod_10,1,11.22,11.22,North,Online
2627,2024-02-10,Prod_7,1,34.76,34.76,North,Online
2628,2024-02-10,Prod_15,1,36.04,36.04,West,Store
2629,2024-02-10,Prod_2,4,53.63,214.52,North,Online
2630,2024-02-10,Prod_1,4,55.04,220.16,East,Store
2631,2024-02-10,Prod_9,1,99.68,99.68,South,Online
2632,2024-02-11,Prod_2,4,14.38,57.52,East,Store
2633,2024-02-11,Prod_15,2,92.03,184.06,North,Store
2634,2024-02-11,Prod_14,1,25.19,25.19,South,Store
2635,2024-02-11,Prod_11,1,95.17,95.17,North,Online
2636,2024-02-11,Prod_8,2,22.22,44.44,West,Online
2637,2024-02-11,Prod_14,3,64.65,193.95,South,Store
2638,2024-02-11,Prod_12,4,74.43,297.72,South,Store
2639,2024-02-11,Prod_5,3,49.15,147.45,East,Online
2640,2024-02-11,Prod_15,4,102.05,408.2,West,Store
2641,2024-02-11,Prod_15,3,81.19,243.57,North,Online
2642,2024-02-11,Prod_12,2,8.33,16.66,West,Store
2643,2024-02-11,Prod_5,3,32.14,96.42,East,Online
2644,2024-02-11,Prod_5,4,102.95,411.8,South,Online
2645,2024-02-11,Prod_14,2,18.87,37.74,South,Online
2646,2024-02-11,Prod_13,1,30.81,30.81,North,Store
2647,2024-02-11,Prod_2,1,93.27,93.27,North,Online
2648,2024-02-11,Prod_5,1,75.94,75.94,North,Online
2649,2024-02-11,Prod_3,1,101.6,101.6,North,Online
2650,2024-02-11,Prod_3,4,31.26,125.04,North,Store
2651,2024-02-11,Prod_6,2,6.27,12.54,South,Online
2652,2024-02-11,Prod_4,4,73.97,295.88,East,Online
2653,2024-02-11,Prod_6,3,70.34,211.02,North,Store
2654,2024-02-11,Prod_10,3,82.28,246.84,North,Online
2655,2024-02-11,Prod_14,3,85.42,256.26,South,Online
2656,2024-02-11,Prod_11,4,31.58,126.32,South,Store
2657,2024-02-11,Prod_2,1,17.84,17.84,North,Store
2658,2024-02-11,Prod_3,2,70.76,141.52,West,Store
2659,2024-02-11,Prod_8,3,60.49,181.47,South,Online
2660,2024-02-11,Prod_12,4,82.86,331.44,South,Online
2661,2024-02-12,Prod_14,2,90.71,181.42,North,Store
2662,2024-02-12,Prod_3,4,53.31,213.24,North,Store
2663,2024-02-12,Prod_13,1,35.46,35.46,South,Online
2664,2024-02-12,Prod_6,3,19.03,57.09,South,Store
2665,2024-02-12,Prod_11,3,55.45,166.35,East,Store
2666,2024-02-12,Prod_1,2,85.33,170.66,North,Online
2667,2024-02-12,Prod_9,1,96.17,96.17,East,Online
2668,2024-02-12,Prod_15,3,15.59,46.77,West,Store
2669,2024-02-12,Prod_7,2,32.55,65.1,South,Online
2670,2024-02-12,Prod_7,2,58.88,117.76,North,Store
2671,2024-02-12,Prod_11,2,23.63,47.26,South,Online
2672,2024-02-12,Prod_15,2,60.5,121.0,East,Online
2673,2024-02-12,Prod_3,1,89.35,89.35,South,Store
2674,2024-02-12,Prod_3,1,87.72,87.72,East,Store
2675,2024-02-12,Prod_10,3,49.7,149.1,South,Online
2676,2024-02-12,Prod_10,2,19.28,38.56,South,Online
2677,2024-02-12,Prod_7,2,32.14,64.28,West,Online
2678,2024-02-12,Prod_1,3,58.56,175.68,West,Store
2679,2024-02-12,Prod_13,2,97.82,195.64,North,Online
2680,2024-02-12,Prod_2,1,42.53,42.53,East,Online
2681,2024-02-12,Prod_12,2,8.8,17.6,North,Online
2682,2024-02-12,Prod_1,2,56.96,113.92,South,Store
2683,2024-02-12,Prod_10,1,32.74,32.74,West,Store
2684,2024-02-12,Prod_1,2,14.74,29.48,West,Store
2685,2024-02-12,Prod_7,2,29.12,58.24,North,Online
2686,2024-02-12,Prod_7,3,70.4,211.2,South,Store
2687,2024-02-12,Prod_14,1,55.2,55.2,West,Online
2688,2024-02-12,Prod_13,1,60.38,60.38,South,Store
2689,2024-02-12,Prod_6,1,42.59,42.59,South,Online
2690,2024-02-12,Prod_8,1,79.68,79.68,South,Online
2691,2024-02-12,Prod_6,3,11.78,35.34,East,Online
2692,2024-02-12,Prod_10,1,75.33,75.33,West,Store
2693,2024-02-12,Prod_7,2,37.07,74.14,East,Online
2694,2024-02-12,Prod_6,1,58.77,58.77,West,Online
2695,2024-02-12,Prod_10,1,22.02,22.02,South,Store
2696,2024-02-12,Prod_9,2,48.06,96.12,West,Store
2697,2024-02-12,Prod_8,4,101.26,405.04,South,Store
2698,2024-02-12,Prod_8,4,38.15,152.6,South,Online
2699,2024-02-12,Prod_3,3,26.26,78.78,East,Online
2700,2024-02-12,Prod_8,1,103.06,103.06,East,Store
2701,2024-02-12,Prod_2,2,14.17,28.34,East,Online
2702,2024-02-12,Prod_8,3,92.82,278.46,East,Store
2703,2024-02-12,Prod_1,4,65.75,263.0,North,Store
2704,2024-02-12,Prod_8,2,26.42,52.84,North,Store
2705,2024-02-12,Prod_7,2,91.1,182.2,East,Store
2706,2024-02-12,Prod_15,1,42.23,42.23,East,Online
2707,2024-02-12,Prod_11,3,51.67,155.01,North,Store
2708,2024-02-12,Prod_4,2,48.24,96.48,East,Online
2709,2024-02-13,Prod_5,1,40.01,40.01,North,Online
2710,2024-02-13,Prod_9,1,22.67,22.67,North,Store
2711,2024-02-13,Prod_6,1,36.85,36.85,South,Online
2712,2024-02-13,Prod_5,3,12.12,36.36,East,Online
2713,2024-02-13,Prod_8,3,64.89,194.67,South,Online
2714,2024-02-13,Prod_3,1,55.51,55.51,North,Online
2715,2024-02-13,Prod_11,3,22.33,66.99,North,Store
2716,2024-02-13,Prod_8,2,87.17,174.34,West,Store
2717,2024-02-13,Prod_14,2,35.11,70.22,East,Store
2718,2024-02-13,Prod_5,3,38.57,115.71,North,Online
2719,2024-02-13,Prod_4,1,24.77,24.77,West,Online
2720,2024-02-13,Prod_13,3,95.01,285.03,South,Online
2721,2024-02-13,Prod_11,3,42.13,126.39,South,Store
2722,2024-02-13,Prod_5,3,84.8,254.4,West,Online
2723,2024-02-13,Prod_7,3,63.26,189.78,East,Store
2724,2024-02-13,Prod_2,3,95.15,285.45,South,Store
2725,2024-02-13,Prod_2,2,67.48,134.96,West,Store
2726,2024-02-13,Prod_9,2,60.33,120.66,South,Online
2727,2024-02-13,Prod_6,2,92.65,185.3,South,Store
2728,2024-02-13,Prod_11,1,80.69,80.69,East,Store
2729,2024-02-13,Prod_11,3,79.14,237.42,West,Online
2730,2024-02-13,Prod_10,1,32.73,32.73,East,Online
2731,2024-02-13,Prod_8,3,67.68,203.04,South,Store
2732,2024-02-13,Prod_13,3,72.86,218.58,East,Store
2733,2024-02-13,Prod_15,3,101.87,305.61,North,Store
2734,2024-02-13,Prod_7,3,51.34,154.02,North,Online
2735,2024-02-13,Prod_3,2,94.37,188.74,South,Online
2736,2024-02-13,Prod_12,3,45.62,136.86,North,Online
2737,2024-02-13,Prod_4,3,29.45,88.35,East,Online
2738,2024-02-13,Prod_12,4,42.35,169.4,North,Store
2739,2024-02-13,Prod_5,3,10.58,31.74,West,Online
2740,2024-02-13,Prod_12,4,74.99,299.96,West,Store
2741,2024-02-13,Prod_9,2,84.81,169.62,South,Store
2742,2024-02-13,Prod_3,3,13.18,39.54,North,Online
2743,2024-02-13,Prod_14,1,34.48,34.48,West,Online
2744,2024-02-13,Prod_12,4,87.64,350.56,East,Online
2745,2024-02-13,Prod_14,4,80.49,321.96,East,Store
2746,2024-02-13,Prod_8,3,61.21,183.63,West,Online
2747,2024-02-13,Prod_13,4,10.12,40.48,North,Online
2748,2024-02-13,Prod_9,1,104.77,104.77,North,Store
2749,2024-02-13,Prod_12,1,99.92,99.92,South,Online
2750,2024-02-13,Prod_8,1,63.57,63.57,West,Store
2751,2024-02-13,Prod_13,2,50.86,101.72,North,Online
2752,2024-02-13,Prod_5,3,31.85,95.55,East,Store
2753,2024-02-13,Prod_13,1,26.75,26.75,North,Online
2754,2024-02-13,Prod_8,1,70.46,70.46,North,Store
2755,2024-02-13,Prod_4,4,101.03,404.12,East,Online
2756,2024-02-13,Prod_7,1,28.04,28.04,West,Store
2757,2024-02-13,Prod_3,2,38.95,77.9,South,Online
2758,2024-02-13,Prod_15,4,31.02,124.08,South,Online
2759,2024-02-13,Prod_1,1,43.37,43.37,West,Online
2760,2024-02-13,Prod_15,3,48.63,145.89,North,Online
2761,2024-02-13,Prod_2,2,16.87,33.74,South,Store
2762,2024-02-13,Prod_14,3,100.0,300.0,South,Store
2763,2024-02-13,Prod_2,3,31.62,94.86,South,Online
2764,2024-02-13,Prod_4,4,56.87,227.48,North,Store
2765,2024-02-13,Prod_6,1,96.81,96.81,West,Store
2766,2024-02-13,Prod_6,4,25.78,103.12,East,Store
2767,2024-02-13,Prod_3,3,33.8,101.4,North,Online
2768,2024-02-14,Prod_8,3,90.51,271.53,West,Store
2769,2024-02-14,Prod_9,1,57.49,57.49,South,Online
2770,2024-02-14,Prod_4,4,45.25,181.0,North,Online
2771,2024-02-14,Prod_1,4,32.7,130.8,North,Store
2772,2024-02-14,Prod_1,4,39.06,156.24,North,Store
2773,2024-02-14,Prod_9,3,76.52,229.56,South,Store
2774,2024-02-14,Prod_9,3,48.36,145.08,East,Online
2775,2024-02-14,Prod_14,2,47.92,95.84,North,Store
2776,2024-02-14,Prod_10,3,34.63,103.89,West,Online
2777,2024-02-14,Prod_14,4,90.87,363.48,South,Online
2778,2024-02-14,Prod_7,2,18.39,36.78,South,Online
2779,2024-02-14,Prod_10,2,19.92,39.84,North,Store
2780,2024-02-14,Prod_11,4,52.09,208.36,East,Store
2781,2024-02-14,Prod_3,2,88.94,177.88,East,Online
2782,2024-02-14,Prod_2,2,80.19,160.38,East,Online
2783,2024-02-14,Prod_12,1,102.93,102.93,East,Store
2784,2024-02-14,Prod_12,1,89.3,89.3,West,Online
2785,2024-02-14,Prod_12,1,63.7,63.7,South,Online
2786,2024-02-14,Prod_3,2,96.51,193.02,South,Store
2787,2024-02-14,Prod_12,3,58.78,176.34,North,Online
2788,2024-02-14,Prod_3,2,77.87,155.74,East,Online
2789,2024-02-14,Prod_9,1,22.97,22.97,West,Store
2790,2024-02-14,Prod_1,3,31.59,94.77,South,Store
2791,2024-02-14,Prod_5,2,14.39,28.78,South,Online
2792,2024-02-14,Prod_6,3,21.48,64.44,East,Online
2793,2024-02-14,Prod_5,2,60.62,121.24,South,Store
2794,2024-02-14,Prod_5,2,20.41,40.82,West,Store
2795,2024-02-14,Prod_15,4,45.56,182.24,South,Online
2796,2024-02-14,Prod_11,3,69.62,208.86,South,Online
2797,2024-02-14,Prod_15,1,26.5,26.5,East,Online
2798,2024-02-14,Prod_1,4,69.58,278.32,East,Store
2799,2024-02-14,Prod_12,4,73.63,294.52,East,Online
2800,2024-02-14,Prod_2,1,31.32,31.32,North,Online
2801,2024-02-14,Prod_3,4,70.63,282.52,North,Online
2802,2024-02-14,Prod_3,1,26.23,26.23,West,Online
2803,2024-02-15,Prod_2,1,29.69,29.69,South,Store
2804,2024-02-15,Prod_9,4,46.63,186.52,East,Online
2805,2024-02-15,Prod_6,4,60.06,240.24,North,Store
2806,2024-02-15,Prod_11,4,56.22,224.88,West,Store
2807,2024-02-15,Prod_1,1,81.74,81.74,East,Online
2808,2024-02-15,Prod_8,3,92.07,276.21,East,Online
2809,2024-02-15,Prod_10,1,49.59,49.59,West,Store
2810,2024-02-15,Prod_6,1,89.98,89.98,West,Online
2811,2024-02-15,Prod_4,1,66.43,66.43,North,Online
2812,2024-02-15,Prod_5,3,94.73,284.19,South,Store
2813,2024-02-15,Prod_9,4,14.0,56.0,North,Store
2814,2024-02-15,Prod_4,4,50.28,201.12,East,Store
2815,2024-02-15,Prod_8,3,79.27,237.81,North,Online
2816,2024-02-15,Prod_12,1,96.59,96.59,West,Store
2817,2024-02-15,Prod_15,1,64.56,64.56,North,Online
2818,2024-02-15,Prod_4,2,91.75,183.5,North,Store
2819,2024-02-15,Prod_10,4,72.27,289.08,North,Store
2820,2024-02-15,Prod_6,3,49.35,148.05,East,Store
2821,2024-02-15,Prod_14,2,60.48,120.96,South,Online
2822,2024-02-15,Prod_13,4,17.01,68.04,South,Online
2823,2024-02-15,Prod_9,2,50.24,100.48,East,Online
2824,2024-02-15,Prod_9,1,94.59,94.59,West,Online
2825,2024-02-15,Prod_11,2,16.51,33.02,North,Online
2826,2024-02-15,Prod_15,4,79.42,317.68,South,Store
2827,2024-02-15,Prod_6,2,32.3,64.6,South,Online
2828,2024-02-15,Prod_2,4,45.31,181.24,East,Online
2829,2024-02-15,Prod_14,4,71.03,284.12,South,Online
2830,2024-02-15,Prod_11,4,63.95,255.8,North,Store
2831,2024-02-15,Prod_4,1,42.84,42.84,South,Online
2832,2024-02-15,Prod_12,2,33.11,66.22,North,Online
2833,2024-02-15,Prod_10,1,97.53,97.53,East,Online
2834,2024-02-15,Prod_14,2,77.3,154.6,North,Online
2835,2024-02-16,Prod_10,3,80.16,240.48,West,Store
2836,2024-02-16,Prod_8,2,19.69,39.38,North,Store
2837,2024-02-16,Prod_3,2,95.92,191.84,North,Store
2838,2024-02-16,Prod_14,4,88.17,352.68,South,Online
2839,2024-02-16,Prod_9,1,102.94,102.94,South,Online
2840,2024-02-16,Prod_2,3,47.0,141.0,West,Online
2841,2024-02-16,Prod_6,3,81.02,243.06,South,Online
2842,2024-02-16,Prod_2,2,32.3,64.6,North,Online
2843,2024-02-16,Prod_1,1,77.14,77.14,West,Store
2844,2024-02-16,Prod_4,2,43.34,86.68,West,Store
2845,2024-02-16,Prod_6,4,30.2,120.8,South,Online
2846,2024-02-16,Prod_9,1,13.3,13.3,West,Online
2847,2024-02-16,Prod_9,4,32.09,128.36,West,Store
2848,2024-02-16,Prod_9,3,68.52,205.56,East,Store
2849,2024-02-16,Prod_2,2,94.38,188.76,South,Online
2850,2024-02-16,Prod_4,1,31.79,31.79,North,Online
2851,2024-02-16,Prod_2,1,28.74,28.74,West,Online
2852,2024-02-16,Prod_12,2,96.25,192.5,West,Store
2853,2024-02-16,Prod_9,3,24.75,74.25,North,Online
2854,2024-02-16,Prod_11,4,45.99,183.96,North,Store
2855,2024-02-16,Prod_2,2,88.8,177.6,East,Online
2856,2024-02-16,Prod_14,3,72.12,216.36,East,Online
2857,2024-02-16,Prod_1,3,53.47,160.41,North,Online
2858,2024-02-16,Prod_8,2,68.3,136.6,West,Online
2859,2024-02-16,Prod_7,3,82.67,248.01,North,Store
2860,2024-02-16,Prod_11,3,66.38,199.14,North,Store
2861,2024-02-16,Prod_8,3,11.33,33.99,North,Online
2862,2024-02-16,Prod_15,4,66.82,267.28,North,Store
2863,2024-02-16,Prod_12,2,51.78,103.56,South,Online
2864,2024-02-16,Prod_6,1,32.09,32.09,South,Store
2865,2024-02-16,Prod_8,3,98.06,294.18,East,Store
2866,2024-02-16,Prod_8,2,86.09,172.18,North,Online
2867,2024-02-16,Prod_5,2,10.06,20.12,West,Store
2868,2024-02-17,Prod_5,4,18.27,73.08,West,Store
2869,2024-02-17,Prod_14,2,57.72,115.44,East,Online
2870,2024-02-17,Prod_2,3,80.58,241.74,North,Online
2871,2024-02-17,Prod_15,3,79.88,239.64,West,Store
2872,2024-02-17,Prod_12,3,63.45,190.35,East,Online
2873,2024-02-17,Prod_5,1,74.34,74.34,East,Online
2874,2024-02-17,Prod_1,4,70.88,283.52,South,Online
2875,2024-02-17,Prod_14,1,43.42,43.42,South,Online
2876,2024-02-17,Prod_5,1,29.87,29.87,West,Store
2877,2024-02-17,Prod_11,2,28.37,56.74,North,Online
2878,2024-02-17,Prod_4,2,17.33,34.66,South,Store
2879,2024-02-17,Prod_10,3,85.15,255.45,North,Online
2880,2024-02-17,Prod_7,4,42.44,169.76,East,Store
2881,2024-02-17,Prod_8,3,40.01,120.03,South,Online
2882,2024-02-17,Prod_5,1,8.68,8.68,West,Store
2883,2024-02-17,Prod_11,2,33.01,66.02,East,Store
2884,2024-02-17,Prod_1,2,37.55,75.1,West,Store
2885,2024-02-17,Prod_14,4,37.85,151.4,North,Online
2886,2024-02-17,Prod_2,2,94.97,189.94,North,Store
2887,2024-02-17,Prod_2,4,103.78,415.12,East,Store
2888,2024-02-17,Prod_10,1,41.13,41.13,North,Store
2889,2024-02-17,Prod_9,4,14.66,58.64,North,Online
2890,2024-02-17,Prod_3,2,88.46,176.92,North,Store
2891,2024-02-17,Prod_7,3,41.85,125.55,North,Store
2892,2024-02-17,Prod_12,3,49.74,149.22,South,Store
2893,2024-02-17,Prod_14,4,87.06,348.24,East,Store
2894,2024-02-18,Prod_5,3,46.42,139.26,East,Store
2895,2024-02-18,Prod_11,1,60.7,60.7,East,Store
2896,2024-02-18,Prod_15,1,83.97,83.97,North,Online
2897,2024-02-18,Prod_15,4,82.99,331.96,East,Store
2898,2024-02-18,Prod_14,2,48.31,96.62,West,Online
2899,2024-02-18,Prod_7,3,74.99,224.97,West,Online
2900,2024-02-18,Prod_11,2,22.12,44.24,North,Online
2901,2024-02-18,Prod_12,2,98.03,196.06,West,Online
2902,2024-02-18,Prod_1,2,55.34,110.68,East,Store
2903,2024-02-18,Prod_13,3,16.05,48.15,North,Online
2904,2024-02-18,Prod_9,4,66.4,265.6,South,Online
2905,2024-02-18,Prod_15,3,41.08,123.24,East,Store
2906,2024-02-18,Prod_14,1,16.06,16.06,South,Online
2907,2024-02-18,Prod_4,4,90.88,363.52,North,Online
2908,2024-02-18,Prod_11,4,32.35,129.4,West,Store
2909,2024-02-18,Prod_1,4,20.53,82.12,East,Online
2910,2024-02-18,Prod_12,1,70.14,70.14,West,Online
2911,2024-02-18,Prod_15,3,83.3,249.9,South,Store
2912,2024-02-18,Prod_7,3,100.23,300.69,North,Store
2913,2024-02-18,Prod_8,3,55.46,166.38,South,Online
2914,2024-02-18,Prod_7,3,92.59,277.77,West,Store
2915,2024-02-18,Prod_15,3,52.91,158.73,West,Online
2916,2024-02-18,Prod_11,3,59.24,177.72,East,Online
2917,2024-02-18,Prod_13,2,8.01,16.02,South,Online
2918,2024-02-18,Prod_6,4,29.5,118.0,East,Online
2919,2024-02-18,Prod_4,3,23.58,70.74,East,Online
2920,2024-02-18,Prod_13,1,57.49,57.49,East,Online
2921,2024-02-18,Prod_8,4,28.19,112.76,South,Online
2922,2024-02-18,Prod_8,2,52.31,104.62,West,Online
2923,2024-02-18,Prod_10,2,33.0,66.0,North,Online
2924,2024-02-18,Prod_4,1,86.07,86.07,South,Online
2925,2024-02-18,Prod_13,3,10.39,31.17,South,Store
2926,2024-02-18,Prod_13,4,16.2,64.8,North,Store
2927,2024-02-18,Prod_6,2,68.22,136.44,South,Online
2928,2024-02-18,Prod_3,3,86.22,258.66,South,Store
2929,2024-02-18,Prod_4,1,21.73,21.73,South,Online
2930,2024-02-18,Prod_7,4,83.54,334.16,West,Store
2931,2024-02-18,Prod_7,3,57.44,172.32,East,Online
2932,2024-02-18,Prod_9,3,93.4,280.2,North,Store
2933,2024-02-18,Prod_13,3,45.33,135.99,West,Online
2934,2024-02-18,Prod_13,3,38.05,114.15,East,Online
2935,2024-02-18,Prod_1,3,31.2,93.6,North,Store
2936,2024-02-18,Prod_15,2,79.12,158.24,South,Store
2937,2024-02-18,Prod_1,4,11.96,47.84,North,Online
2938,2024-02-18,Prod_11,3,76.98,230.94,South,Online
2939,2024-02-18,Prod_15,2,29.15,58.3,East,Store
2940,2024-02-19,Prod_4,2,60.97,121.94,North,Online
2941,2024-02-19,Prod_13,4,70.85,283.4,West,Online
2942,2024-02-19,Prod_15,1,77.72,77.72,South,Online
2943,2024-02-19,Prod_13,2,65.31,130.62,East,Online
2944,2024-02-19,Prod_14,4,46.06,184.24,North,Online
2945,2024-02-19,Prod_10,4,40.65,162.6,South,Online
2946,2024-02-19,Prod_12,3,82.2,246.6,South,Store
2947,2024-02-19,Prod_15,1,22.63,22.63,East,Store
2948,2024-02-19,Prod_10,2,59.64,119.28,South,Online
2949,2024-02-19,Prod_6,3,98.42,295.26,South,Store
2950,2024-02-19,Prod_10,3,37.17,111.51,North,Store
2951,2024-02-19,Prod_10,1,82.08,82.08,North,Store
2952,2024-02-19,Prod_9,1,103.88,103.88,East,Online
2953,2024-02-19,Prod_7,3,63.34,190.02,South,Online
2954,2024-02-19,Prod_4,3,83.43,250.29,South,Store
2955,2024-02-19,Prod_7,2,12.64,25.28,East,Online
2956,2024-02-19,Prod_1,2,55.18,110.36,North,Online
2957,2024-02-19,Prod_1,3,58.96,176.88,West,Online
2958,2024-02-19,Prod_14,2,34.82,69.64,West,Online
2959,2024-02-19,Prod_5,1,87.95,87.95,East,Store
2960,2024-02-19,Prod_14,1,22.09,22.09,South,Store
2961,2024-02-19,Prod_12,2,9.64,19.28,North,Online
2962,2024-02-19,Prod_11,3,15.18,45.54,North,Online
2963,2024-02-19,Prod_13,1,56.48,56.48,North,Store
2964,2024-02-19,Prod_1,4,99.2,396.8,West,Online
2965,2024-02-19,Prod_7,1,37.29,37.29,East,Online
2966,2024-02-19,Prod_10,2,35.31,70.62,North,Store
2967,2024-02-19,Prod_8,3,61.87,185.61,West,Online
2968,2024-02-19,Prod_11,1,48.43,48.43,East,Online
2969,2024-02-19,Prod_3,1,99.05,99.05,South,Online
2970,2024-02-19,Prod_11,3,101.79,305.37,East,Store
2971,2024-02-19,Prod_6,1,64.79,64.79,West,Online
2972,2024-02-19,Prod_3,2,101.55,203.1,North,Online
2973,2024-02-19,Prod_7,4,91.55,366.2,West,Store
2974,2024-02-19,Prod_9,1,100.33,100.33,South,Store
2975,2024-02-19,Prod_11,2,89.3,178.6,East,Store
2976,2024-02-19,Prod_2,1,28.57,28.57,South,Online
2977,2024-02-19,Prod_4,3,41.13,123.39,East,Online
2978,2024-02-19,Prod_12,1,67.17,67.17,South,Online
2979,2024-02-19,Prod_12,1,28.41,28.41,East,Online
2980,2024-02-19,Prod_11,2,77.35,154.7,South,Online
2981,2024-02-19,Prod_3,2,96.61,193.22,South,Online
2982,2024-02-19,Prod_7,4,68.25,273.0,East,Store
2983,2024-02-19,Prod_1,1,86.58,86.58,East,Online
2984,2024-02-19,Prod_7,2,15.96,31.92,West,Online
2985,2024-02-19,Prod_5,2,73.66,147.32,East,Online
2986,2024-02-19,Prod_3,4,56.48,225.92,West,Online
2987,2024-02-19,Prod_6,1,66.51,66.51,North,Online
2988,2024-02-19,Prod_11,1,86.09,86.09,West,Store
2989,2024-02-19,Prod_8,4,96.79,387.16,South,Online
2990,2024-02-19,Prod_3,4,96.06,384.24,West,Store
2991,2024-02-19,Prod_12,1,97.77,97.77,West,Store
2992,2024-02-19,Prod_8,4,64.31,257.24,West,Online
2993,2024-02-19,Prod_6,4,11.27,45.08,South,Online
2994,2024-02-20,Prod_8,1,101.45,101.45,East,Store
2995,2024-02-20,Prod_4,4,15.47,61.88,West,Store
2996,2024-02-20,Prod_5,2,85.46,170.92,West,Online
2997,2024-02-20,Prod_9,2,80.37,160.74,East,Online
2998,2024-02-20,Prod_15,1,32.89,32.89,West,Store
2999,2024-02-20,Prod_1,2,66.43,132.86,North,Online
3000,2024-02-20,Prod_5,2,47.25,94.5,North,Online
3001,2024-02-20,Prod_15,3,79.31,237.93,West,Online
3002,2024-02-20,Prod_6,1,40.66,40.66,East,Online
3003,2024-02-20,Prod_9,2,94.28,188.56,South,Online
3004,2024-02-20,Prod_1,4,86.53,346.12,North,Online
3005,2024-02-20,Prod_2,3,54.49,163.47,West,Online
3006,2024-02-20,Prod_13,3,97.91,293.73,South,Store
3007,2024-02-20,Prod_11,4,83.38,333.52,West,Store
3008,2024-02-20,Prod_6,4,61.92,247.68,East,Online
3009,2024-02-20,Prod_15,4,93.79,375.16,East,Online
3010,2024-02-20,Prod_11,1,83.81,83.81,West,Online
3011,2024-02-20,Prod_9,1,51.23,51.23,North,Store
3012,2024-02-20,Prod_2,1,61.69,61.69,North,Online
3013,2024-02-20,Prod_7,4,52.43,209.72,North,Online
3014,2024-02-20,Prod_15,3,103.96,311.88,North,Store
3015,2024-02-20,Prod_15,2,64.86,129.72,North,Store
3016,2024-02-20,Prod_2,4,27.43,109.72,South,Online
3017,2024-02-20,Prod_15,1,16.18,16.18,North,Store
3018,2024-02-20,Prod_6,2,87.6,175.2,North,Online
3019,2024-02-20,Prod_1,2,95.5,191.0,North,Online
3020,2024-02-20,Prod_7,2,74.94,149.88,East,Online
3021,2024-02-20,Prod_12,4,87.79,351.16,East,Store
3022,2024-02-20,Prod_4,3,37.72,113.16,West,Store
3023,2024-02-20,Prod_5,4,97.08,388.32,East,Online
3024,2024-02-20,Prod_2,1,79.91,79.91,South,Online
3025,2024-02-20,Prod_6,4,24.56,98.24,West,Online
3026,2024-02-20,Prod_11,2,78.36,156.72,East,Online
3027,2024-02-20,Prod_7,4,91.77,367.08,West,Store
3028,2024-02-20,Prod_10,4,46.84,187.36,East,Online
3029,2024-02-20,Prod_4,2,43.73,87.46,North,Online
3030,2024-02-20,Prod_12,2,40.11,80.22,East,Online
3031,2024-02-20,Prod_5,4,27.61,110.44,West,Online
3032,2024-02-20,Prod_4,3,62.45,187.35,East,Store
3033,2024-02-21,Prod_4,3,105.5,316.5,West,Online
3034,2024-02-21,Prod_12,1,40.75,40.75,South,Online
3035,2024-02-21,Prod_3,1,29.12,29.12,South,Store
3036,2024-02-21,Prod_12,3,100.73,302.19,North,Online
3037,2024-02-21,Prod_13,4,70.55,282.2,East,Online
3038,2024-02-21,Prod_3,1,92.87,92.87,East,Online
3039,2024-02-21,Prod_12,3,45.23,135.69,North,Store
3040,2024-02-21,Prod_14,3,13.22,39.66,South,Store
3041,2024-02-21,Prod_15,2,49.26,98.52,East,Store
3042,2024-02-21,Prod_3,3,88.76,266.28,North,Store
3043,2024-02-21,Prod_13,4,54.32,217.28,East,Online
3044,2024-02-21,Prod_7,2,25.26,50.52,North,Store
3045,2024-02-21,Prod_13,2,61.35,122.7,South,Online
3046,2024-02-21,Prod_11,2,43.83,87.66,East,Store
3047,2024-02-21,Prod_11,2,104.47,208.94,East,Store
3048,2024-02-21,Prod_4,1,18.98,18.98,West,Online
3049,2024-02-21,Prod_2,2,88.14,176.28,South,Store
3050,2024-02-21,Prod_6,2,93.48,186.96,North,Online
3051,2024-02-21,Prod_13,3,20.47,61.41,West,Store
3052,2024-02-21,Prod_3,1,27.84,27.84,West,Store
3053,2024-02-21,Prod_14,4,20.47,81.88,West,Online
3054,2024-02-21,Prod_9,3,47.42,142.26,North,Store
3055,2024-02-21,Prod_3,4,42.63,170.52,West,Online
3056,2024-02-21,Prod_8,1,17.95,17.95,South,Online
3057,2024-02-21,Prod_8,2,24.15,48.3,East,Store
3058,2024-02-21,Prod_2,3,30.05,90.15,West,Online
3059,2024-02-21,Prod_10,4,60.9,243.6,South,Online
3060,2024-02-21,Prod_12,4,97.27,389.08,East,Store
3061,2024-02-21,Prod_10,4,25.49,101.96,East,Online
3062,2024-02-21,Prod_13,2,19.91,39.82,West,Store
3063,2024-02-21,Prod_14,2,45.29,90.58,South,Store
3064,2024-02-21,Prod_12,4,38.54,154.16,South,Online
3065,2024-02-21,Prod_7,2,53.9,107.8,North,Online
3066,2024-02-21,Prod_3,2,94.92,189.84,South,Online
3067,2024-02-21,Prod_15,3,100.17,300.51,South,Online
3068,2024-02-21,Prod_7,3,45.43,136.29,East,Online
3069,2024-02-21,Prod_15,1,42.73,42.73,East,Online
3070,2024-02-21,Prod_15,1,54.08,54.08,West,Online
3071,2024-02-21,Prod_7,3,69.4,208.2,South,Store
3072,2024-02-21,Prod_13,4,35.04,140.16,North,Online
3073,2024-02-22,Prod_4,3,100.28,300.84,West,Online
3074,2024-02-22,Prod_9,4,15.47,61.88,South,Online
3075,2024-02-22,Prod_7,4,88.36,353.44,North,Store
3076,2024-02-22,Prod_15,1,86.13,86.13,South,Online
3077,2024-02-22,Prod_9,1,19.63,19.63,East,Online
3078,2024-02-22,Prod_10,2,85.66,171.32,North,Online
3079,2024-02-22,Prod_11,2,27.55,55.1,East,Store
3080,2024-02-22,Prod_12,4,87.04,348.16,South,Store
3081,2024-02-22,Prod_6,3,8.2,24.6,North,Store
3082,2024-02-22,Prod_3,2,84.72,169.44,North,Online
3083,2024-02-22,Prod_14,3,74.09,222.27,North,Store
3084,2024-02-22,Prod_12,1,24.32,24.32,West,Online
3085,2024-02-22,Prod_3,2,60.6,121.2,West,Online
3086,2024-02-22,Prod_6,2,37.76,75.52,North,Online
3087,2024-02-22,Prod_12,2,27.57,55.14,South,Store
3088,2024-02-22,Prod_9,3,80.7,242.1,West,Online
3089,2024-02-22,Prod_9,2,59.19,118.38,East,Online
3090,2024-02-22,Prod_7,4,22.33,89.32,South,Store
3091,2024-02-22,Prod_5,2,48.79,97.58,East,Store
3092,2024-02-22,Prod_9,1,54.53,54.53,East,Online
3093,2024-02-22,Prod_7,1,58.0,58.0,West,Store
3094,2024-02-22,Prod_9,4,59.86,239.44,North,Online
3095,2024-02-22,Prod_12,3,96.58,289.74,West,Online
3096,2024-02-22,Prod_13,2,88.61,177.22,East,Store
3097,2024-02-22,Prod_11,1,72.51,72.51,North,Online
3098,2024-02-22,Prod_8,2,100.6,201.2,West,Online
3099,2024-02-22,Prod_13,1,31.61,31.61,West,Store
3100,2024-02-22,Prod_2,3,43.55,130.65,East,Store
3101,2024-02-22,Prod_15,3,101.59,304.77,East,Online
3102,2024-02-22,Prod_4,1,96.81,96.81,East,Store
3103,2024-02-22,Prod_1,3,46.94,140.82,West,Store
3104,2024-02-22,Prod_12,1,80.59,80.59,South,Online
3105,2024-02-22,Prod_3,2,90.05,180.1,North,Online
3106,2024-02-22,Prod_7,3,16.49,49.47,West,Store
3107,2024-02-22,Prod_11,3,26.53,79.59,West,Online
3108,2024-02-22,Prod_2,3,101.46,304.38,West,Store
3109,2024-02-22,Prod_2,3,98.33,294.99,East,Store
3110,2024-02-22,Prod_9,2,74.06,148.12,South,Online
3111,2024-02-22,Prod_13,1,54.64,54.64,South,Online
3112,2024-02-22,Prod_8,1,50.57,50.57,North,Online
3113,2024-02-22,Prod_13,2,80.39,160.78,South,Online
3114,2024-02-22,Prod_4,4,14.83,59.32,North,Store
3115,2024-02-22,Prod_13,4,78.5,314.0,West,Store
3116,2024-02-22,Prod_9,4,87.93,351.72,East,Online
3117,2024-02-22,Prod_1,3,45.4,136.2,West,Store
3118,2024-02-22,Prod_14,3,25.15,75.45,West,Online
3119,2024-02-22,Prod_8,2,12.74,25.48,West,Online
3120,2024-02-22,Prod_1,4,71.7,286.8,North,Online
3121,2024-02-22,Prod_9,3,101.9,305.7,West,Online
3122,2024-02-22,Prod_4,2,60.56,121.12,West,Online
3123,2024-02-22,Prod_8,1,99.23,99.23,North,Online
3124,2024-02-22,Prod_9,1,70.66,70.66,South,Store
3125,2024-02-22,Prod_2,2,23.94,47.88,West,Store
3126,2024-02-22,Prod_7,1,77.14,77.14,North,Store
3127,2024-02-22,Prod_11,2,30.7,61.4,West,Store
3128,2024-02-22,Prod_1,3,17.58,52.74,West,Online
3129,2024-02-22,Prod_4,1,30.35,30.35,North,Online
3130,2024-02-22,Prod_4,4,45.48,181.92,South,Store
3131,2024-02-22,Prod_15,4,80.64,322.56,East,Store
3132,2024-02-23,Prod_6,3,81.92,245.76,East,Store
3133,2024-02-23,Prod_13,1,69.38,69.38,East,Online
3134,2024-02-23,Prod_14,4,38.95,155.8,North,Store
3135,2024-02-23,Prod_3,1,47.47,47.47,South,Store
3136,2024-02-23,Prod_14,2,75.96,151.92,West,Store
3137,2024-02-23,Prod_11,4,88.24,352.96,South,Store
3138,2024-02-23,Prod_4,3,15.14,45.42,North,Store
3139,2024-02-23,Prod_1,1,62.49,62.49,South,Online
3140,2024-02-23,Prod_5,1,88.6,88.6,South,Online
3141,2024-02-23,Prod_4,2,59.19,118.38,East,Online
3142,2024-02-23,Prod_9,1,94.79,94.79,South,Online
3143,2024-02-23,Prod_5,4,70.71,282.84,East,Online
3144,2024-02-23,Prod_1,2,57.95,115.9,North,Online
3145,2024-02-23,Prod_6,4,68.91,275.64,South,Online
3146,2024-02-23,Prod_1,3,31.73,95.19,North,Online
3147,2024-02-23,Prod_3,3,69.07,207.21,North,Online
3148,2024-02-23,Prod_15,3,64.26,192.78,East,Online
3149,2024-02-23,Prod_14,3,98.93,296.79,East,Online
3150,2024-02-23,Prod_10,3,39.59,118.77,North,Online
3151,2024-02-23,Prod_10,4,46.06,184.24,West,Online
3152,2024-02-23,Prod_5,3,8.5,25.5,East,Online
3153,2024-02-23,Prod_2,2,35.73,71.46,South,Online
3154,2024-02-23,Prod_3,1,35.04,35.04,West,Online
3155,2024-02-23,Prod_3,2,38.54,77.08,South,Store
3156,2024-02-23,Prod_2,1,54.73,54.73,East,Online
3157,2024-02-23,Prod_10,4,100.07,400.28,North,Online
3158,2024-02-23,Prod_5,1,25.75,25.75,South,Online
3159,2024-02-23,Prod_13,2,30.89,61.78,North,Store
3160,2024-02-23,Prod_6,4,13.21,52.84,East,Online
3161,2024-02-23,Prod_8,3,67.71,203.13,West,Online
3162,2024-02-23,Prod_1,2,100.62,201.24,North,Online
3163,2024-02-23,Prod_8,3,84.86,254.58,East,Store
3164,2024-02-23,Prod_11,3,24.9,74.7,East,Store
3165,2024-02-23,Prod_5,4,31.39,125.56,North,Store
3166,2024-02-23,Prod_12,2,11.03,22.06,West,Online
3167,2024-02-23,Prod_9,2,13.09,26.18,North,Store
3168,2024-02-23,Prod_9,2,26.22,52.44,South,Online
3169,2024-02-23,Prod_4,1,39.25,39.25,South,Online
3170,2024-02-23,Prod_11,2,57.4,114.8,South,Online
3171,2024-02-23,Prod_9,1,15.37,15.37,South,Store
3172,2024-02-23,Prod_8,1,85.76,85.76,East,Online
3173,2024-02-23,Prod_11,1,30.53,30.53,North,Online
3174,2024-02-24,Prod_1,2,53.83,107.66,East,Store
3175,2024-02-24,Prod_13,3,92.91,278.73,West,Online
3176,2024-02-24,Prod_8,1,45.51,45.51,North,Online
3177,2024-02-24,Prod_2,3,56.64,169.92,West,Online
3178,2024-02-24,Prod_6,4,37.84,151.36,West,Store
3179,2024-02-24,Prod_9,2,74.7,149.4,North,Store
3180,2024-02-24,Prod_1,4,45.14,180.56,East,Store
3181,2024-02-24,Prod_9,1,63.81,63.81,East,Online
3182,2024-02-24,Prod_12,4,86.76,347.04,North,Online
3183,2024-02-24,Prod_12,1,23.78,23.78,South,Online
3184,2024-02-24,Prod_5,4,17.65,70.6,North,Store
3185,2024-02-24,Prod_9,4,52.04,208.16,West,Store
3186,2024-02-24,Prod_6,1,13.51,13.51,North,Store
3187,2024-02-24,Prod_9,3,83.48,250.44,East,Online
3188,2024-02-24,Prod_11,3,87.82,263.46,West,Online
3189,2024-02-24,Prod_7,2,20.92,41.84,West,Online
3190,2024-02-24,Prod_9,2,33.96,67.92,East,Store
3191,2024-02-24,Prod_11,2,89.79,179.58,West,Store
3192,2024-02-24,Prod_5,1,78.71,78.71,East,Online
3193,2024-02-24,Prod_5,2,65.02,130.04,North,Online
3194,2024-02-24,Prod_8,1,37.61,37.61,North,Online
3195,2024-02-24,Prod_3,2,60.23,120.46,North,Store
3196,2024-02-24,Prod_12,2,91.64,183.28,West,Store
3197,2024-02-24,Prod_14,2,101.45,202.9,West,Online
3198,2024-02-24,Prod_9,3,87.28,261.84,West,Store
3199,2024-02-24,Prod_13,1,43.01,43.01,East,Store
3200,2024-02-24,Prod_6,4,89.21,356.84,East,Store
3201,2024-02-24,Prod_14,3,100.28,300.84,North,Online
3202,2024-02-24,Prod_3,3,61.96,185.88,South,Online
3203,2024-02-24,Prod_2,3,80.46,241.38,North,Store
3204,2024-02-24,Prod_10,1,20.05,20.05,North,Online
3205,2024-02-24,Prod_3,2,64.7,129.4,West,Online
3206,2024-02-24,Prod_12,4,100.77,403.08,South,Online
3207,2024-02-24,Prod_12,2,64.76,129.52,South,Online
3208,2024-02-24,Prod_3,2,98.89,197.78,North,Online
3209,2024-02-24,Prod_14,3,46.81,140.43,West,Online
3210,2024-02-24,Prod_4,1,57.93,57.93,North,Online
3211,2024-02-24,Prod_2,2,72.59,145.18,South,Store
3212,2024-02-24,Prod_7,2,79.53,159.06,North,Online
3213,2024-02-24,Prod_1,4,72.59,290.36,North,Online
3214,2024-02-24,Prod_14,1,99.05,99.05,East,Online
3215,2024-02-24,Prod_11,1,26.53,26.53,North,Online
3216,2024-02-24,Prod_8,4,14.43,57.72,West,Store
3217,2024-02-24,Prod_12,3,31.25,93.75,South,Online
3218,2024-02-24,Prod_12,3,36.77,110.31,South,Online
3219,2024-02-24,Prod_4,1,98.64,98.64,West,Online
3220,2024-02-24,Prod_3,2,30.7,61.4,South,Store
3221,2024-02-24,Prod_15,4,32.29,129.16,South,Online
3222,2024-02-24,Prod_7,2,44.53,89.06,South,Online
3223,2024-02-24,Prod_10,3,27.85,83.55,West,Store
3224,2024-02-24,Prod_9,2,82.99,165.98,North,Online
3225,2024-02-24,Prod_7,3,50.63,151.89,East,Store
3226,2024-02-24,Prod_7,4,39.31,157.24,East,Online
3227,2024-02-24,Prod_6,1,97.35,97.35,West,Store
3228,2024-02-24,Prod_3,4,9.69,38.76,South,Store
3229,2024-02-24,Prod_4,3,24.13,72.39,North,Store
3230,2024-02-24,Prod_3,4,74.06,296.24,North,Store
3231,2024-02-24,Prod_12,2,23.0,46.0,North,Online
3232,2024-02-24,Prod_7,2,98.13,196.26,South,Online
3233,2024-02-25,Prod_4,3,74.8,224.4,North,Store
3234,2024-02-25,Prod_7,1,41.65,41.65,East,Online
3235,2024-02-25,Prod_10,2,22.9,45.8,South,Online
3236,2024-02-25,Prod_11,4,62.76,251.04,West,Online
3237,2024-02-25,Prod_15,4,15.37,61.48,North,Online
3238,2024-02-25,Prod_2,1,98.29,98.29,East,Store
3239,2024-02-25,Prod_12,3,62.11,186.33,East,Store
3240,2024-02-25,Prod_8,3,82.12,246.36,North,Store
3241,2024-02-25,Prod_2,1,47.72,47.72,West,Online
3242,2024-02-25,Prod_13,1,39.72,39.72,South,Store
3243,2024-02-25,Prod_2,4,55.09,220.36,West,Store
3244,2024-02-25,Prod_11,4,35.38,141.52,South,Online
3245,2024-02-25,Prod_10,1,74.02,74.02,North,Online
3246,2024-02-25,Prod_13,3,8.06,24.18,South,Store
3247,2024-02-25,Prod_2,4,39.43,157.72,West,Store
3248,2024-02-25,Prod_4,3,50.23,150.69,East,Store
3249,2024-02-25,Prod_8,2,105.32,210.64,West,Online
3250,2024-02-25,Prod_13,3,54.78,164.34,West,Store
3251,2024-02-25,Prod_14,1,17.52,17.52,South,Store
3252,2024-02-25,Prod_7,2,90.31,180.62,South,Online
3253,2024-02-25,Prod_9,4,65.26,261.04,South,Online
3254,2024-02-25,Prod_14,1,23.23,23.23,South,Store
3255,2024-02-25,Prod_1,2,13.23,26.46,North,Online
3256,2024-02-25,Prod_7,4,43.33,173.32,North,Online
3257,2024-02-25,Prod_1,4,81.74,326.96,West,Store
3258,2024-02-25,Prod_8,3,105.52,316.56,North,Store
3259,2024-02-25,Prod_14,4,97.09,388.36,South,Store
3260,2024-02-25,Prod_5,1,65.3,65.3,South,Online
3261,2024-02-25,Prod_11,3,44.97,134.91,North,Online
3262,2024-02-25,Prod_11,3,76.3,228.9,East,Online
3263,2024-02-25,Prod_6,4,71.37,285.48,North,Online
3264,2024-02-25,Prod_12,2,42.26,84.52,North,Online
3265,2024-02-25,Prod_14,1,18.84,18.84,North,Store
3266,2024-02-26,Prod_8,3,73.91,221.73,South,Online
3267,2024-02-26,Prod_7,4,27.14,108.56,East,Online
3268,2024-02-26,Prod_4,1,65.88,65.88,West,Online
3269,2024-02-26,Prod_6,4,51.64,206.56,East,Store
3270,2024-02-26,Prod_8,4,30.14,120.56,South,Store
3271,2024-02-26,Prod_11,4,105.5,422.0,South,Online
3272,2024-02-26,Prod_6,4,47.2,188.8,West,Online
3273,2024-02-26,Prod_8,1,69.77,69.77,West,Store
3274,2024-02-26,Prod_9,1,94.86,94.86,South,Store
3275,2024-02-26,Prod_15,2,34.43,68.86,East,Online
3276,2024-02-26,Prod_15,1,18.9,18.9,East,Online
3277,2024-02-26,Prod_10,1,9.46,9.46,East,Online
3278,2024-02-26,Prod_9,4,41.99,167.96,North,Online
3279,2024-02-26,Prod_10,1,28.64,28.64,East,Online
3280,2024-02-26,Prod_15,4,32.65,130.6,South,Online
3281,2024-02-26,Prod_11,1,44.83,44.83,South,Online
3282,2024-02-26,Prod_2,1,55.65,55.65,West,Online
3283,2024-02-26,Prod_15,1,31.86,31.86,South,Online
3284,2024-02-26,Prod_2,4,75.47,301.88,East,Online
3285,2024-02-26,Prod_13,1,63.16,63.16,North,Online
3286,2024-02-26,Prod_6,3,22.26,66.78,East,Online
3287,2024-02-27,Prod_4,1,98.75,98.75,West,Online
3288,2024-02-27,Prod_1,2,80.47,160.94,North,Online
3289,2024-02-27,Prod_10,1,45.09,45.09,West,Store
3290,2024-02-27,Prod_2,4,81.87,327.48,East,Store
3291,2024-02-27,Prod_8,3,55.09,165.27,North,Online
3292,2024-02-27,Prod_10,2,53.23,106.46,North,Online
3293,2024-02-27,Prod_5,1,35.89,35.89,South,Online
3294,2024-02-27,Prod_9,4,54.46,217.84,South,Online
3295,2024-02-27,Prod_12,4,67.45,269.8,South,Online
3296,2024-02-27,Prod_4,3,102.82,308.46,South,Online
3297,2024-02-27,Prod_7,1,6.6,6.6,East,Store
3298,2024-02-27,Prod_15,4,84.5,338.0,North,Store
3299,2024-02-27,Prod_14,2,41.69,83.38,East,Online
3300,2024-02-27,Prod_15,4,104.74,418.96,West,Store
3301,2024-02-27,Prod_4,2,19.26,38.52,West,Online
3302,2024-02-27,Prod_12,4,19.02,76.08,South,Online
3303,2024-02-27,Prod_4,3,87.84,263.52,West,Online
3304,2024-02-27,Prod_14,2,12.75,25.5,North,Online
3305,2024-02-27,Prod_3,3,52.73,158.19,South,Store
3306,2024-02-27,Prod_3,4,30.96,123.84,South,Store
3307,2024-02-27,Prod_14,4,88.41,353.64,North,Online
3308,2024-02-27,Prod_4,4,50.24,200.96,South,Store
3309,2024-02-27,Prod_7,1,73.03,73.03,West,Online
3310,2024-02-27,Prod_3,3,52.63,157.89,West,Store
3311,2024-02-27,Prod_5,4,14.12,56.48,West,Store
3312,2024-02-27,Prod_2,3,68.08,204.24,North,Store
3313,2024-02-27,Prod_3,1,37.78,37.78,West,Store
3314,2024-02-27,Prod_4,4,58.26,233.04,North,Online
3315,2024-02-27,Prod_3,1,90.89,90.89,East,Online
3316,2024-02-27,Prod_3,1,46.5,46.5,West,Store
3317,2024-02-27,Prod_2,1,26.19,26.19,South,Online
3318,2024-02-27,Prod_11,4,73.97,295.88,North,Store
3319,2024-02-28,Prod_6,1,60.15,60.15,North,Online
3320,2024-02-28,Prod_4,3,101.17,303.51,South,Store
3321,2024-02-28,Prod_13,4,58.22,232.88,North,Online
3322,2024-02-28,Prod_4,4,102.42,409.68,West,Online
3323,2024-02-28,Prod_3,4,17.07,68.28,East,Online
3324,2024-02-28,Prod_12,2,72.43,144.86,South,Online
3325,2024-02-28,Prod_3,2,13.65,27.3,North,Store
3326,2024-02-28,Prod_8,1,15.48,15.48,South,Store
3327,2024-02-28,Prod_10,2,85.69,171.38,South,Online
3328,2024-02-28,Prod_10,1,36.64,36.64,North,Online
3329,2024-02-28,Prod_9,3,31.02,93.06,East,Online
3330,2024-02-28,Prod_13,1,84.18,84.18,East,Online
3331,2024-02-28,Prod_6,1,54.16,54.16,South,Store
3332,2024-02-28,Prod_12,1,37.51,37.51,West,Store
3333,2024-02-28,Prod_11,3,18.64,55.92,North,Online
3334,2024-02-28,Prod_10,1,55.71,55.71,West,Online
3335,2024-02-28,Prod_10,2,84.58,169.16,West,Store
3336,2024-02-28,Prod_11,1,20.0,20.0,East,Store
3337,2024-02-28,Prod_14,3,30.65,91.95,West,Online
3338,2024-02-28,Prod_9,1,28.35,28.35,South,Online
3339,2024-02-28,Prod_6,4,94.16,376.64,South,Online
3340,2024-02-28,Prod_8,4,88.69,354.76,North,Online
3341,2024-02-28,Prod_14,2,90.26,180.52,East,Online
3342,2024-02-28,Prod_10,1,70.61,70.61,East,Store
3343,2024-02-28,Prod_12,1,71.46,71.46,East,Store
3344,2024-02-28,Prod_12,2,52.07,104.14,East,Store
3345,2024-02-28,Prod_8,4,23.03,92.12,East,Store
3346,2024-02-28,Prod_8,3,44.85,134.55,North,Store
3347,2024-02-28,Prod_6,2,59.3,118.6,South,Store
3348,2024-02-28,Prod_13,3,97.71,293.13,North,Online
3349,2024-02-28,Prod_8,2,30.31,60.62,East,Store
3350,2024-02-28,Prod_9,3,53.86,161.58,East,Store
3351,2024-02-28,Prod_3,2,27.58,55.16,East,Online
3352,2024-02-28,Prod_8,4,63.78,255.12,North,Store
3353,2024-02-28,Prod_12,2,24.87,49.74,East,Store
3354,2024-02-28,Prod_8,3,39.39,118.17,East,Online
3355,2024-02-28,Prod_11,1,62.03,62.03,North,Online
3356,2024-02-28,Prod_9,1,35.81,35.81,West,Store
3357,2024-02-28,Prod_15,1,23.06,23.06,North,Online
3358,2024-02-28,Prod_8,4,103.47,413.88,West,Online
3359,2024-02-28,Prod_9,1,26.94,26.94,West,Online
3360,2024-02-28,Prod_5,4,66.98,267.92,East,Online
3361,2024-02-28,Prod_4,3,22.22,66.66,North,Online
3362,2024-02-28,Prod_11,4,104.63,418.52,South,Store
3363,2024-02-28,Prod_6,3,74.34,223.02,West,Online
3364,2024-02-28,Prod_5,4,68.65,274.6,East,Online
3365,2024-02-28,Prod_15,4,58.55,234.2,West,Store
3366,2024-02-28,Prod_10,3,96.95,290.85,West,Online
3367,2024-02-28,Prod_6,3,21.28,63.84,North,Online
3368,2024-02-28,Prod_2,4,31.16,124.64,East,Store
3369,2024-02-28,Prod_15,3,29.64,88.92,East,Store
3370,2024-02-28,Prod_10,2,24.69,49.38,East,Online
3371,2024-02-28,Prod_9,1,53.44,53.44,North,Store
3372,2024-02-28,Prod_9,2,100.63,201.26,West,Online
3373,2024-02-29,Prod_5,2,21.06,42.12,West,Store
3374,2024-02-29,Prod_13,1,53.54,53.54,North,Online
3375,2024-02-29,Prod_2,3,18.87,56.61,West,Online
3376,2024-02-29,Prod_6,3,66.71,200.13,West,Online
3377,2024-02-29,Prod_2,4,44.71,178.84,West,Online
3378,2024-02-29,Prod_4,3,21.42,64.26,West,Store
3379,2024-02-29,Prod_5,2,57.77,115.54,East,Online
3380,2024-02-29,Prod_5,3,74.36,223.08,South,Online
3381,2024-02-29,Prod_15,4,20.93,83.72,East,Online
3382,2024-02-29,Prod_10,1,8.95,8.95,South,Store
3383,2024-02-29,Prod_3,3,72.08,216.24,East,Online
3384,2024-02-29,Prod_9,1,71.41,71.41,East,Online
3385,2024-02-29,Prod_7,1,83.02,83.02,North,Store
3386,2024-02-29,Prod_10,1,69.17,69.17,South,Store
3387,2024-02-29,Prod_12,1,60.73,60.73,North,Store
3388,2024-02-29,Prod_7,1,12.99,12.99,East,Online
3389,2024-02-29,Prod_15,1,88.35,88.35,West,Store
3390,2024-02-29,Prod_1,2,57.16,114.32,West,Online
3391,2024-02-29,Prod_12,3,17.26,51.78,West,Store
3392,2024-02-29,Prod_15,2,56.05,112.1,North,Online
3393,2024-02-29,Prod_11,3,63.39,190.17,South,Online
3394,2024-02-29,Prod_4,3,50.24,150.72,North,Store
3395,2024-02-29,Prod_7,3,56.16,168.48,West,Online
3396,2024-02-29,Prod_10,4,73.02,292.08,East,Online
3397,2024-02-29,Prod_5,1,49.59,49.59,North,Online
3398,2024-02-29,Prod_3,3,76.82,230.46,North,Store
3399,2024-02-29,Prod_6,4,76.6,306.4,West,Store
3400,2024-03-01,Prod_4,1,103.18,103.18,East,Store
3401,2024-03-01,Prod_6,3,27.99,83.97,South,Store
3402,2024-03-01,Prod_15,2,64.27,128.54,West,Store
3403,2024-03-01,Prod_1,4,75.79,303.16,North,Store
3404,2024-03-01,Prod_5,4,90.03,360.12,South,Online
3405,2024-03-01,Prod_2,1,30.02,30.02,South,Store
3406,2024-03-01,Prod_8,4,26.49,105.96,East,Store
3407,2024-03-01,Prod_13,2,45.44,90.88,North,Store
3408,2024-03-01,Prod_13,3,39.29,117.87,West,Online
3409,2024-03-01,Prod_6,2,13.22,26.44,East,Store
3410,2024-03-01,Prod_13,4,92.76,371.04,West,Online
3411,2024-03-01,Prod_15,1,98.15,98.15,South,Online
3412,2024-03-01,Prod_15,3,66.11,198.33,East,Online
3413,2024-03-01,Prod_2,1,65.46,65.46,North,Store
3414,2024-03-01,Prod_7,4,19.38,77.52,North,Store
3415,2024-03-01,Prod_5,3,17.05,51.15,North,Online
3416,2024-03-01,Prod_13,1,74.9,74.9,North,Online
3417,2024-03-01,Prod_3,2,52.17,104.34,South,Online
3418,2024-03-01,Prod_6,2,12.16,24.32,North,Store
3419,2024-03-01,Prod_4,1,42.17,42.17,North,Store
3420,2024-03-01,Prod_5,3,83.03,249.09,East,Store
3421,2024-03-01,Prod_14,3,91.65,274.95,West,Online
3422,2024-03-01,Prod_7,3,31.14,93.42,North,Store
3423,2024-03-01,Prod_8,1,80.37,80.37,West,Online
3424,2024-03-01,Prod_1,1,64.55,64.55,West,Online
3425,2024-03-01,Prod_6,2,63.68,127.36,West,Online
3426,2024-03-01,Prod_4,1,107.37,107.37,North,Online
3427,2024-03-01,Prod_6,3,8.31,24.93,North,Store
3428,2024-03-01,Prod_9,2,60.49,120.98,South,Online
3429,2024-03-01,Prod_10,4,83.33,333.32,West,Store
3430,2024-03-01,Prod_10,4,86.61,346.44,North,Store
3431,2024-03-01,Prod_14,4,40.49,161.96,North,Store
3432,2024-03-01,Prod_14,3,81.21,243.63,South,Online
3433,2024-03-01,Prod_7,3,89.84,269.52,North,Store
3434,2024-03-01,Prod_4,4,56.0,224.0,South,Online
3435,2024-03-01,Prod_5,4,73.88,295.52,North,Online
3436,2024-03-01,Prod_10,3,75.56,226.68,South,Store
3437,2024-03-01,Prod_12,1,19.23,19.23,East,Store
3438,2024-03-01,Prod_2,2,28.2,56.4,South,Store
3439,2024-03-01,Prod_13,3,54.11,162.33,East,Online
3440,2024-03-01,Prod_4,3,33.55,100.65,West,Online
3441,2024-03-01,Prod_6,4,9.34,37.36,North,Online
3442,2024-03-01,Prod_2,1,12.68,12.68,North,Online
3443,2024-03-01,Prod_10,1,11.61,11.61,East,Store
3444,2024-03-01,Prod_7,1,27.31,27.31,West,Store
3445,2024-03-01,Prod_11,1,53.87,53.87,West,Online
3446,2024-03-01,Prod_1,2,66.81,133.62,North,Store
3447,2024-03-01,Prod_6,2,8.53,17.06,North,Online
3448,2024-03-01,Prod_3,1,85.88,85.88,West,Online
3449,2024-03-01,Prod_14,3,46.66,139.98,North,Store
3450,2024-03-01,Prod_7,2,49.23,98.46,South,Store
3451,2024-03-01,Prod_8,1,78.44,78.44,East,Store
3452,2024-03-01,Prod_4,2,29.19,58.38,South,Store
3453,2024-03-01,Prod_1,3,63.51,190.53,North,Online
3454,2024-03-01,Prod_15,4,29.96,119.84,East,Store
3455,2024-03-01,Prod_10,2,42.95,85.9,North,Online
3456,2024-03-01,Prod_6,2,40.24,80.48,North,Online
3457,2024-03-02,Prod_8,1,73.62,73.62,East,Online
3458,2024-03-02,Prod_3,3,22.55,67.65,South,Online
3459,2024-03-02,Prod_7,4,11.51,46.04,South,Online
3460,2024-03-02,Prod_5,4,23.79,95.16,West,Online
3461,2024-03-02,Prod_14,4,72.38,289.52,North,Online
3462,2024-03-02,Prod_6,2,84.7,169.4,West,Online
3463,2024-03-02,Prod_5,2,30.56,61.12,North,Store
3464,2024-03-02,Prod_7,2,27.41,54.82,West,Store
3465,2024-03-02,Prod_9,4,15.72,62.88,West,Online
3466,2024-03-02,Prod_12,3,9.01,27.03,West,Online
3467,2024-03-02,Prod_15,4,72.27,289.08,West,Store
3468,2024-03-02,Prod_5,4,29.42,117.68,North,Store
3469,2024-03-02,Prod_14,3,66.92,200.76,East,Online
3470,2024-03-02,Prod_15,4,40.29,161.16,West,Online
3471,2024-03-02,Prod_9,3,96.56,289.68,North,Online
3472,2024-03-02,Prod_7,2,59.61,119.22,South,Online
3473,2024-03-02,Prod_12,4,27.44,109.76,South,Online
3474,2024-03-02,Prod_11,1,21.09,21.09,West,Store
3475,2024-03-02,Prod_11,1,87.45,87.45,South,Online
3476,2024-03-02,Prod_12,3,55.44,166.32,North,Store
3477,2024-03-02,Prod_2,2,38.03,76.06,North,Store
3478,2024-03-02,Prod_6,3,91.8,275.4,North,Store
3479,2024-03-02,Prod_5,3,37.32,111.96,North,Store
3480,2024-03-02,Prod_10,1,67.02,67.02,South,Online
3481,2024-03-02,Prod_9,4,89.36,357.44,South,Store
3482,2024-03-02,Prod_10,2,77.74,155.48,North,Online
3483,2024-03-02,Prod_2,2,54.67,109.34,South,Online
3484,2024-03-02,Prod_2,4,12.47,49.88,North,Online
3485,2024-03-02,Prod_10,3,24.07,72.21,South,Store
3486,2024-03-02,Prod_11,1,105.52,105.52,South,Store
3487,2024-03-02,Prod_14,1,77.4,77.4,West,Online
3488,2024-03-02,Prod_12,1,34.7,34.7,North,Store
3489,2024-03-02,Prod_6,3,63.72,191.16,West,Store
3490,2024-03-02,Prod_8,4,43.25,173.0,South,Online
3491,2024-03-02,Prod_8,2,46.1,92.2,North,Online
3492,2024-03-02,Prod_15,2,39.39,78.78,North,Online
3493,2024-03-02,Prod_6,2,74.47,148.94,East,Online
3494,2024-03-02,Prod_8,1,39.86,39.86,North,Online
3495,2024-03-02,Prod_4,4,30.2,120.8,South,Store
3496,2024-03-02,Prod_2,3,15.17,45.51,North,Store
3497,2024-03-02,Prod_14,1,70.33,70.33,West,Online
3498,2024-03-02,Prod_8,3,27.14,81.42,North,Online
3499,2024-03-02,Prod_1,4,27.38,109.52,North,Store
3500,2024-03-02,Prod_3,1,91.53,91.53,East,Online
3501,2024-03-02,Prod_5,4,76.97,307.88,North,Store
3502,2024-03-02,Prod_9,4,97.18,388.72,East,Online
3503,2024-03-02,Prod_5,3,9.42,28.26,South,Store
3504,2024-03-03,Prod_10,1,51.77,51.77,East,Online
3505,2024-03-03,Prod_5,4,75.02,300.08,North,Online
3506,2024-03-03,Prod_15,2,49.2,98.4,West,Online
3507,2024-03-03,Prod_11,3,48.87,146.61,East,Store
3508,2024-03-03,Prod_1,4,52.99,211.96,West,Online
3509,2024-03-03,Prod_14,2,97.81,195.62,South,Store
3510,2024-03-03,Prod_9,1,22.04,22.04,South,Store
3511,2024-03-03,Prod_4,2,89.02,178.04,North,Store
3512,2024-03-03,Prod_5,1,24.63,24.63,East,Store
3513,2024-03-03,Prod_9,2,33.42,66.84,North,Store
3514,2024-03-03,Prod_8,1,87.88,87.88,East,Store
3515,2024-03-03,Prod_10,3,54.21,162.63,East,Online
3516,2024-03-03,Prod_3,1,68.23,68.23,West,Store
3517,2024-03-03,Prod_3,4,100.19,400.76,North,Online
3518,2024-03-03,Prod_1,2,80.25,160.5,West,Store
3519,2024-03-03,Prod_15,4,37.03,148.12,South,Store
3520,2024-03-03,Prod_10,2,41.15,82.3,South,Online
3521,2024-03-03,Prod_13,4,86.76,347.04,North,Online
3522,2024-03-03,Prod_5,3,59.55,178.65,South,Online
3523,2024-03-03,Prod_15,1,31.33,31.33,North,Online
3524,2024-03-03,Prod_2,2,39.69,79.38,North,Store
3525,2024-03-03,Prod_3,3,44.4,133.2,West,Online
3526,2024-03-03,Prod_2,2,91.25,182.5,East,Online
3527,2024-03-03,Prod_8,2,75.73,151.46,South,Online
3528,2024-03-03,Prod_12,4,86.41,345.64,South,Online
3529,2024-03-03,Prod_1,3,94.48,283.44,North,Online
3530,2024-03-03,Prod_8,2,75.22,150.44,South,Store
3531,2024-03-03,Prod_7,2,38.31,76.62,South,Online
3532,2024-03-03,Prod_1,2,82.1,164.2,South,Store
3533,2024-03-03,Prod_8,1,64.27,64.27,South,Online
3534,2024-03-03,Prod_3,1,98.58,98.58,West,Store
3535,2024-03-03,Prod_2,4,24.94,99.76,South,Online
3536,2024-03-03,Prod_14,4,28.0,112.0,North,Store
3537,2024-03-03,Prod_14,2,79.57,159.14,North,Store
3538,2024-03-04,Prod_9,4,69.91,279.64,North,Online
3539,2024-03-04,Prod_6,1,14.44,14.44,East,Online
3540,2024-03-04,Prod_6,1,26.83,26.83,West,Online
3541,2024-03-04,Prod_10,2,51.79,103.58,North,Store
3542,2024-03-04,Prod_6,1,70.83,70.83,East,Store
3543,2024-03-04,Prod_12,3,81.09,243.27,South,Online
3544,2024-03-04,Prod_10,3,61.0,183.0,South,Online
3545,2024-03-04,Prod_15,2,44.06,88.12,North,Online
3546,2024-03-04,Prod_13,1,58.68,58.68,East,Online
3547,2024-03-04,Prod_1,3,7.0,21.0,North,Store
3548,2024-03-04,Prod_7,4,74.18,296.72,East,Store
3549,2024-03-04,Prod_12,3,76.82,230.46,East,Online
3550,2024-03-04,Prod_7,1,40.31,40.31,South,Store
3551,2024-03-04,Prod_7,2,32.14,64.28,West,Online
3552,2024-03-04,Prod_10,4,23.83,95.32,South,Online
3553,2024-03-04,Prod_15,2,10.32,20.64,North,Online
3554,2024-03-04,Prod_4,2,87.63,175.26,North,Online
3555,2024-03-04,Prod_13,1,93.41,93.41,West,Store
3556,2024-03-04,Prod_12,4,38.0,152.0,East,Online
3557,2024-03-04,Prod_2,4,50.02,200.08,South,Store
3558,2024-03-04,Prod_9,4,103.81,415.24,North,Online
3559,2024-03-04,Prod_13,2,45.31,90.62,South,Online
3560,2024-03-04,Prod_8,4,32.21,128.84,East,Store
3561,2024-03-05,Prod_10,2,24.85,49.7,North,Store
3562,2024-03-05,Prod_6,1,10.4,10.4,West,Store
3563,2024-03-05,Prod_8,1,52.63,52.63,West,Online
3564,2024-03-05,Prod_13,2,89.58,179.16,West,Online
3565,2024-03-05,Prod_3,3,37.0,111.0,West,Store
3566,2024-03-05,Prod_2,4,16.82,67.28,East,Store
3567,2024-03-05,Prod_6,4,61.39,245.56,West,Online
3568,2024-03-05,Prod_7,1,64.04,64.04,South,Store
3569,2024-03-05,Prod_9,2,60.25,120.5,North,Store
3570,2024-03-05,Prod_10,1,9.52,9.52,South,Online
3571,2024-03-05,Prod_2,3,78.67,236.01,West,Online
3572,2024-03-05,Prod_15,1,102.56,102.56,South,Store
3573,2024-03-05,Prod_8,4,32.28,129.12,East,Online
3574,2024-03-05,Prod_8,3,33.41,100.23,North,Online
3575,2024-03-05,Prod_1,1,43.85,43.85,West,Online
3576,2024-03-05,Prod_14,3,27.93,83.79,West,Store
3577,2024-03-05,Prod_1,3,36.46,109.38,East,Store
3578,2024-03-05,Prod_14,2,11.73,23.46,West,Online
3579,2024-03-05,Prod_15,4,61.75,247.0,East,Online
3580,2024-03-05,Prod_13,2,30.08,60.16,South,Online
3581,2024-03-05,Prod_13,4,49.81,199.24,East,Online
3582,2024-03-05,Prod_12,2,72.04,144.08,East,Store
3583,2024-03-05,Prod_10,3,25.36,76.08,East,Online
3584,2024-03-05,Prod_9,4,87.25,349.0,South,Online
3585,2024-03-05,Prod_4,1,35.34,35.34,North,Online
3586,2024-03-05,Prod_15,1,78.96,78.96,West,Online
3587,2024-03-05,Prod_4,2,62.57,125.14,North,Store
3588,2024-03-05,Prod_4,2,15.07,30.14,West,Store
3589,2024-03-05,Prod_10,1,67.36,67.36,East,Online
3590,2024-03-05,Prod_5,4,72.9,291.6,West,Online
3591,2024-03-05,Prod_3,2,69.43,138.86,South,Online
3592,2024-03-05,Prod_9,2,97.52,195.04,West,Store
3593,2024-03-05,Prod_6,4,54.07,216.28,East,Online
3594,2024-03-05,Prod_3,1,82.29,82.29,East,Store
3595,2024-03-05,Prod_4,2,61.14,122.28,North,Online
3596,2024-03-05,Prod_5,3,37.42,112.26,West,Online
3597,2024-03-05,Prod_8,3,12.7,38.1,East,Online
3598,2024-03-05,Prod_2,3,51.26,153.78,North,Store
3599,2024-03-05,Prod_3,2,18.59,37.18,West,Online
3600,2024-03-05,Prod_8,4,11.37,45.48,East,Online
3601,2024-03-05,Prod_10,1,35.28,35.28,West,Online
3602,2024-03-05,Prod_8,1,98.21,98.21,South,Online
3603,2024-03-05,Prod_14,3,103.99,311.97,East,Online
3604,2024-03-05,Prod_6,3,86.55,259.65,North,Online
3605,2024-03-05,Prod_1,4,52.2,208.8,West,Store
3606,2024-03-05,Prod_5,2,43.35,86.7,West,Online
3607,2024-03-05,Prod_3,2,45.63,91.26,East,Store
3608,2024-03-05,Prod_3,3,9.54,28.62,East,Online
3609,2024-03-05,Prod_10,3,43.47,130.41,North,Online
3610,2024-03-05,Prod_13,3,27.4,82.2,East,Store
3611,2024-03-05,Prod_4,3,50.78,152.34,North,Online
3612,2024-03-05,Prod_13,2,23.71,47.42,West,Store
3613,2024-03-05,Prod_7,2,81.6,163.2,East,Online
3614,2024-03-06,Prod_14,3,22.22,66.66,North,Store
3615,2024-03-06,Prod_4,3,37.06,111.18,South,Store
3616,2024-03-06,Prod_10,2,92.54,185.08,West,Online
3617,2024-03-06,Prod_4,3,75.75,227.25,West,Online
3618,2024-03-06,Prod_11,1,28.25,28.25,East,Store
3619,2024-03-06,Prod_8,4,66.45,265.8,North,Online
3620,2024-03-06,Prod_9,4,64.19,256.76,West,Online
3621,2024-03-06,Prod_2,2,98.32,196.64,North,Online
3622,2024-03-06,Prod_6,3,62.48,187.44,West,Store
3623,2024-03-06,Prod_10,3,8.82,26.46,South,Store
3624,2024-03-06,Prod_5,2,99.4,198.8,East,Online
3625,2024-03-06,Prod_11,3,78.08,234.24,North,Online
3626,2024-03-06,Prod_6,3,20.92,62.76,South,Store
3627,2024-03-06,Prod_4,4,62.26,249.04,West,Store
3628,2024-03-06,Prod_4,2,28.23,56.46,West,Online
3629,2024-03-06,Prod_13,4,60.78,243.12,South,Online
3630,2024-03-06,Prod_9,3,99.85,299.55,North,Store
3631,2024-03-06,Prod_2,1,84.07,84.07,West,Online
3632,2024-03-06,Prod_9,1,88.44,88.44,West,Online
3633,2024-03-06,Prod_15,3,86.9,260.7,North,Store
3634,2024-03-06,Prod_5,2,24.57,49.14,West,Online
3635,2024-03-06,Prod_4,4,67.05,268.2,South,Online
3636,2024-03-07,Prod_7,3,70.36,211.08,West,Online
3637,2024-03-07,Prod_13,1,13.25,13.25,West,Online
3638,2024-03-07,Prod_4,2,57.59,115.18,South,Store
3639,2024-03-07,Prod_8,1,103.35,103.35,North,Online
3640,2024-03-07,Prod_10,3,83.75,251.25,East,Online
3641,2024-03-07,Prod_1,2,50.23,100.46,North,Online
3642,2024-03-07,Prod_13,1,90.3,90.3,East,Store
3643,2024-03-07,Prod_2,2,86.2,172.4,South,Online
3644,2024-03-07,Prod_14,2,98.74,197.48,West,Store
3645,2024-03-07,Prod_6,3,24.47,73.41,West,Online
3646,2024-03-07,Prod_4,3,48.93,146.79,South,Store
3647,2024-03-07,Prod_9,2,85.88,171.76,South,Online
3648,2024-03-07,Prod_15,3,64.92,194.76,South,Store
3649,2024-03-07,Prod_14,3,16.05,48.15,West,Store
3650,2024-03-07,Prod_4,3,41.31,123.93,West,Store
3651,2024-03-07,Prod_3,1,14.86,14.86,West,Store
3652,2024-03-07,Prod_10,4,36.39,145.56,East,Store
3653,2024-03-07,Prod_9,4,104.82,419.28,East,Online
3654,2024-03-07,Prod_12,4,85.55,342.2,North,Online
3655,2024-03-07,Prod_8,3,53.22,159.66,West,Online
3656,2024-03-07,Prod_11,3,37.47,112.41,East,Store
3657,2024-03-07,Prod_6,3,51.41,154.23,North,Store
3658,2024-03-07,Prod_7,3,79.9,239.7,North,Store
3659,2024-03-07,Prod_15,3,12.87,38.61,North,Online
3660,2024-03-07,Prod_5,4,83.58,334.32,North,Store
3661,2024-03-07,Prod_3,2,62.56,125.12,South,Store
3662,2024-03-07,Prod_15,3,50.68,152.04,South,Store
3663,2024-03-07,Prod_2,3,91.59,274.77,East,Online
3664,2024-03-07,Prod_13,1,87.96,87.96,South,Store
3665,2024-03-07,Prod_13,3,53.49,160.47,North,Online
3666,2024-03-07,Prod_14,1,20.56,20.56,South,Store
3667,2024-03-07,Prod_12,2,88.48,176.96,West,Online
3668,2024-03-07,Prod_14,2,73.62,147.24,North,Online
3669,2024-03-07,Prod_3,3,60.28,180.84,East,Store
3670,2024-03-07,Prod_15,1,51.32,51.32,South,Online
3671,2024-03-08,Prod_6,3,34.1,102.3,South,Store
3672,2024-03-08,Prod_1,1,60.57,60.57,North,Online
3673,2024-03-08,Prod_11,1,28.1,28.1,West,Store
3674,2024-03-08,Prod_1,3,65.13,195.39,West,Store
3675,2024-03-08,Prod_8,3,14.35,43.05,East,Store
3676,2024-03-08,Prod_9,2,56.03,112.06,South,Online
3677,2024-03-08,Prod_1,3,42.95,128.85,West,Store
3678,2024-03-08,Prod_9,1,89.76,89.76,West,Online
3679,2024-03-08,Prod_2,2,90.38,180.76,South,Online
3680,2024-03-08,Prod_1,2,32.19,64.38,East,Online
3681,2024-03-08,Prod_13,3,49.27,147.81,West,Online
3682,2024-03-08,Prod_11,4,97.54,390.16,North,Store
3683,2024-03-08,Prod_6,1,84.21,84.21,East,Online
3684,2024-03-08,Prod_9,1,52.81,52.81,West,Store
3685,2024-03-08,Prod_4,1,41.72,41.72,South,Online
3686,2024-03-08,Prod_11,1,43.85,43.85,West,Online
3687,2024-03-08,Prod_6,3,52.05,156.15,South,Store
3688,2024-03-08,Prod_9,2,35.73,71.46,West,Store
3689,2024-03-08,Prod_11,3,25.03,75.09,North,Online
3690,2024-03-08,Prod_1,4,84.55,338.2,South,Store
3691,2024-03-08,Prod_3,1,61.12,61.12,North,Online
3692,2024-03-08,Prod_5,4,90.49,361.96,North,Online
3693,2024-03-08,Prod_2,3,16.83,50.49,East,Online
3694,2024-03-08,Prod_1,2,34.85,69.7,North,Store
3695,2024-03-08,Prod_10,2,62.6,125.2,South,Store
3696,2024-03-08,Prod_10,1,13.81,13.81,East,Store
3697,2024-03-08,Prod_2,2,44.73,89.46,West,Online
3698,2024-03-08,Prod_3,1,48.85,48.85,North,Store
3699,2024-03-08,Prod_10,3,57.01,171.03,East,Online
3700,2024-03-08,Prod_1,4,11.0,44.0,South,Store
3701,2024-03-08,Prod_10,2,14.46,28.92,South,Store
3702,2024-03-08,Prod_14,1,78.84,78.84,West,Store
3703,2024-03-08,Prod_2,1,87.5,87.5,North,Store
3704,2024-03-08,Prod_11,3,17.2,51.6,West,Online
3705,2024-03-08,Prod_4,2,52.95,105.9,East,Store
3706,2024-03-08,Prod_8,4,36.93,147.72,East,Store
3707,2024-03-08,Prod_13,3,51.84,155.52,South,Store
3708,2024-03-08,Prod_13,2,24.77,49.54,South,Online
3709,2024-03-08,Prod_4,1,17.9,17.9,East,Store
3710,2024-03-08,Prod_9,2,25.97,51.94,West,Online
3711,2024-03-08,Prod_10,4,60.51,242.04,North,Online
3712,2024-03-08,Prod_3,2,82.05,164.1,North,Store
3713,2024-03-08,Prod_14,4,91.83,367.32,West,Online
3714,2024-03-08,Prod_2,3,91.74,275.22,South,Online
3715,2024-03-08,Prod_11,2,34.98,69.96,West,Online
3716,2024-03-08,Prod_4,3,104.4,313.2,North,Store
3717,2024-03-08,Prod_7,1,15.89,15.89,North,Online
3718,2024-03-08,Prod_11,2,57.32,114.64,North,Online
3719,2024-03-08,Prod_12,3,10.25,30.75,West,Store
3720,2024-03-08,Prod_4,3,69.62,208.86,East,Store
3721,2024-03-08,Prod_14,4,101.61,406.44,South,Store
3722,2024-03-08,Prod_12,4,8.1,32.4,South,Store
3723,2024-03-08,Prod_3,3,43.03,129.09,North,Online
3724,2024-03-09,Prod_9,3,97.12,291.36,South,Online
3725,2024-03-09,Prod_14,3,78.87,236.61,South,Online
3726,2024-03-09,Prod_12,4,82.59,330.36,East,Online
3727,2024-03-09,Prod_2,1,73.67,73.67,West,Online
3728,2024-03-09,Prod_14,3,99.04,297.12,West,Store
3729,2024-03-09,Prod_7,3,49.93,149.79,North,Online
3730,2024-03-09,Prod_13,4,39.54,158.16,West,Store
3731,2024-03-09,Prod_15,4,100.03,400.12,East,Online
3732,2024-03-09,Prod_15,2,30.73,61.46,North,Store
3733,2024-03-09,Prod_15,2,60.95,121.9,North,Online
3734,2024-03-09,Prod_11,3,69.27,207.81,South,Online
3735,2024-03-09,Prod_15,2,96.72,193.44,South,Store
3736,2024-03-09,Prod_14,2,52.85,105.7,North,Online
3737,2024-03-09,Prod_5,4,40.09,160.36,North,Online
3738,2024-03-09,Prod_9,3,79.59,238.77,North,Online
3739,2024-03-09,Prod_3,2,32.69,65.38,West,Store
3740,2024-03-09,Prod_15,4,63.29,253.16,North,Store
3741,2024-03-09,Prod_11,1,45.22,45.22,West,Online
3742,2024-03-09,Prod_13,1,81.27,81.27,North,Store
3743,2024-03-09,Prod_14,1,80.5,80.5,North,Store
3744,2024-03-09,Prod_15,3,42.19,126.57,West,Online
3745,2024-03-09,Prod_10,3,70.66,211.98,North,Store
3746,2024-03-09,Prod_13,1,54.09,54.09,South,Online
3747,2024-03-09,Prod_9,4,52.93,211.72,West,Store
3748,2024-03-09,Prod_11,4,35.04,140.16,East,Online
3749,2024-03-09,Prod_12,4,54.89,219.56,West,Online
3750,2024-03-09,Prod_13,2,99.53,199.06,South,Store
3751,2024-03-09,Prod_4,2,62.25,124.5,South,Online
3752,2024-03-09,Prod_14,2,101.64,203.28,South,Store
3753,2024-03-09,Prod_13,1,63.04,63.04,West,Store
3754,2024-03-09,Prod_5,3,43.13,129.39,North,Online
3755,2024-03-09,Prod_7,1,88.84,88.84,South,Online
3756,2024-03-09,Prod_6,4,26.48,105.92,North,Store
3757,2024-03-09,Prod_12,2,47.39,94.78,East,Online
3758,2024-03-09,Prod_2,3,32.08,96.24,South,Store
3759,2024-03-10,Prod_14,2,49.69,99.38,South,Store
3760,2024-03-10,Prod_7,1,88.83,88.83,South,Store
3761,2024-03-10,Prod_7,2,13.87,27.74,South,Online
3762,2024-03-10,Prod_11,4,74.44,297.76,East,Online
3763,2024-03-10,Prod_10,3,36.58,109.74,West,Store
3764,2024-03-10,Prod_8,3,93.38,280.14,East,Online
3765,2024-03-10,Prod_14,1,74.42,74.42,South,Online
3766,2024-03-10,Prod_14,4,14.93,59.72,East,Online
3767,2024-03-10,Prod_14,2,91.61,183.22,North,Store
3768,2024-03-10,Prod_14,3,92.42,277.26,North,Store
3769,2024-03-10,Prod_4,2,53.72,107.44,South,Online
3770,2024-03-10,Prod_12,3,18.15,54.45,South,Store
3771,2024-03-10,Prod_3,2,23.75,47.5,South,Online
3772,2024-03-10,Prod_15,3,95.57,286.71,East,Store
3773,2024-03-10,Prod_13,1,95.67,95.67,South,Online
3774,2024-03-10,Prod_1,1,15.04,15.04,West,Online
3775,2024-03-10,Prod_5,2,25.27,50.54,West,Store
3776,2024-03-10,Prod_4,4,94.86,379.44,West,Online
3777,2024-03-10,Prod_1,1,38.05,38.05,North,Store
3778,2024-03-10,Prod_2,1,24.49,24.49,East,Online
3779,2024-03-10,Prod_11,1,22.38,22.38,East,Online
3780,2024-03-10,Prod_6,1,27.88,27.88,West,Online
3781,2024-03-10,Prod_1,1,93.06,93.06,West,Online
3782,2024-03-10,Prod_5,2,25.91,51.82,East,Online
3783,2024-03-10,Prod_13,4,83.63,334.52,East,Online
3784,2024-03-10,Prod_1,4,76.14,304.56,West,Online
3785,2024-03-10,Prod_6,3,82.44,247.32,West,Online
3786,2024-03-10,Prod_6,3,46.41,139.23,East,Store
3787,2024-03-10,Prod_13,3,26.59,79.77,North,Store
3788,2024-03-10,Prod_4,4,19.27,77.08,South,Store
3789,2024-03-10,Prod_6,3,26.96,80.88,South,Online
3790,2024-03-11,Prod_2,4,67.26,269.04,East,Store
3791,2024-03-11,Prod_10,1,23.57,23.57,North,Online
3792,2024-03-11,Prod_1,4,18.41,73.64,East,Online
3793,2024-03-11,Prod_12,2,23.44,46.88,South,Store
3794,2024-03-11,Prod_2,4,23.21,92.84,East,Store
3795,2024-03-11,Prod_13,3,12.57,37.71,North,Online
3796,2024-03-11,Prod_5,2,43.79,87.58,South,Store
3797,2024-03-11,Prod_14,3,71.66,214.98,North,Online
3798,2024-03-11,Prod_6,1,29.59,29.59,North,Store
3799,2024-03-11,Prod_2,1,81.97,81.97,North,Store
3800,2024-03-11,Prod_11,3,90.45,271.35,East,Online
3801,2024-03-11,Prod_1,4,78.93,315.72,East,Online
3802,2024-03-11,Prod_7,1,13.46,13.46,South,Store
3803,2024-03-11,Prod_12,4,52.0,208.0,North,Online
3804,2024-03-11,Prod_13,3,55.23,165.69,South,Store
3805,2024-03-11,Prod_4,2,32.0,64.0,South,Online
3806,2024-03-11,Prod_4,4,46.6,186.4,South,Online
3807,2024-03-11,Prod_4,3,96.45,289.35,South,Online
3808,2024-03-11,Prod_9,3,24.98,74.94,East,Store
3809,2024-03-11,Prod_1,1,24.63,24.63,South,Online
3810,2024-03-11,Prod_1,1,26.36,26.36,North,Online
3811,2024-03-11,Prod_15,4,22.03,88.12,South,Online
3812,2024-03-11,Prod_3,4,65.41,261.64,South,Online
3813,2024-03-11,Prod_2,3,38.05,114.15,West,Store
3814,2024-03-11,Prod_13,4,26.71,106.84,West,Online
3815,2024-03-11,Prod_7,4,58.4,233.6,South,Store
3816,2024-03-11,Prod_3,4,91.23,364.92,East,Store
3817,2024-03-11,Prod_11,1,105.82,105.82,West,Store
3818,2024-03-11,Prod_8,1,65.87,65.87,North,Store
3819,2024-03-11,Prod_12,3,29.61,88.83,South,Online
3820,2024-03-11,Prod_1,4,23.7,94.8,North,Online
3821,2024-03-11,Prod_9,1,13.34,13.34,East,Online
3822,2024-03-11,Prod_6,3,37.82,113.46,South,Store
3823,2024-03-11,Prod_6,3,38.37,115.11,East,Online
3824,2024-03-11,Prod_3,2,99.37,198.74,East,Store
3825,2024-03-11,Prod_13,3,44.43,133.29,North,Online
3826,2024-03-11,Prod_7,1,51.42,51.42,South,Online
3827,2024-03-11,Prod_4,2,30.21,60.42,South,Online
3828,2024-03-11,Prod_10,2,56.07,112.14,East,Online
3829,2024-03-11,Prod_11,3,103.86,311.58,North,Online
3830,2024-03-11,Prod_7,4,19.93,79.72,South,Online
3831,2024-03-11,Prod_1,4,94.66,378.64,North,Online
3832,2024-03-11,Prod_8,4,54.73,218.92,West,Online
3833,2024-03-12,Prod_8,3,98.71,296.13,North,Store
3834,2024-03-12,Prod_7,3,83.23,249.69,North,Online
3835,2024-03-12,Prod_13,1,96.21,96.21,North,Online
3836,2024-03-12,Prod_2,4,39.57,158.28,East,Online
3837,2024-03-12,Prod_5,3,26.28,78.84,South,Online
3838,2024-03-12,Prod_5,2,31.91,63.82,North,Store
3839,2024-03-12,Prod_11,1,39.75,39.75,South,Online
3840,2024-03-12,Prod_12,3,48.65,145.95,West,Store
3841,2024-03-12,Prod_14,4,78.05,312.2,North,Store
3842,2024-03-12,Prod_15,4,64.41,257.64,North,Online
3843,2024-03-12,Prod_15,3,49.54,148.62,East,Online
3844,2024-03-12,Prod_5,3,25.86,77.58,North,Online
3845,2024-03-12,Prod_1,4,59.76,239.04,West,Store
3846,2024-03-12,Prod_10,4,55.36,221.44,West,Store
3847,2024-03-12,Prod_15,3,20.03,60.09,East,Online
3848,2024-03-12,Prod_13,1,70.83,70.83,West,Online
3849,2024-03-12,Prod_4,1,97.22,97.22,North,Online
3850,2024-03-12,Prod_8,3,91.53,274.59,South,Online
3851,2024-03-12,Prod_8,2,33.65,67.3,West,Store
3852,2024-03-12,Prod_5,2,34.01,68.02,North,Online
3853,2024-03-12,Prod_7,2,8.44,16.88,West,Online
3854,2024-03-12,Prod_7,3,57.6,172.8,West,Store
3855,2024-03-12,Prod_12,2,16.39,32.78,East,Online
3856,2024-03-12,Prod_13,1,10.06,10.06,West,Online
3857,2024-03-12,Prod_2,2,51.28,102.56,East,Online
3858,2024-03-12,Prod_11,4,81.76,327.04,South,Online
3859,2024-03-12,Prod_3,4,79.92,319.68,South,Online
3860,2024-03-12,Prod_13,1,12.76,12.76,North,Online
3861,2024-03-12,Prod_12,1,89.43,89.43,West,Store
3862,2024-03-12,Prod_9,3,71.29,213.87,North,Store
3863,2024-03-12,Prod_11,2,61.33,122.66,West,Store
3864,2024-03-12,Prod_8,1,80.98,80.98,North,Online
3865,2024-03-12,Prod_12,1,24.17,24.17,East,Online
3866,2024-03-12,Prod_15,1,103.86,103.86,South,Online
3867,2024-03-12,Prod_12,3,57.4,172.2,South,Store
3868,2024-03-12,Prod_13,4,33.66,134.64,South,Online
3869,2024-03-12,Prod_14,4,39.06,156.24,North,Store
3870,2024-03-12,Prod_14,3,21.69,65.07,North,Online
3871,2024-03-12,Prod_8,4,51.91,207.64,North,Online
3872,2024-03-12,Prod_2,2,16.22,32.44,West,Online
3873,2024-03-12,Prod_8,4,86.23,344.92,North,Store
3874,2024-03-12,Prod_14,4,67.22,268.88,East,Online
3875,2024-03-12,Prod_4,1,82.09,82.09,North,Online
3876,2024-03-12,Prod_8,2,26.6,53.2,West,Store
3877,2024-03-12,Prod_14,4,14.71,58.84,South,Store
3878,2024-03-12,Prod_10,2,73.1,146.2,East,Online
3879,2024-03-12,Prod_6,2,68.01,136.02,North,Store
3880,2024-03-12,Prod_7,3,16.59,49.77,East,Online
3881,2024-03-12,Prod_11,1,103.3,103.3,East,Online
3882,2024-03-12,Prod_5,4,59.67,238.68,South,Online
3883,2024-03-12,Prod_7,1,47.04,47.04,South,Store
3884,2024-03-12,Prod_3,2,64.35,128.7,West,Store
3885,2024-03-12,Prod_11,2,97.69,195.38,West,Online
3886,2024-03-13,Prod_6,4,69.12,276.48,East,Online
3887,2024-03-13,Prod_4,4,44.66,178.64,South,Store
3888,2024-03-13,Prod_12,1,81.75,81.75,North,Online
3889,2024-03-13,Prod_15,4,50.16,200.64,North,Store
3890,2024-03-13,Prod_4,4,52.59,210.36,North,Online
3891,2024-03-13,Prod_11,2,79.81,159.62,North,Store
3892,2024-03-13,Prod_8,4,35.93,143.72,West,Online
3893,2024-03-13,Prod_2,4,71.65,286.6,South,Online
3894,2024-03-13,Prod_2,2,18.52,37.04,South,Online
3895,2024-03-13,Prod_1,4,88.46,353.84,North,Online
3896,2024-03-13,Prod_12,2,35.24,70.48,North,Store
3897,2024-03-13,Prod_3,3,55.08,165.24,East,Store
3898,2024-03-13,Prod_6,1,25.88,25.88,West,Online
3899,2024-03-13,Prod_5,2,72.39,144.78,South,Online
3900,2024-03-13,Prod_11,4,58.27,233.08,South,Store
3901,2024-03-13,Prod_3,2,94.64,189.28,West,Store
3902,2024-03-13,Prod_11,3,50.49,151.47,East,Online
3903,2024-03-13,Prod_2,1,66.38,66.38,South,Online
3904,2024-03-13,Prod_3,2,48.08,96.16,South,Online
3905,2024-03-13,Prod_13,1,25.25,25.25,East,Online
3906,2024-03-13,Prod_9,3,25.84,77.52,West,Store
3907,2024-03-13,Prod_10,1,35.63,35.63,South,Store
3908,2024-03-13,Prod_7,4,72.7,290.8,West,Online
3909,2024-03-13,Prod_10,3,48.94,146.82,East,Online
3910,2024-03-13,Prod_11,2,12.5,25.0,North,Online
3911,2024-03-13,Prod_12,1,56.17,56.17,South,Online
3912,2024-03-13,Prod_15,4,92.44,369.76,West,Store
3913,2024-03-13,Prod_7,2,24.91,49.82,North,Online
3914,2024-03-13,Prod_13,2,24.26,48.52,East,Online
3915,2024-03-13,Prod_10,3,36.15,108.45,West,Store
3916,2024-03-13,Prod_4,4,90.88,363.52,West,Online
3917,2024-03-13,Prod_8,3,30.59,91.77,South,Online
3918,2024-03-13,Prod_12,3,57.43,172.29,North,Online
3919,2024-03-13,Prod_7,4,64.34,257.36,North,Online
3920,2024-03-13,Prod_10,3,87.06,261.18,West,Online
3921,2024-03-13,Prod_6,2,60.85,121.7,West,Online
3922,2024-03-13,Prod_11,1,68.29,68.29,South,Online
3923,2024-03-13,Prod_9,4,55.09,220.36,East,Store
3924,2024-03-13,Prod_1,1,88.51,88.51,South,Store
3925,2024-03-13,Prod_3,3,87.46,262.38,West,Store
3926,2024-03-13,Prod_2,1,45.32,45.32,East,Online
3927,2024-03-13,Prod_13,2,99.35,198.7,North,Online
3928,2024-03-13,Prod_7,1,33.46,33.46,North,Online
3929,2024-03-13,Prod_14,3,91.69,275.07,North,Store
3930,2024-03-13,Prod_12,4,71.54,286.16,East,Store
3931,2024-03-13,Prod_9,2,40.48,80.96,East,Online
3932,2024-03-13,Prod_6,4,12.58,50.32,North,Store
3933,2024-03-14,Prod_8,1,67.06,67.06,West,Online
3934,2024-03-14,Prod_10,1,42.82,42.82,South,Online
3935,2024-03-14,Prod_14,3,31.51,94.53,North,Online
3936,2024-03-14,Prod_11,2,46.36,92.72,West,Online
3937,2024-03-14,Prod_1,3,61.89,185.67,East,Store
3938,2024-03-14,Prod_6,1,66.03,66.03,South,Store
3939,2024-03-14,Prod_3,1,76.04,76.04,East,Store
3940,2024-03-14,Prod_13,1,68.57,68.57,East,Online
3941,2024-03-14,Prod_2,2,26.82,53.64,North,Store
3942,2024-03-14,Prod_14,2,76.76,153.52,East,Store
3943,2024-03-14,Prod_5,3,66.03,198.09,South,Online
3944,2024-03-14,Prod_12,4,99.61,398.44,South,Store
3945,2024-03-14,Prod_2,4,57.19,228.76,East,Store
3946,2024-03-14,Prod_4,1,17.47,17.47,South,Store
3947,2024-03-14,Prod_1,2,81.52,163.04,East,Store
3948,2024-03-14,Prod_11,2,56.65,113.3,North,Online
3949,2024-03-14,Prod_10,1,19.04,19.04,North,Online
3950,2024-03-14,Prod_2,2,36.36,72.72,West,Online
3951,2024-03-14,Prod_14,4,70.32,281.28,North,Store
3952,2024-03-14,Prod_5,4,68.35,273.4,South,Online
3953,2024-03-14,Prod_8,2,84.08,168.16,South,Online
3954,2024-03-14,Prod_6,1,17.99,17.99,North,Online
3955,2024-03-14,Prod_11,4,34.71,138.84,South,Online
3956,2024-03-14,Prod_7,3,64.62,193.86,South,Store
3957,2024-03-14,Prod_15,4,89.55,358.2,West,Online
3958,2024-03-14,Prod_11,3,45.39,136.17,West,Online
3959,2024-03-14,Prod_13,1,8.68,8.68,East,Store
3960,2024-03-14,Prod_7,1,54.52,54.52,South,Store
3961,2024-03-14,Prod_3,1,12.61,12.61,East,Online
3962,2024-03-14,Prod_13,4,61.27,245.08,West,Online
3963,2024-03-14,Prod_14,2,102.88,205.76,North,Store
3964,2024-03-14,Prod_2,1,57.22,57.22,North,Online
3965,2024-03-14,Prod_9,4,15.14,60.56,North,Online
3966,2024-03-14,Prod_11,2,48.41,96.82,West,Online
3967,2024-03-14,Prod_11,2,55.42,110.84,North,Online
3968,2024-03-14,Prod_7,3,64.7,194.1,West,Online
3969,2024-03-14,Prod_1,3,91.89,275.67,West,Store
3970,2024-03-14,Prod_3,2,101.62,203.24,West,Store
3971,2024-03-15,Prod_11,4,53.95,215.8,East,Store
3972,2024-03-15,Prod_15,4,81.39,325.56,North,Online
3973,2024-03-15,Prod_11,4,83.06,332.24,East,Store
3974,2024-03-15,Prod_6,2,62.62,125.24,North,Store
3975,2024-03-15,Prod_12,4,69.1,276.4,West,Store
3976,2024-03-15,Prod_14,2,78.71,157.42,South,Online
3977,2024-03-15,Prod_6,2,29.36,58.72,North,Store
3978,2024-03-15,Prod_4,2,53.98,107.96,South,Online
3979,2024-03-15,Prod_3,4,50.1,200.4,North,Store
3980,2024-03-15,Prod_13,2,67.7,135.4,West,Online
3981,2024-03-15,Prod_13,1,24.74,24.74,South,Online
3982,2024-03-15,Prod_12,1,31.36,31.36,North,Online
3983,2024-03-15,Prod_12,4,36.11,144.44,South,Online
3984,2024-03-15,Prod_11,4,33.52,134.08,West,Online
3985,2024-03-15,Prod_12,1,30.83,30.83,North,Online
3986,2024-03-15,Prod_2,4,95.17,380.68,South,Online
3987,2024-03-15,Prod_4,3,31.62,94.86,North,Online
3988,2024-03-15,Prod_7,2,23.92,47.84,West,Store
3989,2024-03-15,Prod_2,4,35.4,141.6,West,Online
3990,2024-03-15,Prod_14,1,86.45,86.45,North,Online
3991,2024-03-15,Prod_3,2,66.63,133.26,South,Online
3992,2024-03-15,Prod_13,4,99.14,396.56,North,Online
3993,2024-03-15,Prod_2,3,97.25,291.75,West,Online
3994,2024-03-15,Prod_4,3,18.01,54.03,West,Online
3995,2024-03-15,Prod_15,3,15.13,45.39,West,Store
3996,2024-03-15,Prod_6,3,26.7,80.1,North,Online
3997,2024-03-15,Prod_9,3,14.02,42.06,East,Store
3998,2024-03-15,Prod_5,3,53.3,159.9,South,Online
3999,2024-03-15,Prod_14,3,69.43,208.29,West,Online
4000,2024-03-15,Prod_3,2,90.44,180.88,South,Online
4001,2024-03-15,Prod_5,3,62.9,188.7,North,Store
4002,2024-03-15,Prod_11,3,17.06,51.18,North,Store
4003,2024-03-15,Prod_14,2,46.34,92.68,South,Store
4004,2024-03-15,Prod_10,2,20.32,40.64,North,Online
4005,2024-03-15,Prod_8,4,63.99,255.96,South,Store
4006,2024-03-15,Prod_14,4,58.37,233.48,North,Store
4007,2024-03-15,Prod_6,1,81.45,81.45,South,Online
4008,2024-03-15,Prod_11,3,103.63,310.89,North,Store
4009,2024-03-15,Prod_3,4,22.98,91.92,South,Online
4010,2024-03-15,Prod_11,1,106.52,106.52,South,Store
4011,2024-03-15,Prod_9,1,49.28,49.28,West,Store
4012,2024-03-15,Prod_2,1,75.47,75.47,West,Store
4013,2024-03-15,Prod_5,1,22.49,22.49,North,Store
4014,2024-03-15,Prod_10,1,29.61,29.61,North,Online
4015,2024-03-15,Prod_8,2,48.07,96.14,South,Online
4016,2024-03-16,Prod_3,4,65.87,263.48,North,Online
4017,2024-03-16,Prod_14,2,67.06,134.12,East,Store
4018,2024-03-16,Prod_2,3,20.82,62.46,South,Online
4019,2024-03-16,Prod_12,2,48.8,97.6,East,Online
4020,2024-03-16,Prod_15,3,39.14,117.42,South,Store
4021,2024-03-16,Prod_11,1,44.56,44.56,South,Store
4022,2024-03-16,Prod_5,1,98.0,98.0,West,Store
4023,2024-03-16,Prod_15,2,73.07,146.14,North,Store
4024,2024-03-16,Prod_1,3,23.76,71.28,South,Store
4025,2024-03-16,Prod_4,4,62.37,249.48,South,Store
4026,2024-03-16,Prod_1,4,79.66,318.64,South,Store
4027,2024-03-16,Prod_14,4,24.42,97.68,South,Online
4028,2024-03-16,Prod_2,2,84.37,168.74,North,Online
4029,2024-03-16,Prod_9,1,97.28,97.28,West,Online
4030,2024-03-16,Prod_10,3,16.87,50.61,West,Store
4031,2024-03-16,Prod_8,1,104.17,104.17,North,Store
4032,2024-03-16,Prod_14,1,78.33,78.33,North,Online
4033,2024-03-16,Prod_2,2,105.43,210.86,North,Store
4034,2024-03-16,Prod_3,3,88.0,264.0,North,Online
4035,2024-03-16,Prod_3,4,39.6,158.4,South,Store
4036,2024-03-16,Prod_12,2,44.16,88.32,South,Store
4037,2024-03-16,Prod_10,4,66.95,267.8,East,Online
4038,2024-03-16,Prod_3,1,24.52,24.52,North,Online
4039,2024-03-16,Prod_8,3,23.95,71.85,North,Online
4040,2024-03-16,Prod_7,1,19.86,19.86,North,Online
4041,2024-03-16,Prod_9,3,84.02,252.06,West,Store
4042,2024-03-16,Prod_6,3,92.22,276.66,South,Store
4043,2024-03-16,Prod_1,2,38.1,76.2,South,Online
4044,2024-03-16,Prod_11,4,17.26,69.04,East,Store
4045,2024-03-16,Prod_7,2,12.67,25.34,South,Online
4046,2024-03-16,Prod_5,4,73.67,294.68,East,Online
4047,2024-03-16,Prod_3,3,76.64,229.92,North,Online
4048,2024-03-16,Prod_8,1,59.43,59.43,West,Store
4049,2024-03-16,Prod_3,3,95.97,287.91,North,Online
4050,2024-03-16,Prod_5,4,93.76,375.04,East,Online
4051,2024-03-16,Prod_15,4,82.71,330.84,East,Online
4052,2024-03-16,Prod_2,3,89.14,267.42,West,Online
4053,2024-03-16,Prod_5,3,74.28,222.84,South,Online
4054,2024-03-16,Prod_8,1,22.97,22.97,West,Online
4055,2024-03-17,Prod_1,2,73.88,147.76,North,Online
4056,2024-03-17,Prod_14,3,49.67,149.01,South,Online
4057,2024-03-17,Prod_12,2,76.53,153.06,North,Online
4058,2024-03-17,Prod_4,3,17.42,52.26,North,Store
4059,2024-03-17,Prod_3,2,34.45,68.9,North,Store
4060,2024-03-17,Prod_3,2,97.65,195.3,East,Online
4061,2024-03-17,Prod_7,4,9.84,39.36,West,Store
4062,2024-03-17,Prod_10,3,66.69,200.07,North,Online
4063,2024-03-17,Prod_5,1,97.28,97.28,South,Store
4064,2024-03-17,Prod_12,1,29.01,29.01,East,Store
4065,2024-03-17,Prod_11,2,106.99,213.98,North,Online
4066,2024-03-17,Prod_12,2,22.67,45.34,South,Store
4067,2024-03-17,Prod_3,3,71.51,214.53,South,Online
4068,2024-03-17,Prod_7,1,68.28,68.28,South,Store
4069,2024-03-17,Prod_13,4,22.89,91.56,South,Store
4070,2024-03-17,Prod_8,4,91.16,364.64,South,Online
4071,2024-03-17,Prod_6,3,49.98,149.94,South,Online
4072,2024-03-17,Prod_13,4,42.72,170.88,North,Online
4073,2024-03-17,Prod_6,4,27.25,109.0,East,Online
4074,2024-03-17,Prod_3,2,73.6,147.2,South,Online
4075,2024-03-17,Prod_10,2,15.83,31.66,South,Store
4076,2024-03-17,Prod_8,1,53.59,53.59,West,Online
4077,2024-03-17,Prod_10,3,83.01,249.03,South,Online
4078,2024-03-17,Prod_14,2,97.57,195.14,North,Store
4079,2024-03-17,Prod_3,4,51.86,207.44,East,Online
4080,2024-03-17,Prod_8,3,100.16,300.48,North,Store
4081,2024-03-17,Prod_7,2,10.93,21.86,South,Online
4082,2024-03-17,Prod_15,4,104.01,416.04,West,Store
4083,2024-03-18,Prod_12,1,59.52,59.52,North,Store
4084,2024-03-18,Prod_12,1,22.63,22.63,North,Online
4085,2024-03-18,Prod_4,1,20.36,20.36,West,Store
4086,2024-03-18,Prod_9,2,86.41,172.82,South,Store
4087,2024-03-18,Prod_15,2,63.64,127.28,South,Online
4088,2024-03-18,Prod_4,3,84.33,252.99,West,Online
4089,2024-03-18,Prod_6,3,78.56,235.68,North,Online
4090,2024-03-18,Prod_3,2,29.23,58.46,South,Online
4091,2024-03-18,Prod_11,3,75.82,227.46,West,Store
4092,2024-03-18,Prod_5,2,96.82,193.64,East,Online
4093,2024-03-18,Prod_15,1,71.65,71.65,East,Store
4094,2024-03-18,Prod_2,4,97.93,391.72,West,Store
4095,2024-03-18,Prod_15,4,96.59,386.36,North,Store
4096,2024-03-18,Prod_9,1,40.04,40.04,North,Online
4097,2024-03-18,Prod_2,1,33.4,33.4,North,Store
4098,2024-03-18,Prod_4,4,107.79,431.16,South,Online
4099,2024-03-18,Prod_1,4,17.75,71.0,West,Store
4100,2024-03-18,Prod_2,3,20.18,60.54,North,Online
4101,2024-03-18,Prod_14,2,90.05,180.1,East,Online
4102,2024-03-18,Prod_12,1,53.64,53.64,North,Store
4103,2024-03-18,Prod_8,3,87.96,263.88,South,Online
4104,2024-03-18,Prod_7,4,71.64,286.56,East,Online
4105,2024-03-18,Prod_15,4,31.64,126.56,South,Store
4106,2024-03-18,Prod_10,1,83.77,83.77,South,Online
4107,2024-03-18,Prod_14,1,90.09,90.09,West,Online
4108,2024-03-18,Prod_4,1,36.49,36.49,North,Store
4109,2024-03-18,Prod_9,1,32.53,32.53,North,Online
4110,2024-03-18,Prod_6,3,68.08,204.24,East,Store
4111,2024-03-18,Prod_6,2,87.71,175.42,East,Online
4112,2024-03-18,Prod_12,4,63.52,254.08,East,Online
4113,2024-03-18,Prod_10,2,90.66,181.32,North,Online
4114,2024-03-18,Prod_15,2,56.32,112.64,West,Store
4115,2024-03-18,Prod_2,4,54.28,217.12,South,Online
4116,2024-03-18,Prod_9,1,81.93,81.93,North,Online
4117,2024-03-18,Prod_7,4,60.81,243.24,North,Store
4118,2024-03-18,Prod_15,3,91.18,273.54,East,Online
4119,2024-03-18,Prod_14,1,34.51,34.51,East,Online
4120,2024-03-18,Prod_8,3,59.72,179.16,South,Online
4121,2024-03-18,Prod_4,1,51.07,51.07,East,Store
4122,2024-03-18,Prod_11,1,75.28,75.28,North,Store
4123,2024-03-18,Prod_7,1,68.31,68.31,North,Online
4124,2024-03-18,Prod_9,3,47.66,142.98,South,Online
4125,2024-03-18,Prod_9,4,39.61,158.44,South,Store
4126,2024-03-18,Prod_5,3,38.66,115.98,East,Online
4127,2024-03-19,Prod_9,2,84.0,168.0,West,Online
4128,2024-03-19,Prod_7,2,43.1,86.2,South,Online
4129,2024-03-19,Prod_2,4,59.04,236.16,West,Online
4130,2024-03-19,Prod_10,4,35.68,142.72,East,Online
4131,2024-03-19,Prod_2,3,43.26,129.78,East,Store
4132,2024-03-19,Prod_5,3,26.57,79.71,South,Online
4133,2024-03-19,Prod_6,2,50.07,100.14,East,Store
4134,2024-03-19,Prod_15,4,33.69,134.76,East,Online
4135,2024-03-19,Prod_10,3,100.04,300.12,North,Online
4136,2024-03-19,Prod_7,4,22.96,91.84,East,Store
4137,2024-03-19,Prod_3,2,39.28,78.56,North,Online
4138,2024-03-19,Prod_10,2,80.21,160.42,East,Store
4139,2024-03-19,Prod_8,2,45.76,91.52,East,Store
4140,2024-03-19,Prod_12,4,48.12,192.48,East,Online
4141,2024-03-19,Prod_15,2,96.64,193.28,West,Online
4142,2024-03-19,Prod_12,1,79.72,79.72,East,Store
4143,2024-03-19,Prod_4,1,93.56,93.56,East,Online
4144,2024-03-19,Prod_5,4,74.76,299.04,North,Store
4145,2024-03-19,Prod_2,1,56.3,56.3,North,Store
4146,2024-03-19,Prod_9,3,85.92,257.76,West,Online
4147,2024-03-19,Prod_11,2,67.46,134.92,South,Online
4148,2024-03-19,Prod_15,4,80.0,320.0,South,Store
4149,2024-03-19,Prod_5,4,49.73,198.92,North,Store
4150,2024-03-19,Prod_15,3,84.77,254.31,South,Online
4151,2024-03-19,Prod_1,3,56.06,168.18,South,Online
4152,2024-03-19,Prod_9,2,97.02,194.04,North,Online
4153,2024-03-19,Prod_7,1,46.58,46.58,North,Store
4154,2024-03-19,Prod_3,2,71.2,142.4,North,Online
4155,2024-03-19,Prod_2,1,80.37,80.37,West,Online
4156,2024-03-19,Prod_3,1,38.9,38.9,East,Store
4157,2024-03-19,Prod_15,1,52.25,52.25,North,Store
4158,2024-03-19,Prod_3,1,92.71,92.71,North,Store
4159,2024-03-19,Prod_7,2,63.66,127.32,South,Online
4160,2024-03-19,Prod_3,2,70.29,140.58,North,Online
4161,2024-03-19,Prod_2,3,41.02,123.06,North,Online
4162,2024-03-19,Prod_15,1,54.01,54.01,East,Online
4163,2024-03-19,Prod_2,1,71.87,71.87,South,Online
4164,2024-03-19,Prod_3,1,35.68,35.68,South,Store
4165,2024-03-19,Prod_15,1,81.39,81.39,West,Online
4166,2024-03-19,Prod_11,1,80.29,80.29,East,Store
4167,2024-03-20,Prod_7,2,84.71,169.42,North,Online
4168,2024-03-20,Prod_14,2,34.11,68.22,East,Online
4169,2024-03-20,Prod_14,3,58.76,176.28,North,Online
4170,2024-03-20,Prod_1,3,76.65,229.95,South,Online
4171,2024-03-20,Prod_13,2,14.04,28.08,North,Store
4172,2024-03-20,Prod_2,1,22.86,22.86,West,Store
4173,2024-03-20,Prod_6,2,67.66,135.32,West,Online
4174,2024-03-20,Prod_6,1,87.73,87.73,West,Store
4175,2024-03-20,Prod_10,2,96.76,193.52,South,Store
4176,2024-03-20,Prod_13,4,21.22,84.88,North,Online
4177,2024-03-20,Prod_13,4,12.5,50.0,West,Online
4178,2024-03-20,Prod_12,2,40.29,80.58,West,Online
4179,2024-03-20,Prod_9,3,26.07,78.21,West,Store
4180,2024-03-20,Prod_2,1,39.29,39.29,South,Online
4181,2024-03-20,Prod_7,4,59.63,238.52,South,Store
4182,2024-03-20,Prod_14,2,22.18,44.36,North,Online
4183,2024-03-20,Prod_5,3,20.81,62.43,East,Online
4184,2024-03-20,Prod_4,3,15.68,47.04,South,Online
4185,2024-03-20,Prod_14,2,11.48,22.96,South,Store
4186,2024-03-20,Prod_8,1,80.85,80.85,East,Online
4187,2024-03-20,Prod_15,3,41.91,125.73,East,Store
4188,2024-03-20,Prod_10,4,32.6,130.4,East,Online
4189,2024-03-20,Prod_3,2,8.25,16.5,North,Store
4190,2024-03-20,Prod_11,4,16.66,66.64,East,Store
4191,2024-03-20,Prod_4,4,75.24,300.96,North,Online
4192,2024-03-20,Prod_9,3,32.48,97.44,West,Store
4193,2024-03-20,Prod_9,4,39.83,159.32,East,Store
4194,2024-03-20,Prod_7,1,31.23,31.23,North,Online
4195,2024-03-20,Prod_14,4,90.33,361.32,North,Online
4196,2024-03-20,Prod_6,1,32.36,32.36,North,Store
4197,2024-03-20,Prod_8,3,90.66,271.98,West,Online
4198,2024-03-20,Prod_6,3,18.8,56.4,South,Online
4199,2024-03-20,Prod_3,1,22.89,22.89,North,Online
4200,2024-03-20,Prod_7,4,33.39,133.56,South,Store
4201,2024-03-20,Prod_15,3,49.09,147.27,West,Online
4202,2024-03-20,Prod_8,1,61.86,61.86,South,Store
4203,2024-03-20,Prod_8,1,69.68,69.68,East,Store
4204,2024-03-20,Prod_15,1,33.39,33.39,West,Store
4205,2024-03-20,Prod_4,1,20.35,20.35,West,Online
4206,2024-03-20,Prod_4,3,96.59,289.77,North,Online
4207,2024-03-20,Prod_2,3,94.83,284.49,North,Store
4208,2024-03-21,Prod_3,2,93.64,187.28,North,Online
4209,2024-03-21,Prod_3,4,42.44,169.76,South,Store
4210,2024-03-21,Prod_12,1,69.78,69.78,South,Online
4211,2024-03-21,Prod_3,2,38.27,76.54,West,Store
4212,2024-03-21,Prod_11,1,42.62,42.62,North,Store
4213,2024-03-21,Prod_13,3,72.24,216.72,West,Online
4214,2024-03-21,Prod_7,1,65.36,65.36,East,Online
4215,2024-03-21,Prod_2,1,86.08,86.08,South,Online
4216,2024-03-21,Prod_9,1,86.66,86.66,West,Online
4217,2024-03-21,Prod_11,1,84.68,84.68,East,Online
4218,2024-03-21,Prod_14,3,58.22,174.66,North,Online
4219,2024-03-21,Prod_1,4,21.53,86.12,West,Online
4220,2024-03-21,Prod_14,3,36.94,110.82,East,Online
4221,2024-03-21,Prod_13,1,22.03,22.03,North,Store
4222,2024-03-21,Prod_14,2,70.29,140.58,North,Online
4223,2024-03-21,Prod_2,3,63.38,190.14,East,Online
4224,2024-03-21,Prod_9,3,106.26,318.78,North,Online
4225,2024-03-21,Prod_12,2,80.51,161.02,South,Store
4226,2024-03-21,Prod_5,1,65.74,65.74,West,Online
4227,2024-03-21,Prod_7,3,31.36,94.08,South,Online
4228,2024-03-21,Prod_8,2,47.94,95.88,North,Online
4229,2024-03-21,Prod_13,4,92.05,368.2,South,Online
4230,2024-03-21,Prod_9,2,103.94,207.88,West,Online
4231,2024-03-21,Prod_7,4,81.23,324.92,West,Online
4232,2024-03-21,Prod_10,3,62.44,187.32,North,Online
4233,2024-03-21,Prod_11,3,17.88,53.64,South,Store
4234,2024-03-21,Prod_6,3,9.24,27.72,North,Store
4235,2024-03-21,Prod_13,4,19.19,76.76,West,Online
4236,2024-03-21,Prod_8,1,82.2,82.2,East,Online
4237,2024-03-21,Prod_2,2,97.58,195.16,North,Store
4238,2024-03-21,Prod_11,3,57.04,171.12,South,Online
4239,2024-03-21,Prod_4,1,89.25,89.25,South,Store
4240,2024-03-21,Prod_3,1,87.77,87.77,South,Online
4241,2024-03-21,Prod_6,1,80.73,80.73,South,Online
4242,2024-03-21,Prod_11,4,67.59,270.36,South,Store
4243,2024-03-21,Prod_9,3,55.03,165.09,East,Store
4244,2024-03-21,Prod_6,2,28.04,56.08,North,Store
4245,2024-03-22,Prod_8,2,47.92,95.84,North,Store
4246,2024-03-22,Prod_12,2,65.73,131.46,North,Online
4247,2024-03-22,Prod_11,1,46.9,46.9,South,Online
4248,2024-03-22,Prod_14,2,10.59,21.18,South,Online
4249,2024-03-22,Prod_14,1,10.43,10.43,East,Store
4250,2024-03-22,Prod_13,3,14.14,42.42,West,Store
4251,2024-03-22,Prod_8,2,21.25,42.5,East,Store
4252,2024-03-22,Prod_3,4,67.3,269.2,East,Store
4253,2024-03-22,Prod_6,1,20.21,20.21,West,Online
4254,2024-03-22,Prod_1,2,33.74,67.48,North,Online
4255,2024-03-22,Prod_4,3,51.12,153.36,East,Online
4256,2024-03-22,Prod_14,4,66.18,264.72,West,Online
4257,2024-03-22,Prod_1,1,81.22,81.22,West,Online
4258,2024-03-22,Prod_3,3,70.8,212.4,North,Online
4259,2024-03-22,Prod_15,1,11.56,11.56,West,Online
4260,2024-03-22,Prod_11,4,80.67,322.68,West,Online
4261,2024-03-22,Prod_7,2,32.77,65.54,East,Online
4262,2024-03-22,Prod_3,3,41.87,125.61,North,Store
4263,2024-03-22,Prod_5,4,41.35,165.4,East,Online
4264,2024-03-22,Prod_6,4,43.06,172.24,South,Online
4265,2024-03-22,Prod_10,1,81.27,81.27,South,Online
4266,2024-03-22,Prod_12,1,47.1,47.1,East,Online
4267,2024-03-22,Prod_8,3,92.52,277.56,South,Store
4268,2024-03-22,Prod_10,1,46.45,46.45,North,Online
4269,2024-03-22,Prod_15,1,19.95,19.95,West,Online
4270,2024-03-22,Prod_2,4,62.11,248.44,East,Online
4271,2024-03-22,Prod_7,3,42.6,127.8,West,Store
4272,2024-03-22,Prod_15,1,68.91,68.91,East,Online
4273,2024-03-22,Prod_12,1,70.13,70.13,West,Online
4274,2024-03-22,Prod_15,3,21.05,63.15,West,Online
4275,2024-03-23,Prod_4,1,91.45,91.45,East,Online
4276,2024-03-23,Prod_5,4,79.26,317.04,South,Online
4277,2024-03-23,Prod_3,2,22.37,44.74,South,Online
4278,2024-03-23,Prod_15,1,83.79,83.79,South,Store
4279,2024-03-23,Prod_12,2,85.41,170.82,South,Online
4280,2024-03-23,Prod_14,2,13.27,26.54,North,Online
4281,2024-03-23,Prod_14,2,24.56,49.12,North,Store
4282,2024-03-23,Prod_13,3,33.8,101.4,South,Online
4283,2024-03-23,Prod_3,4,23.53,94.12,West,Online
4284,2024-03-23,Prod_15,3,21.26,63.78,South,Online
4285,2024-03-23,Prod_2,2,102.1,204.2,South,Store
4286,2024-03-23,Prod_4,1,30.43,30.43,East,Online
4287,2024-03-23,Prod_3,3,17.0,51.0,North,Store
4288,2024-03-23,Prod_3,4,100.95,403.8,North,Online
4289,2024-03-23,Prod_5,3,55.51,166.53,West,Store
4290,2024-03-23,Prod_6,2,44.88,89.76,West,Online
4291,2024-03-23,Prod_1,3,31.65,94.95,South,Online
4292,2024-03-23,Prod_9,4,96.74,386.96,South,Store
4293,2024-03-23,Prod_6,1,39.36,39.36,South,Online
4294,2024-03-23,Prod_11,1,29.82,29.82,West,Online
4295,2024-03-23,Prod_13,2,54.1,108.2,East,Store
4296,2024-03-23,Prod_10,2,27.34,54.68,East,Online
4297,2024-03-23,Prod_10,4,59.04,236.16,North,Store
4298,2024-03-23,Prod_10,4,59.39,237.56,East,Store
4299,2024-03-23,Prod_7,2,25.64,51.28,North,Store
4300,2024-03-23,Prod_12,2,18.89,37.78,North,Online
4301,2024-03-23,Prod_4,4,27.94,111.76,North,Store
4302,2024-03-23,Prod_15,1,31.74,31.74,West,Online
4303,2024-03-23,Prod_15,1,11.24,11.24,South,Online
4304,2024-03-23,Prod_12,4,9.53,38.12,South,Store
4305,2024-03-23,Prod_11,1,97.25,97.25,South,Online
4306,2024-03-23,Prod_1,4,39.2,156.8,North,Online
4307,2024-03-23,Prod_4,4,54.18,216.72,South,Store
4308,2024-03-23,Prod_10,3,66.16,198.48,West,Online
4309,2024-03-23,Prod_5,1,98.06,98.06,South,Store
4310,2024-03-24,Prod_1,2,60.61,121.22,South,Online
4311,2024-03-24,Prod_7,4,28.81,115.24,West,Store
4312,2024-03-24,Prod_3,4,99.88,399.52,East,Store
4313,2024-03-24,Prod_9,4,61.76,247.04,East,Online
4314,2024-03-24,Prod_5,1,32.39,32.39,South,Online
4315,2024-03-24,Prod_13,3,67.5,202.5,East,Store
4316,2024-03-24,Prod_14,4,94.62,378.48,East,Online
4317,2024-03-24,Prod_1,4,23.61,94.44,North,Online
4318,2024-03-24,Prod_12,3,72.74,218.22,North,Store
4319,2024-03-24,Prod_8,1,39.17,39.17,South,Online
4320,2024-03-24,Prod_7,4,9.89,39.56,North,Online
4321,2024-03-24,Prod_2,4,104.45,417.8,East,Online
4322,2024-03-24,Prod_2,4,35.22,140.88,North,Online
4323,2024-03-24,Prod_11,2,54.85,109.7,South,Online
4324,2024-03-24,Prod_3,2,44.11,88.22,North,Store
4325,2024-03-24,Prod_1,3,10.92,32.76,North,Online
4326,2024-03-24,Prod_3,1,13.61,13.61,North,Store
4327,2024-03-24,Prod_10,4,81.4,325.6,East,Store
4328,2024-03-24,Prod_5,3,92.48,277.44,East,Store
4329,2024-03-24,Prod_3,4,60.85,243.4,North,Online
4330,2024-03-24,Prod_7,2,14.71,29.42,North,Online
4331,2024-03-24,Prod_1,2,99.15,198.3,South,Online
4332,2024-03-24,Prod_14,2,38.63,77.26,East,Store
4333,2024-03-24,Prod_10,1,55.58,55.58,North,Store
4334,2024-03-24,Prod_6,4,92.21,368.84,North,Store
4335,2024-03-24,Prod_3,4,90.11,360.44,North,Online
4336,2024-03-24,Prod_10,1,9.31,9.31,East,Online
4337,2024-03-24,Prod_10,1,87.47,87.47,South,Store
4338,2024-03-24,Prod_11,4,94.58,378.32,West,Online
4339,2024-03-24,Prod_2,1,97.93,97.93,North,Online
4340,2024-03-24,Prod_2,3,31.13,93.39,North,Online
4341,2024-03-24,Prod_2,2,75.27,150.54,North,Online
4342,2024-03-24,Prod_9,1,69.64,69.64,North,Online
4343,2024-03-24,Prod_14,4,32.34,129.36,East,Online
4344,2024-03-24,Prod_10,1,35.42,35.42,West,Online
4345,2024-03-24,Prod_14,1,60.98,60.98,South,Store
4346,2024-03-24,Prod_2,4,61.02,244.08,South,Online
4347,2024-03-24,Prod_1,4,52.91,211.64,North,Store
4348,2024-03-24,Prod_8,4,52.39,209.56,South,Store
4349,2024-03-24,Prod_9,4,59.36,237.44,South,Online
4350,2024-03-24,Prod_5,2,19.21,38.42,West,Online
4351,2024-03-24,Prod_4,2,92.32,184.64,South,Online
4352,2024-03-24,Prod_1,4,19.02,76.08,West,Online
4353,2024-03-24,Prod_3,2,68.01,136.02,South,Online
4354,2024-03-25,Prod_4,4,25.78,103.12,West,Online
4355,2024-03-25,Prod_9,1,17.19,17.19,South,Online
4356,2024-03-25,Prod_8,3,75.37,226.11,North,Online
4357,2024-03-25,Prod_4,1,26.99,26.99,North,Store
4358,2024-03-25,Prod_12,4,12.89,51.56,North,Online
4359,2024-03-25,Prod_11,2,55.11,110.22,East,Store
4360,2024-03-25,Prod_9,1,45.24,45.24,North,Online
4361,2024-03-25,Prod_15,4,47.45,189.8,West,Online
4362,2024-03-25,Prod_3,4,57.65,230.6,West,Online
4363,2024-03-25,Prod_3,1,86.22,86.22,South,Store
4364,2024-03-25,Prod_12,3,32.92,98.76,South,Online
4365,2024-03-25,Prod_7,4,84.77,339.08,South,Online
4366,2024-03-25,Prod_11,4,24.11,96.44,East,Online
4367,2024-03-25,Prod_4,2,38.82,77.64,West,Online
4368,2024-03-25,Prod_12,4,79.3,317.2,South,Online
4369,2024-03-25,Prod_6,1,38.31,38.31,North,Online
4370,2024-03-25,Prod_13,4,62.94,251.76,West,Online
4371,2024-03-25,Prod_9,3,36.86,110.58,North,Store
4372,2024-03-25,Prod_4,3,70.55,211.65,East,Store
4373,2024-03-25,Prod_2,2,30.28,60.56,West,Online
4374,2024-03-25,Prod_2,1,82.03,82.03,West,Online
4375,2024-03-25,Prod_7,4,16.33,65.32,West,Online
4376,2024-03-25,Prod_14,1,19.18,19.18,West,Store
4377,2024-03-25,Prod_4,4,43.93,175.72,North,Online
4378,2024-03-25,Prod_5,2,13.77,27.54,West,Store
4379,2024-03-25,Prod_12,4,58.3,233.2,West,Store
4380,2024-03-25,Prod_2,2,13.13,26.26,North,Store
4381,2024-03-25,Prod_11,2,75.5,151.0,East,Online
4382,2024-03-25,Prod_6,1,42.74,42.74,West,Online
4383,2024-03-25,Prod_3,1,99.12,99.12,East,Online
4384,2024-03-25,Prod_1,4,46.06,184.24,West,Store
4385,2024-03-25,Prod_13,2,40.25,80.5,North,Store
4386,2024-03-26,Prod_4,3,62.64,187.92,West,Online
4387,2024-03-26,Prod_4,4,75.52,302.08,South,Online
4388,2024-03-26,Prod_9,3,73.05,219.15,North,Store
4389,2024-03-26,Prod_13,2,35.79,71.58,West,Online
4390,2024-03-26,Prod_9,3,70.7,212.1,North,Online
4391,2024-03-26,Prod_4,1,31.96,31.96,East,Online
4392,2024-03-26,Prod_11,4,49.56,198.24,North,Store
4393,2024-03-26,Prod_4,2,71.36,142.72,East,Store
4394,2024-03-26,Prod_3,1,15.76,15.76,West,Online
4395,2024-03-26,Prod_15,3,68.05,204.15,East,Store
4396,2024-03-26,Prod_4,4,17.45,69.8,East,Store
4397,2024-03-26,Prod_9,2,96.82,193.64,South,Online
4398,2024-03-26,Prod_4,4,102.58,410.32,North,Store
4399,2024-03-26,Prod_8,1,11.64,11.64,North,Store
4400,2024-03-26,Prod_8,1,23.41,23.41,East,Online
4401,2024-03-26,Prod_7,1,27.85,27.85,West,Store
4402,2024-03-26,Prod_12,4,17.29,69.16,South,Store
4403,2024-03-26,Prod_8,2,27.07,54.14,South,Online
4404,2024-03-26,Prod_9,1,102.62,102.62,South,Store
4405,2024-03-26,Prod_6,1,63.95,63.95,East,Store
4406,2024-03-26,Prod_3,2,82.3,164.6,South,Online
4407,2024-03-26,Prod_8,4,70.38,281.52,East,Store
4408,2024-03-26,Prod_5,4,27.79,111.16,North,Online
4409,2024-03-26,Prod_14,4,56.56,226.24,South,Online
4410,2024-03-26,Prod_13,1,21.83,21.83,North,Online
4411,2024-03-26,Prod_6,3,36.92,110.76,North,Online
4412,2024-03-26,Prod_11,2,49.34,98.68,South,Online
4413,2024-03-26,Prod_9,3,22.52,67.56,North,Online
4414,2024-03-26,Prod_2,2,26.22,52.44,South,Online
4415,2024-03-26,Prod_2,1,93.7,93.7,South,Online
4416,2024-03-26,Prod_10,3,18.71,56.13,West,Online
4417,2024-03-27,Prod_7,4,21.1,84.4,North,Store
4418,2024-03-27,Prod_15,2,46.65,93.3,East,Online
4419,2024-03-27,Prod_15,1,34.0,34.0,East,Online
4420,2024-03-27,Prod_10,3,29.55,88.65,East,Store
4421,2024-03-27,Prod_8,1,105.28,105.28,South,Store
4422,2024-03-27,Prod_13,4,90.98,363.92,East,Online
4423,2024-03-27,Prod_1,2,79.01,158.02,West,Store
4424,2024-03-27,Prod_7,3,41.26,123.78,West,Store
4425,2024-03-27,Prod_8,4,67.84,271.36,East,Store
4426,2024-03-27,Prod_9,4,95.16,380.64,West,Online
4427,2024-03-27,Prod_9,4,66.78,267.12,East,Online
4428,2024-03-27,Prod_3,3,16.84,50.52,North,Store
4429,2024-03-27,Prod_14,4,50.46,201.84,North,Online
4430,2024-03-27,Prod_15,3,59.36,178.08,North,Online
4431,2024-03-27,Prod_7,2,65.07,130.14,East,Online
4432,2024-03-27,Prod_10,4,40.4,161.6,West,Online
4433,2024-03-27,Prod_6,2,55.67,111.34,West,Online
4434,2024-03-27,Prod_10,1,87.07,87.07,North,Online
4435,2024-03-27,Prod_7,1,99.65,99.65,East,Online
4436,2024-03-27,Prod_6,2,72.8,145.6,East,Online
4437,2024-03-27,Prod_13,1,64.7,64.7,South,Store
4438,2024-03-27,Prod_3,3,68.56,205.68,North,Store
4439,2024-03-27,Prod_4,2,50.21,100.42,North,Store
4440,2024-03-27,Prod_1,1,80.3,80.3,North,Online
4441,2024-03-27,Prod_5,3,10.1,30.3,North,Online
4442,2024-03-27,Prod_9,1,103.45,103.45,North,Store
4443,2024-03-27,Prod_10,4,70.6,282.4,South,Store
4444,2024-03-27,Prod_11,4,91.64,366.56,North,Store
4445,2024-03-27,Prod_8,1,97.46,97.46,South,Store
4446,2024-03-27,Prod_15,1,74.38,74.38,South,Store
4447,2024-03-27,Prod_2,2,11.86,23.72,North,Online
4448,2024-03-27,Prod_7,4,85.81,343.24,East,Store
4449,2024-03-27,Prod_7,4,41.33,165.32,South,Online
4450,2024-03-27,Prod_13,4,61.82,247.28,East,Store
4451,2024-03-27,Prod_2,3,22.29,66.87,West,Online
4452,2024-03-27,Prod_12,2,31.27,62.54,South,Online
4453,2024-03-27,Prod_14,3,44.36,133.08,North,Online
4454,2024-03-27,Prod_5,1,38.08,38.08,South,Store
4455,2024-03-27,Prod_14,1,88.97,88.97,South,Online
4456,2024-03-27,Prod_7,1,17.87,17.87,East,Store
4457,2024-03-27,Prod_3,3,94.46,283.38,South,Online
4458,2024-03-27,Prod_3,2,93.15,186.3,South,Online
4459,2024-03-28,Prod_9,1,37.8,37.8,West,Online
4460,2024-03-28,Prod_3,3,26.54,79.62,South,Online
4461,2024-03-28,Prod_8,3,65.14,195.42,West,Store
4462,2024-03-28,Prod_6,3,20.61,61.83,West,Store
4463,2024-03-28,Prod_7,4,51.51,206.04,North,Store
4464,2024-03-28,Prod_8,2,43.73,87.46,South,Online
4465,2024-03-28,Prod_10,2,72.54,145.08,East,Online
4466,2024-03-28,Prod_15,1,98.97,98.97,South,Online
4467,2024-03-28,Prod_15,2,44.68,89.36,East,Online
4468,2024-03-28,Prod_3,4,17.73,70.92,West,Store
4469,2024-03-28,Prod_12,1,61.43,61.43,South,Store
4470,2024-03-28,Prod_10,4,55.17,220.68,South,Store
4471,2024-03-28,Prod_12,3,56.82,170.46,South,Online
4472,2024-03-28,Prod_3,3,63.85,191.55,West,Online
4473,2024-03-28,Prod_1,3,52.35,157.05,West,Online
4474,2024-03-28,Prod_8,4,42.07,168.28,East,Store
4475,2024-03-28,Prod_12,4,40.55,162.2,East,Online
4476,2024-03-28,Prod_1,1,82.18,82.18,West,Online
4477,2024-03-28,Prod_14,4,52.36,209.44,West,Store
4478,2024-03-28,Prod_15,4,89.17,356.68,West,Store
4479,2024-03-28,Prod_13,1,42.01,42.01,West,Online
4480,2024-03-28,Prod_5,4,27.5,110.0,West,Online
4481,2024-03-28,Prod_10,4,98.04,392.16,South,Store
4482,2024-03-28,Prod_2,1,87.07,87.07,West,Online
4483,2024-03-28,Prod_5,1,48.96,48.96,North,Store
4484,2024-03-28,Prod_3,2,97.65,195.3,West,Store
4485,2024-03-28,Prod_15,3,35.41,106.23,West,Store
4486,2024-03-28,Prod_5,4,43.84,175.36,North,Store
4487,2024-03-28,Prod_13,4,26.04,104.16,East,Online
4488,2024-03-28,Prod_1,3,41.47,124.41,South,Online
4489,2024-03-28,Prod_10,2,50.19,100.38,North,Online
4490,2024-03-28,Prod_5,3,75.56,226.68,East,Online
4491,2024-03-28,Prod_4,1,92.1,92.1,West,Store
4492,2024-03-28,Prod_14,4,70.21,280.84,West,Online
4493,2024-03-28,Prod_9,4,102.76,411.04,West,Online
4494,2024-03-28,Prod_14,2,37.7,75.4,South,Store
4495,2024-03-28,Prod_12,3,31.74,95.22,East,Online
4496,2024-03-28,Prod_5,3,43.19,129.57,South,Store
4497,2024-03-28,Prod_8,3,82.55,247.65,South,Store
4498,2024-03-28,Prod_4,1,58.36,58.36,East,Store
4499,2024-03-28,Prod_11,4,40.95,163.8,West,Online
4500,2024-03-28,Prod_2,3,89.67,269.01,East,Store
4501,2024-03-28,Prod_15,4,36.25,145.0,West,Store
4502,2024-03-28,Prod_12,2,12.48,24.96,South,Store
4503,2024-03-28,Prod_8,4,90.01,360.04,South,Online
4504,2024-03-28,Prod_15,3,45.76,137.28,North,Online
4505,2024-03-28,Prod_6,1,25.55,25.55,West,Online
4506,2024-03-28,Prod_9,2,68.85,137.7,West,Store
4507,2024-03-28,Prod_4,3,83.66,250.98,East,Store
4508,2024-03-28,Prod_12,2,61.85,123.7,South,Online
4509,2024-03-28,Prod_15,2,43.75,87.5,South,Online
4510,2024-03-28,Prod_9,2,22.26,44.52,South,Online
4511,2024-03-28,Prod_13,3,36.62,109.86,North,Online
4512,2024-03-28,Prod_6,2,23.91,47.82,South,Online
4513,2024-03-28,Prod_6,4,68.28,273.12,North,Online
4514,2024-03-29,Prod_12,1,95.87,95.87,South,Online
4515,2024-03-29,Prod_4,2,99.1,198.2,West,Store
4516,2024-03-29,Prod_4,1,86.04,86.04,North,Online
4517,2024-03-29,Prod_5,1,100.05,100.05,South,Online
4518,2024-03-29,Prod_11,2,50.31,100.62,North,Store
4519,2024-03-29,Prod_4,3,77.93,233.79,North,Online
4520,2024-03-29,Prod_1,1,45.01,45.01,South,Store
4521,2024-03-29,Prod_5,2,39.56,79.12,East,Store
4522,2024-03-29,Prod_15,2,92.18,184.36,West,Store
4523,2024-03-29,Prod_5,3,76.6,229.8,South,Online
4524,2024-03-29,Prod_9,2,35.86,71.72,West,Online
4525,2024-03-29,Prod_15,1,71.14,71.14,West,Online
4526,2024-03-29,Prod_3,4,42.76,171.04,West,Store
4527,2024-03-29,Prod_13,1,30.93,30.93,South,Store
4528,2024-03-29,Prod_13,4,43.38,173.52,West,Store
4529,2024-03-29,Prod_1,3,77.24,231.72,West,Online
4530,2024-03-29,Prod_13,3,85.53,256.59,East,Online
4531,2024-03-29,Prod_10,3,59.5,178.5,West,Online
4532,2024-03-29,Prod_6,4,85.57,342.28,North,Store
4533,2024-03-29,Prod_12,3,29.6,88.8,South,Online
4534,2024-03-29,Prod_9,3,55.79,167.37,North,Online
4535,2024-03-29,Prod_13,3,59.27,177.81,South,Store
4536,2024-03-29,Prod_13,3,36.05,108.15,South,Store
4537,2024-03-29,Prod_3,4,13.56,54.24,West,Store
4538,2024-03-29,Prod_13,2,90.54,181.08,West,Online
4539,2024-03-29,Prod_14,1,98.95,98.95,East,Online
4540,2024-03-29,Prod_5,3,91.05,273.15,East,Store
4541,2024-03-29,Prod_14,1,81.97,81.97,West,Online
4542,2024-03-29,Prod_2,4,86.43,345.72,South,Online
4543,2024-03-29,Prod_4,4,43.79,175.16,South,Store
4544,2024-03-29,Prod_5,1,77.82,77.82,North,Online
4545,2024-03-30,Prod_9,2,92.93,185.86,West,Online
4546,2024-03-30,Prod_10,4,8.36,33.44,South,Store
4547,2024-03-30,Prod_3,2,95.49,190.98,North,Store
4548,2024-03-30,Prod_9,1,30.72,30.72,South,Store
4549,2024-03-30,Prod_10,3,67.33,201.99,North,Online
4550,2024-03-30,Prod_4,1,90.87,90.87,North,Online
4551,2024-03-30,Prod_5,3,63.48,190.44,South,Online
4552,2024-03-30,Prod_1,2,77.19,154.38,North,Store
4553,2024-03-30,Prod_9,1,98.26,98.26,West,Online
4554,2024-03-30,Prod_13,2,44.31,88.62,West,Online
4555,2024-03-30,Prod_5,3,27.24,81.72,North,Store
4556,2024-03-30,Prod_14,3,89.07,267.21,West,Store
4557,2024-03-30,Prod_4,3,99.83,299.49,West,Store
4558,2024-03-30,Prod_2,4,49.33,197.32,East,Store
4559,2024-03-30,Prod_10,1,67.47,67.47,South,Online
4560,2024-03-30,Prod_3,1,78.75,78.75,East,Online
4561,2024-03-30,Prod_15,1,62.9,62.9,North,Online
4562,2024-03-30,Prod_4,2,96.93,193.86,South,Online
4563,2024-03-30,Prod_5,4,48.45,193.8,West,Online
4564,2024-03-30,Prod_3,2,17.0,34.0,East,Store
4565,2024-03-30,Prod_12,3,67.48,202.44,North,Store
4566,2024-03-30,Prod_9,2,37.37,74.74,West,Online
4567,2024-03-30,Prod_15,2,13.32,26.64,North,Store
4568,2024-03-30,Prod_4,2,103.71,207.42,North,Store
4569,2024-03-30,Prod_6,3,65.01,195.03,South,Online
4570,2024-03-30,Prod_14,3,92.01,276.03,South,Online
4571,2024-03-30,Prod_12,3,37.85,113.55,North,Store
4572,2024-03-30,Prod_15,1,32.11,32.11,East,Online
4573,2024-03-30,Prod_10,1,13.08,13.08,North,Online
4574,2024-03-30,Prod_9,4,44.49,177.96,South,Store
4575,2024-03-30,Prod_11,2,53.09,106.18,South,Online
4576,2024-03-30,Prod_14,2,11.06,22.12,West,Store
4577,2024-03-30,Prod_1,4,7.55,30.2,West,Online
4578,2024-03-30,Prod_14,1,98.62,98.62,West,Online
4579,2024-03-30,Prod_8,4,22.99,91.96,South,Online
4580,2024-03-30,Prod_15,1,101.94,101.94,East,Online
4581,2024-03-30,Prod_8,4,94.15,376.6,West,Store
4582,2024-03-30,Prod_10,4,67.7,270.8,South,Store
4583,2024-03-30,Prod_10,1,23.04,23.04,South,Online
4584,2024-03-30,Prod_3,3,94.0,282.0,South,Online
4585,2024-03-30,Prod_13,2,72.22,144.44,North,Online
4586,2024-03-30,Prod_6,3,56.81,170.43,South,Online
4587,2024-03-30,Prod_13,1,69.65,69.65,South,Online
4588,2024-03-30,Prod_9,4,82.07,328.28,North,Store
4589,2024-03-30,Prod_11,1,30.44,30.44,East,Online
4590,2024-03-30,Prod_11,2,97.32,194.64,East,Store
4591,2024-03-31,Prod_14,4,70.08,280.32,South,Store
4592,2024-03-31,Prod_5,1,8.13,8.13,North,Store
4593,2024-03-31,Prod_6,4,62.95,251.8,West,Store
4594,2024-03-31,Prod_2,3,30.82,92.46,West,Online
4595,2024-03-31,Prod_7,3,95.5,286.5,North,Online
4596,2024-03-31,Prod_7,3,17.86,53.58,South,Store
4597,2024-03-31,Prod_2,4,76.51,306.04,West,Store
4598,2024-03-31,Prod_6,2,79.5,159.0,North,Store
4599,2024-03-31,Prod_1,4,74.24,296.96,North,Store
4600,2024-03-31,Prod_6,1,22.13,22.13,East,Online
4601,2024-03-31,Prod_2,3,76.09,228.27,East,Store
4602,2024-03-31,Prod_11,4,98.59,394.36,North,Online
4603,2024-03-31,Prod_12,2,28.61,57.22,North,Online
4604,2024-03-31,Prod_12,4,42.79,171.16,East,Store
4605,2024-03-31,Prod_9,4,35.97,143.88,West,Store
4606,2024-03-31,Prod_10,2,26.02,52.04,South,Store
4607,2024-03-31,Prod_2,1,12.89,12.89,North,Online
4608,2024-03-31,Prod_5,1,83.73,83.73,South,Store
4609,2024-03-31,Prod_7,4,50.62,202.48,West,Store
4610,2024-03-31,Prod_1,1,33.01,33.01,South,Store
4611,2024-03-31,Prod_13,2,82.5,165.0,South,Online
4612,2024-03-31,Prod_3,4,74.98,299.92,West,Store
4613,2024-03-31,Prod_12,4,68.93,275.72,West,Online
4614,2024-03-31,Prod_5,3,94.47,283.41,North,Store
4615,2024-03-31,Prod_8,1,95.84,95.84,East,Store
4616,2024-03-31,Prod_8,3,17.38,52.14,East,Store
4617,2024-03-31,Prod_12,2,99.99,199.98,East,Store
4618,2024-03-31,Prod_15,4,67.72,270.88,East,Online
4619,2024-03-31,Prod_9,3,70.84,212.52,South,Online
4620,2024-04-01,Prod_9,1,88.1,88.1,West,Store
4621,2024-04-01,Prod_10,4,90.97,363.88,North,Online
4622,2024-04-01,Prod_2,1,20.14,20.14,East,Online
4623,2024-04-01,Prod_14,4,68.27,273.08,South,Store
4624,2024-04-01,Prod_9,4,85.97,343.88,West,Store
4625,2024-04-01,Prod_14,3,93.6,280.8,North,Online
4626,2024-04-01,Prod_11,3,15.58,46.74,North,Online
4627,2024-04-01,Prod_13,2,10.08,20.16,South,Store
4628,2024-04-01,Prod_9,3,76.01,228.03,North,Store
4629,2024-04-01,Prod_7,1,34.75,34.75,South,Store
4630,2024-04-01,Prod_11,4,86.35,345.4,East,Online
4631,2024-04-01,Prod_1,3,20.72,62.16,North,Store
4632,2024-04-01,Prod_2,4,41.68,166.72,North,Online
4633,2024-04-01,Prod_3,2,29.26,58.52,East,Online
4634,2024-04-01,Prod_10,1,33.31,33.31,West,Online
4635,2024-04-01,Prod_5,2,70.38,140.76,West,Online
4636,2024-04-01,Prod_5,3,35.18,105.54,East,Online
4637,2024-04-01,Prod_11,4,105.3,421.2,West,Store
4638,2024-04-01,Prod_4,1,75.17,75.17,North,Online
4639,2024-04-01,Prod_10,3,77.49,232.47,East,Store
4640,2024-04-01,Prod_6,3,94.0,282.0,West,Store
4641,2024-04-01,Prod_12,1,58.49,58.49,East,Store
4642,2024-04-01,Prod_12,1,39.08,39.08,South,Online
4643,2024-04-02,Prod_13,2,39.15,78.3,East,Online
4644,2024-04-02,Prod_1,3,65.03,195.09,South,Store
4645,2024-04-02,Prod_3,2,101.69,203.38,North,Store
4646,2024-04-02,Prod_12,4,75.69,302.76,South,Online
4647,2024-04-02,Prod_9,4,91.64,366.56,West,Online
4648,2024-04-02,Prod_1,3,77.08,231.24,East,Online
4649,2024-04-02,Prod_10,2,68.03,136.06,East,Store
4650,2024-04-02,Prod_14,2,23.78,47.56,West,Online
4651,2024-04-02,Prod_11,2,96.87,193.74,East,Online
4652,2024-04-02,Prod_13,3,46.44,139.32,East,Online
4653,2024-04-02,Prod_2,1,105.38,105.38,South,Online
4654,2024-04-02,Prod_2,4,72.37,289.48,South,Store
4655,2024-04-02,Prod_4,1,14.46,14.46,South,Online
4656,2024-04-02,Prod_8,4,21.8,87.2,North,Online
4657,2024-04-02,Prod_13,3,56.23,168.69,South,Store
4658,2024-04-02,Prod_3,2,62.79,125.58,East,Online
4659,2024-04-02,Prod_2,4,93.1,372.4,West,Store
4660,2024-04-02,Prod_10,2,44.43,88.86,West,Online
4661,2024-04-02,Prod_11,4,84.74,338.96,West,Store
4662,2024-04-02,Prod_9,2,80.98,161.96,North,Store
4663,2024-04-02,Prod_2,2,28.23,56.46,West,Online
4664,2024-04-02,Prod_11,1,104.28,104.28,East,Online
4665,2024-04-02,Prod_9,1,30.93,30.93,North,Online
4666,2024-04-02,Prod_1,2,57.38,114.76,East,Online
4667,2024-04-02,Prod_6,4,93.11,372.44,North,Store
4668,2024-04-02,Prod_10,3,57.46,172.38,East,Online
4669,2024-04-02,Prod_1,4,90.41,361.64,North,Store
4670,2024-04-02,Prod_6,4,21.55,86.2,East,Online
4671,2024-04-02,Prod_10,2,97.19,194.38,South,Store
4672,2024-04-02,Prod_2,4,24.03,96.12,East,Store
4673,2024-04-02,Prod_4,2,83.9,167.8,South,Online
4674,2024-04-02,Prod_5,3,66.59,199.77,South,Store
4675,2024-04-02,Prod_12,2,97.16,194.32,West,Online
4676,2024-04-02,Prod_9,2,102.95,205.9,West,Online
4677,2024-04-02,Prod_7,1,40.62,40.62,West,Store
4678,2024-04-02,Prod_5,3,34.19,102.57,West,Online
4679,2024-04-02,Prod_13,1,40.87,40.87,South,Online
4680,2024-04-03,Prod_6,1,25.43,25.43,West,Online
4681,2024-04-03,Prod_15,2,28.21,56.42,South,Online
4682,2024-04-03,Prod_14,3,53.32,159.96,North,Store
4683,2024-04-03,Prod_15,1,82.8,82.8,North,Store
4684,2024-04-03,Prod_13,1,57.88,57.88,East,Online
4685,2024-04-03,Prod_12,4,18.66,74.64,South,Store
4686,2024-04-03,Prod_1,4,54.34,217.36,East,Store
4687,2024-04-03,Prod_3,4,92.37,369.48,West,Online
4688,2024-04-03,Prod_10,3,52.91,158.73,North,Store
4689,2024-04-03,Prod_15,3,15.51,46.53,East,Online
4690,2024-04-03,Prod_3,1,65.63,65.63,East,Online
4691,2024-04-03,Prod_4,1,67.8,67.8,North,Store
4692,2024-04-03,Prod_8,2,93.75,187.5,North,Online
4693,2024-04-03,Prod_7,2,78.07,156.14,West,Online
4694,2024-04-03,Prod_4,2,17.23,34.46,East,Online
4695,2024-04-03,Prod_6,4,51.61,206.44,West,Store
4696,2024-04-03,Prod_2,1,52.88,52.88,West,Online
4697,2024-04-03,Prod_12,3,90.94,272.82,North,Store
4698,2024-04-03,Prod_9,2,68.34,136.68,South,Online
4699,2024-04-03,Prod_3,1,14.2,14.2,South,Online
4700,2024-04-03,Prod_5,3,11.6,34.8,North,Online
4701,2024-04-03,Prod_15,2,33.45,66.9,North,Online
4702,2024-04-03,Prod_2,3,76.1,228.3,North,Store
4703,2024-04-03,Prod_10,3,65.39,196.17,North,Online
4704,2024-04-03,Prod_10,2,29.59,59.18,East,Online
4705,2024-04-03,Prod_15,1,24.4,24.4,North,Online
4706,2024-04-03,Prod_11,1,63.53,63.53,North,Online
4707,2024-04-03,Prod_9,4,94.56,378.24,East,Online
4708,2024-04-03,Prod_1,3,94.7,284.1,South,Online
4709,2024-04-03,Prod_11,4,13.0,52.0,West,Online
4710,2024-04-03,Prod_2,1,85.26,85.26,East,Online
4711,2024-04-03,Prod_5,4,88.88,355.52,South,Store
4712,2024-04-03,Prod_7,2,22.29,44.58,West,Online
4713,2024-04-03,Prod_6,4,11.81,47.24,North,Online
4714,2024-04-03,Prod_5,3,87.03,261.09,South,Online
4715,2024-04-03,Prod_14,2,43.06,86.12,East,Store
4716,2024-04-04,Prod_2,1,72.04,72.04,North,Online
4717,2024-04-04,Prod_7,1,44.27,44.27,North,Online
4718,2024-04-04,Prod_10,3,30.61,91.83,West,Online
4719,2024-04-04,Prod_12,4,81.2,324.8,South,Online
4720,2024-04-04,Prod_8,1,74.83,74.83,South,Store
4721,2024-04-04,Prod_2,3,50.41,151.23,North,Online
4722,2024-04-04,Prod_7,3,15.05,45.15,West,Online
4723,2024-04-04,Prod_13,1,10.54,10.54,West,Online
4724,2024-04-04,Prod_8,1,98.06,98.06,East,Online
4725,2024-04-04,Prod_9,2,53.94,107.88,North,Online
4726,2024-04-04,Prod_12,2,48.85,97.7,West,Store
4727,2024-04-04,Prod_13,1,35.71,35.71,East,Online
4728,2024-04-04,Prod_7,4,36.48,145.92,West,Online
4729,2024-04-04,Prod_3,1,20.67,20.67,North,Store
4730,2024-04-04,Prod_4,2,82.32,164.64,West,Online
4731,2024-04-04,Prod_9,3,103.34,310.02,East,Store
4732,2024-04-04,Prod_12,3,87.93,263.79,North,Store
4733,2024-04-04,Prod_7,4,59.77,239.08,West,Store
4734,2024-04-04,Prod_6,2,74.65,149.3,West,Store
4735,2024-04-04,Prod_1,4,85.4,341.6,West,Online
4736,2024-04-04,Prod_13,4,85.56,342.24,West,Online
4737,2024-04-04,Prod_8,3,43.95,131.85,West,Store
4738,2024-04-04,Prod_3,1,18.76,18.76,South,Store
4739,2024-04-04,Prod_9,1,21.77,21.77,South,Store
4740,2024-04-04,Prod_6,3,22.3,66.9,South,Store
4741,2024-04-04,Prod_8,3,52.95,158.85,North,Online
4742,2024-04-04,Prod_7,2,80.69,161.38,South,Store
4743,2024-04-04,Prod_13,4,87.11,348.44,North,Online
4744,2024-04-04,Prod_6,4,91.62,366.48,West,Store
4745,2024-04-04,Prod_13,4,72.22,288.88,North,Online
4746,2024-04-04,Prod_13,1,60.84,60.84,West,Online
4747,2024-04-04,Prod_10,3,27.39,82.17,West,Online
4748,2024-04-05,Prod_12,4,13.28,53.12,South,Store
4749,2024-04-05,Prod_12,2,86.12,172.24,North,Online
4750,2024-04-05,Prod_2,3,95.63,286.89,North,Online
4751,2024-04-05,Prod_4,3,106.09,318.27,West,Store
4752,2024-04-05,Prod_15,3,63.61,190.83,West,Store
4753,2024-04-05,Prod_2,4,88.76,355.04,West,Online
4754,2024-04-05,Prod_5,2,100.73,201.46,South,Online
4755,2024-04-05,Prod_10,3,68.35,205.05,West,Store
4756,2024-04-05,Prod_8,1,54.08,54.08,North,Store
4757,2024-04-05,Prod_14,1,69.36,69.36,East,Store
4758,2024-04-05,Prod_2,3,78.98,236.94,East,Online
4759,2024-04-05,Prod_12,2,59.93,119.86,South,Store
4760,2024-04-05,Prod_10,2,85.72,171.44,North,Store
4761,2024-04-05,Prod_2,1,61.16,61.16,South,Store
4762,2024-04-05,Prod_13,1,80.56,80.56,East,Store
4763,2024-04-05,Prod_15,3,67.7,203.1,West,Online
4764,2024-04-05,Prod_4,3,50.09,150.27,East,Online
4765,2024-04-05,Prod_11,2,73.91,147.82,South,Online
4766,2024-04-05,Prod_14,2,90.73,181.46,North,Online
4767,2024-04-05,Prod_14,4,96.72,386.88,North,Online
4768,2024-04-05,Prod_1,1,94.77,94.77,South,Online
4769,2024-04-05,Prod_5,2,62.04,124.08,North,Store
4770,2024-04-05,Prod_9,2,65.81,131.62,West,Online
4771,2024-04-05,Prod_13,1,44.98,44.98,West,Online
4772,2024-04-05,Prod_8,4,58.57,234.28,East,Online
4773,2024-04-05,Prod_11,1,35.73,35.73,West,Online
4774,2024-04-05,Prod_10,3,96.76,290.28,North,Online
4775,2024-04-06,Prod_6,1,96.33,96.33,West,Online
4776,2024-04-06,Prod_2,2,14.34,28.68,West,Store
4777,2024-04-06,Prod_15,4,66.96,267.84,West,Online
4778,2024-04-06,Prod_4,4,72.75,291.0,North,Online
4779,2024-04-06,Prod_6,4,76.42,305.68,South,Online
4780,2024-04-06,Prod_4,2,31.44,62.88,East,Online
4781,2024-04-06,Prod_3,2,46.07,92.14,East,Online
4782,2024-04-06,Prod_11,2,17.28,34.56,West,Online
4783,2024-04-06,Prod_13,3,58.43,175.29,North,Online
4784,2024-04-06,Prod_1,1,82.2,82.2,East,Store
4785,2024-04-06,Prod_13,3,8.74,26.22,West,Online
4786,2024-04-06,Prod_7,4,12.65,50.6,South,Online
4787,2024-04-06,Prod_3,4,64.35,257.4,West,Store
4788,2024-04-06,Prod_5,1,22.29,22.29,East,Online
4789,2024-04-06,Prod_2,4,70.33,281.32,West,Online
4790,2024-04-06,Prod_6,4,67.36,269.44,West,Online
4791,2024-04-06,Prod_11,3,83.44,250.32,North,Store
4792,2024-04-06,Prod_12,1,34.07,34.07,South,Online
4793,2024-04-06,Prod_11,2,12.07,24.14,South,Online
4794,2024-04-06,Prod_12,2,72.64,145.28,South,Online
4795,2024-04-06,Prod_10,2,36.77,73.54,East,Online
4796,2024-04-06,Prod_5,2,70.23,140.46,West,Online
4797,2024-04-06,Prod_12,2,11.7,23.4,West,Store
4798,2024-04-06,Prod_8,1,80.61,80.61,North,Store
4799,2024-04-06,Prod_10,4,15.58,62.32,West,Store
4800,2024-04-06,Prod_13,1,81.79,81.79,North,Online
4801,2024-04-06,Prod_15,3,81.65,244.95,North,Store
4802,2024-04-06,Prod_2,4,26.24,104.96,North,Store
4803,2024-04-06,Prod_4,1,31.78,31.78,North,Online
4804,2024-04-06,Prod_3,1,54.23,54.23,North,Online
4805,2024-04-06,Prod_15,2,44.67,89.34,North,Online
4806,2024-04-06,Prod_1,1,37.26,37.26,West,Online
4807,2024-04-06,Prod_2,1,69.95,69.95,West,Online
4808,2024-04-06,Prod_11,1,94.16,94.16,West,Store
4809,2024-04-06,Prod_12,4,97.98,391.92,West,Online
4810,2024-04-06,Prod_2,3,99.96,299.88,North,Store
4811,2024-04-06,Prod_3,2,76.76,153.52,North,Store
4812,2024-04-06,Prod_7,1,91.54,91.54,North,Online
4813,2024-04-07,Prod_13,1,12.46,12.46,West,Online
4814,2024-04-07,Prod_11,1,88.92,88.92,North,Online
4815,2024-04-07,Prod_10,3,44.88,134.64,West,Store
4816,2024-04-07,Prod_2,2,67.8,135.6,West,Online
4817,2024-04-07,Prod_7,3,45.5,136.5,South,Store
4818,2024-04-07,Prod_5,1,51.22,51.22,North,Store
4819,2024-04-07,Prod_5,3,39.06,117.18,North,Store
4820,2024-04-07,Prod_14,2,36.16,72.32,North,Online
4821,2024-04-07,Prod_15,2,90.07,180.14,East,Online
4822,2024-04-07,Prod_5,3,30.02,90.06,North,Store
4823,2024-04-07,Prod_9,1,97.47,97.47,East,Online
4824,2024-04-07,Prod_2,4,62.91,251.64,North,Online
4825,2024-04-07,Prod_8,4,51.3,205.2,South,Online
4826,2024-04-07,Prod_11,2,27.37,54.74,East,Store
4827,2024-04-07,Prod_3,3,17.14,51.42,South,Online
4828,2024-04-07,Prod_8,2,74.59,149.18,North,Store
4829,2024-04-07,Prod_12,2,71.57,143.14,West,Store
4830,2024-04-07,Prod_4,4,89.77,359.08,East,Online
4831,2024-04-07,Prod_8,2,94.16,188.32,North,Store
4832,2024-04-07,Prod_10,2,77.19,154.38,South,Store
4833,2024-04-07,Prod_11,1,45.57,45.57,West,Online
4834,2024-04-07,Prod_2,2,96.38,192.76,West,Online
4835,2024-04-07,Prod_11,3,33.22,99.66,North,Store
4836,2024-04-07,Prod_3,1,52.63,52.63,North,Store
4837,2024-04-07,Prod_13,3,25.44,76.32,West,Store
4838,2024-04-07,Prod_5,2,99.3,198.6,North,Online
4839,2024-04-07,Prod_3,2,23.66,47.32,East,Online
4840,2024-04-07,Prod_12,4,30.88,123.52,North,Online
4841,2024-04-07,Prod_5,1,97.88,97.88,East,Store
4842,2024-04-07,Prod_6,3,29.07,87.21,North,Online
4843,2024-04-07,Prod_12,4,39.4,157.6,North,Store
4844,2024-04-07,Prod_7,1,57.57,57.57,North,Online
4845,2024-04-07,Prod_12,2,91.64,183.28,East,Online
4846,2024-04-07,Prod_1,4,82.17,328.68,East,Store
4847,2024-04-07,Prod_11,4,32.8,131.2,South,Online
4848,2024-04-07,Prod_2,3,101.6,304.8,East,Online
4849,2024-04-07,Prod_15,4,76.53,306.12,North,Store
4850,2024-04-07,Prod_14,2,59.04,118.08,South,Store
4851,2024-04-07,Prod_6,2,37.66,75.32,East,Store
4852,2024-04-07,Prod_4,1,32.94,32.94,West,Store
4853,2024-04-08,Prod_6,3,50.61,151.83,East,Online
4854,2024-04-08,Prod_6,4,11.15,44.6,West,Online
4855,2024-04-08,Prod_12,3,12.11,36.33,North,Online
4856,2024-04-08,Prod_14,3,48.17,144.51,East,Store
4857,2024-04-08,Prod_4,1,63.59,63.59,South,Store
4858,2024-04-08,Prod_8,2,39.6,79.2,North,Online
4859,2024-04-08,Prod_2,1,22.97,22.97,North,Store
4860,2024-04-08,Prod_9,2,69.77,139.54,South,Store
4861,2024-04-08,Prod_2,2,16.65,33.3,West,Online
4862,2024-04-08,Prod_11,1,75.91,75.91,East,Online
4863,2024-04-08,Prod_5,2,22.85,45.7,East,Store
4864,2024-04-08,Prod_6,2,100.64,201.28,North,Store
4865,2024-04-08,Prod_7,2,71.37,142.74,North,Online
4866,2024-04-08,Prod_14,4,67.17,268.68,West,Online
4867,2024-04-08,Prod_2,3,36.52,109.56,East,Online
4868,2024-04-08,Prod_3,2,79.32,158.64,North,Store
4869,2024-04-08,Prod_4,3,25.08,75.24,East,Store
4870,2024-04-08,Prod_7,2,81.81,163.62,South,Online
4871,2024-04-08,Prod_7,1,95.68,95.68,North,Store
4872,2024-04-08,Prod_15,4,20.13,80.52,South,Online
4873,2024-04-08,Prod_12,1,96.65,96.65,South,Online
4874,2024-04-08,Prod_9,3,63.39,190.17,West,Online
4875,2024-04-08,Prod_4,2,46.69,93.38,East,Store
4876,2024-04-08,Prod_9,4,47.89,191.56,East,Store
4877,2024-04-08,Prod_11,4,66.65,266.6,West,Online
4878,2024-04-08,Prod_11,1,103.44,103.44,North,Store
4879,2024-04-08,Prod_1,1,94.28,94.28,East,Store
4880,2024-04-08,Prod_10,3,56.89,170.67,South,Online
4881,2024-04-08,Prod_11,3,102.42,307.26,North,Store
4882,2024-04-08,Prod_4,3,42.31,126.93,West,Online
4883,2024-04-08,Prod_8,1,54.84,54.84,North,Online
4884,2024-04-08,Prod_9,2,22.29,44.58,West,Store
4885,2024-04-08,Prod_11,3,39.25,117.75,North,Store
4886,2024-04-08,Prod_2,1,11.27,11.27,South,Online
4887,2024-04-08,Prod_8,3,14.31,42.93,North,Online
4888,2024-04-08,Prod_10,1,70.32,70.32,North,Online
4889,2024-04-08,Prod_11,4,14.58,58.32,East,Online
4890,2024-04-08,Prod_11,4,61.43,245.72,North,Online
4891,2024-04-08,Prod_4,3,51.54,154.62,South,Online
4892,2024-04-09,Prod_14,3,81.28,243.84,West,Online
4893,2024-04-09,Prod_3,1,36.96,36.96,West,Online
4894,2024-04-09,Prod_5,2,78.41,156.82,North,Online
4895,2024-04-09,Prod_10,2,66.36,132.72,East,Online
4896,2024-04-09,Prod_9,3,61.81,185.43,North,Store
4897,2024-04-09,Prod_11,4,99.56,398.24,East,Online
4898,2024-04-09,Prod_1,2,43.75,87.5,North,Online
4899,2024-04-09,Prod_7,2,6.37,12.74,West,Online
4900,2024-04-09,Prod_12,3,82.54,247.62,East,Online
4901,2024-04-09,Prod_12,3,79.97,239.91,West,Online
4902,2024-04-09,Prod_15,1,67.76,67.76,North,Store
4903,2024-04-09,Prod_14,3,83.45,250.35,West,Online
4904,2024-04-09,Prod_6,4,66.98,267.92,North,Store
4905,2024-04-09,Prod_5,3,100.9,302.7,North,Online
4906,2024-04-09,Prod_4,4,18.97,75.88,East,Online
4907,2024-04-09,Prod_4,1,28.69,28.69,West,Online
4908,2024-04-09,Prod_7,3,75.6,226.8,East,Online
4909,2024-04-09,Prod_9,1,88.17,88.17,North,Online
4910,2024-04-09,Prod_15,4,38.68,154.72,North,Store
4911,2024-04-09,Prod_11,1,27.27,27.27,South,Store
4912,2024-04-09,Prod_11,4,83.79,335.16,West,Online
4913,2024-04-09,Prod_6,3,17.05,51.15,West,Store
4914,2024-04-09,Prod_13,2,83.63,167.26,East,Online
4915,2024-04-09,Prod_6,3,98.73,296.19,South,Online
4916,2024-04-09,Prod_9,4,51.33,205.32,South,Store
4917,2024-04-10,Prod_10,3,16.5,49.5,West,Online
4918,2024-04-10,Prod_5,3,89.75,269.25,North,Store
4919,2024-04-10,Prod_11,4,101.95,407.8,North,Online
4920,2024-04-10,Prod_12,3,95.95,287.85,West,Online
4921,2024-04-10,Prod_10,2,23.2,46.4,East,Store
4922,2024-04-10,Prod_9,4,44.86,179.44,West,Online
4923,2024-04-10,Prod_12,1,60.69,60.69,South,Store
4924,2024-04-10,Prod_8,4,18.33,73.32,North,Online
4925,2024-04-10,Prod_10,1,55.85,55.85,South,Online
4926,2024-04-10,Prod_11,1,59.23,59.23,South,Online
4927,2024-04-10,Prod_12,4,34.26,137.04,North,Store
4928,2024-04-10,Prod_4,4,41.36,165.44,West,Online
4929,2024-04-10,Prod_5,2,44.71,89.42,North,Online
4930,2024-04-10,Prod_8,2,55.95,111.9,East,Store
4931,2024-04-10,Prod_13,3,69.13,207.39,North,Online
4932,2024-04-10,Prod_1,2,13.79,27.58,West,Online
4933,2024-04-10,Prod_13,1,6.85,6.85,East,Online
4934,2024-04-10,Prod_6,3,52.59,157.77,North,Store
4935,2024-04-10,Prod_4,2,58.62,117.24,West,Store
4936,2024-04-10,Prod_5,2,97.43,194.86,North,Online
4937,2024-04-10,Prod_14,4,14.28,57.12,East,Online
4938,2024-04-10,Prod_11,1,80.23,80.23,East,Online
4939,2024-04-10,Prod_14,3,79.97,239.91,West,Store
4940,2024-04-10,Prod_15,1,15.2,15.2,North,Store
4941,2024-04-10,Prod_1,1,37.89,37.89,West,Online
4942,2024-04-10,Prod_10,2,52.68,105.36,South,Online
4943,2024-04-10,Prod_12,4,81.3,325.2,South,Online
4944,2024-04-10,Prod_11,1,46.93,46.93,East,Online
4945,2024-04-10,Prod_10,4,75.26,301.04,North,Store
4946,2024-04-10,Prod_14,1,98.88,98.88,East,Online
4947,2024-04-10,Prod_6,4,18.42,73.68,West,Store
4948,2024-04-10,Prod_12,1,58.62,58.62,East,Online
4949,2024-04-10,Prod_11,2,100.24,200.48,South,Online
4950,2024-04-10,Prod_2,1,105.28,105.28,West,Online
4951,2024-04-10,Prod_3,4,84.51,338.04,South,Store
4952,2024-04-10,Prod_4,2,85.15,170.3,North,Store
4953,2024-04-10,Prod_14,2,45.46,90.92,West,Online
4954,2024-04-10,Prod_15,4,72.09,288.36,North,Online
4955,2024-04-10,Prod_15,3,47.53,142.59,West,Online
4956,2024-04-10,Prod_1,2,16.49,32.98,East,Store
4957,2024-04-10,Prod_15,3,95.41,286.23,West,Store
4958,2024-04-10,Prod_10,4,10.04,40.16,South,Online
4959,2024-04-10,Prod_12,2,72.37,144.74,East,Store
4960,2024-04-10,Prod_13,2,95.61,191.22,North,Online
4961,2024-04-10,Prod_2,4,43.44,173.76,East,Store
4962,2024-04-10,Prod_10,1,24.04,24.04,North,Online
4963,2024-04-10,Prod_13,2,18.07,36.14,South,Store
4964,2024-04-10,Prod_8,1,89.1,89.1,North,Online
4965,2024-04-10,Prod_15,1,45.7,45.7,South,Store
4966,2024-04-10,Prod_3,3,33.43,100.29,East,Store
4967,2024-04-10,Prod_10,1,84.52,84.52,North,Online
4968,2024-04-10,Prod_1,1,7.18,7.18,East,Online
4969,2024-04-10,Prod_14,2,68.99,137.98,West,Store
4970,2024-04-10,Prod_10,4,43.15,172.6,North,Store
4971,2024-04-10,Prod_11,3,19.4,58.2,West,Online
4972,2024-04-10,Prod_8,3,96.66,289.98,East,Store
4973,2024-04-10,Prod_1,2,45.44,90.88,East,Online
4974,2024-04-10,Prod_3,3,30.19,90.57,North,Online
4975,2024-04-11,Prod_13,2,28.44,56.88,West,Online
4976,2024-04-11,Prod_1,1,60.97,60.97,North,Online
4977,2024-04-11,Prod_2,4,79.33,317.32,East,Online
4978,2024-04-11,Prod_7,1,77.53,77.53,East,Store
4979,2024-04-11,Prod_10,4,40.09,160.36,West,Online
4980,2024-04-11,Prod_13,1,10.02,10.02,East,Online
4981,2024-04-11,Prod_4,3,79.57,238.71,South,Online
4982,2024-04-11,Prod_2,3,55.52,166.56,West,Online
4983,2024-04-11,Prod_12,4,11.18,44.72,North,Store
4984,2024-04-11,Prod_5,1,32.91,32.91,North,Store
4985,2024-04-11,Prod_4,3,19.13,57.39,South,Online
4986,2024-04-11,Prod_11,4,22.25,89.0,East,Online
4987,2024-04-11,Prod_14,3,100.87,302.61,South,Store
4988,2024-04-11,Prod_8,2,73.77,147.54,South,Online
4989,2024-04-11,Prod_15,1,19.67,19.67,West,Store
4990,2024-04-11,Prod_8,1,61.27,61.27,East,Online
4991,2024-04-11,Prod_7,2,74.25,148.5,North,Online
4992,2024-04-11,Prod_11,1,12.29,12.29,East,Store
4993,2024-04-11,Prod_6,4,23.2,92.8,East,Store
4994,2024-04-11,Prod_4,3,104.5,313.5,West,Store
4995,2024-04-11,Prod_4,4,72.45,289.8,South,Store
4996,2024-04-11,Prod_6,4,16.46,65.84,South,Online
4997,2024-04-11,Prod_9,4,34.16,136.64,South,Online
4998,2024-04-11,Prod_1,1,98.32,98.32,South,Online
4999,2024-04-11,Prod_1,2,82.82,165.64,East,Online
5000,2024-04-11,Prod_4,2,98.57,197.14,West,Store
5001,2024-04-11,Prod_5,2,101.21,202.42,East,Online
5002,2024-04-11,Prod_14,4,95.09,380.36,East,Store
5003,2024-04-11,Prod_14,2,58.2,116.4,North,Online
5004,2024-04-11,Prod_7,2,39.01,78.02,West,Online
5005,2024-04-11,Prod_4,4,39.74,158.96,North,Online
5006,2024-04-11,Prod_13,2,48.17,96.34,South,Store
5007,2024-04-11,Prod_15,2,17.04,34.08,South,Online
5008,2024-04-11,Prod_10,1,26.79,26.79,East,Store
5009,2024-04-11,Prod_1,4,78.86,315.44,South,Online
5010,2024-04-11,Prod_11,1,73.48,73.48,North,Online
5011,2024-04-11,Prod_14,4,26.55,106.2,North,Store
5012,2024-04-11,Prod_9,2,49.37,98.74,North,Online
5013,2024-04-11,Prod_5,4,73.93,295.72,South,Online
5014,2024-04-11,Prod_1,2,65.07,130.14,North,Online
5015,2024-04-11,Prod_2,3,93.6,280.8,West,Store
5016,2024-04-11,Prod_3,3,82.94,248.82,West,Online
5017,2024-04-11,Prod_12,2,27.39,54.78,West,Store
5018,2024-04-11,Prod_3,4,36.11,144.44,West,Online
5019,2024-04-11,Prod_13,1,63.6,63.6,West,Store
5020,2024-04-11,Prod_2,2,48.13,96.26,South,Online
5021,2024-04-11,Prod_10,4,39.11,156.44,North,Online
5022,2024-04-11,Prod_14,3,92.74,278.22,North,Online
5023,2024-04-12,Prod_15,4,44.75,179.0,North,Store
5024,2024-04-12,Prod_9,4,32.7,130.8,North,Online
5025,2024-04-12,Prod_11,3,22.55,67.65,North,Online
5026,2024-04-12,Prod_4,4,59.19,236.76,South,Store
5027,2024-04-12,Prod_6,3,90.27,270.81,West,Store
5028,2024-04-12,Prod_4,3,36.35,109.05,East,Online
5029,2024-04-12,Prod_3,3,15.0,45.0,East,Store
5030,2024-04-12,Prod_2,3,99.69,299.07,West,Online
5031,2024-04-12,Prod_4,3,19.46,58.38,West,Store
5032,2024-04-12,Prod_7,1,70.86,70.86,North,Store
5033,2024-04-12,Prod_11,3,82.25,246.75,South,Online
5034,2024-04-12,Prod_14,4,23.12,92.48,East,Store
5035,2024-04-12,Prod_1,4,23.66,94.64,North,Online
5036,2024-04-12,Prod_15,4,84.19,336.76,South,Online
5037,2024-04-12,Prod_15,2,34.16,68.32,North,Online
5038,2024-04-12,Prod_9,2,64.97,129.94,South,Store
5039,2024-04-12,Prod_4,3,63.57,190.71,West,Online
5040,2024-04-12,Prod_9,3,12.0,36.0,East,Online
5041,2024-04-12,Prod_10,3,7.14,21.42,East,Store
5042,2024-04-12,Prod_4,4,54.56,218.24,East,Online
5043,2024-04-12,Prod_10,4,56.28,225.12,South,Store
5044,2024-04-12,Prod_4,3,54.43,163.29,West,Store
5045,2024-04-12,Prod_7,3,92.48,277.44,North,Store
5046,2024-04-12,Prod_4,3,53.43,160.29,West,Online
5047,2024-04-12,Prod_3,2,55.0,110.0,North,Store
5048,2024-04-12,Prod_13,1,88.66,88.66,West,Online
5049,2024-04-12,Prod_9,2,44.01,88.02,South,Online
5050,2024-04-12,Prod_4,3,90.39,271.17,North,Store
5051,2024-04-12,Prod_6,3,12.72,38.16,North,Online
5052,2024-04-12,Prod_7,3,14.3,42.9,West,Store
5053,2024-04-12,Prod_10,2,91.38,182.76,West,Online
5054,2024-04-12,Prod_2,3,37.55,112.65,East,Online
5055,2024-04-13,Prod_15,4,89.98,359.92,West,Store
5056,2024-04-13,Prod_1,1,69.51,69.51,North,Online
5057,2024-04-13,Prod_3,1,96.96,96.96,East,Online
5058,2024-04-13,Prod_6,4,82.74,330.96,South,Online
5059,2024-04-13,Prod_11,3,76.22,228.66,South,Online
5060,2024-04-13,Prod_5,1,55.56,55.56,South,Online
5061,2024-04-13,Prod_10,2,68.65,137.3,South,Online
5062,2024-04-13,Prod_13,1,96.38,96.38,North,Online
5063,2024-04-13,Prod_11,1,78.8,78.8,South,Online
5064,2024-04-13,Prod_10,4,79.15,316.6,South,Online
5065,2024-04-13,Prod_14,4,100.86,403.44,East,Store
5066,2024-04-13,Prod_9,4,103.61,414.44,North,Store
5067,2024-04-13,Prod_10,3,63.31,189.93,South,Online
5068,2024-04-13,Prod_11,4,74.17,296.68,North,Store
5069,2024-04-13,Prod_3,1,55.2,55.2,East,Store
5070,2024-04-13,Prod_4,1,22.08,22.08,North,Store
5071,2024-04-13,Prod_4,4,87.02,348.08,East,Online
5072,2024-04-13,Prod_13,1,89.73,89.73,South,Online
5073,2024-04-13,Prod_4,3,77.16,231.48,South,Online
5074,2024-04-13,Prod_6,3,9.81,29.43,South,Store
5075,2024-04-13,Prod_9,4,47.18,188.72,North,Online
5076,2024-04-13,Prod_10,2,91.81,183.62,East,Online
5077,2024-04-13,Prod_7,4,38.41,153.64,South,Store
5078,2024-04-13,Prod_9,1,41.74,41.74,West,Online
5079,2024-04-13,Prod_14,2,13.54,27.08,South,Online
5080,2024-04-13,Prod_7,2,32.36,64.72,South,Store
5081,2024-04-13,Prod_13,4,66.72,266.88,East,Store
5082,2024-04-13,Prod_9,1,40.6,40.6,North,Online
5083,2024-04-13,Prod_5,4,39.28,157.12,West,Online
5084,2024-04-13,Prod_2,2,44.39,88.78,North,Online
5085,2024-04-13,Prod_2,3,57.58,172.74,West,Store
5086,2024-04-13,Prod_1,2,100.26,200.52,North,Online
5087,2024-04-13,Prod_5,2,63.36,126.72,South,Online
5088,2024-04-13,Prod_10,4,33.37,133.48,West,Online
5089,2024-04-13,Prod_3,2,36.44,72.88,South,Online
5090,2024-04-13,Prod_9,4,57.29,229.16,North,Store
5091,2024-04-13,Prod_14,3,100.18,300.54,South,Store
5092,2024-04-13,Prod_8,2,75.67,151.34,South,Online
5093,2024-04-13,Prod_7,4,74.43,297.72,East,Online
5094,2024-04-13,Prod_13,3,17.04,51.12,South,Online
5095,2024-04-13,Prod_4,1,15.03,15.03,West,Online
5096,2024-04-13,Prod_7,4,91.92,367.68,North,Store
5097,2024-04-13,Prod_1,2,94.3,188.6,South,Online
5098,2024-04-13,Prod_12,2,93.84,187.68,North,Store
5099,2024-04-13,Prod_10,1,68.12,68.12,South,Online
5100,2024-04-13,Prod_1,1,33.74,33.74,West,Store
5101,2024-04-13,Prod_9,1,57.24,57.24,North,Store
5102,2024-04-13,Prod_4,4,97.88,391.52,West,Online
5103,2024-04-13,Prod_6,2,91.18,182.36,North,Online
5104,2024-04-13,Prod_10,2,79.23,158.46,East,Store
5105,2024-04-13,Prod_11,2,38.21,76.42,South,Store
5106,2024-04-13,Prod_9,1,102.04,102.04,South,Store
5107,2024-04-13,Prod_6,4,51.49,205.96,East,Online
5108,2024-04-13,Prod_11,4,90.27,361.08,East,Online
5109,2024-04-13,Prod_4,4,102.96,411.84,East,Store
5110,2024-04-13,Prod_9,3,47.67,143.01,South,Online
5111,2024-04-13,Prod_8,3,74.29,222.87,North,Online
5112,2024-04-13,Prod_4,3,88.39,265.17,West,Online
5113,2024-04-14,Prod_13,3,17.43,52.29,East,Online
5114,2024-04-14,Prod_3,4,34.84,139.36,North,Online
5115,2024-04-14,Prod_12,3,34.48,103.44,North,Online
5116,2024-04-14,Prod_2,4,22.47,89.88,East,Online
5117,2024-04-14,Prod_12,1,54.0,54.0,East,Store
5118,2024-04-14,Prod_9,2,89.34,178.68,North,Online
5119,2024-04-14,Prod_3,2,26.77,53.54,North,Online
5120,2024-04-14,Prod_8,1,65.49,65.49,North,Store
5121,2024-04-14,Prod_1,2,34.78,69.56,North,Online
5122,2024-04-14,Prod_14,3,47.98,143.94,North,Store
5123,2024-04-14,Prod_14,3,42.53,127.59,West,Store
5124,2024-04-14,Prod_8,1,40.14,40.14,South,Online
5125,2024-04-14,Prod_8,2,32.8,65.6,East,Store
5126,2024-04-14,Prod_8,2,91.04,182.08,North,Online
5127,2024-04-14,Prod_15,1,34.47,34.47,North,Store
5128,2024-04-14,Prod_8,1,17.28,17.28,South,Store
5129,2024-04-14,Prod_6,3,21.08,63.24,South,Store
5130,2024-04-14,Prod_11,3,72.6,217.8,East,Store
5131,2024-04-14,Prod_1,2,93.19,186.38,South,Online
5132,2024-04-14,Prod_3,4,51.47,205.88,North,Store
5133,2024-04-14,Prod_2,2,12.27,24.54,West,Store
5134,2024-04-14,Prod_13,4,73.87,295.48,West,Store
5135,2024-04-14,Prod_1,4,91.06,364.24,East,Online
5136,2024-04-14,Prod_8,4,59.69,238.76,South,Online
5137,2024-04-14,Prod_4,4,93.3,373.2,East,Online
5138,2024-04-14,Prod_3,3,20.17,60.51,North,Store
5139,2024-04-14,Prod_4,1,104.22,104.22,North,Online
5140,2024-04-14,Prod_2,1,45.92,45.92,South,Online
5141,2024-04-14,Prod_13,3,39.09,117.27,West,Store
5142,2024-04-14,Prod_10,3,66.14,198.42,West,Store
5143,2024-04-14,Prod_14,1,75.42,75.42,East,Online
5144,2024-04-14,Prod_7,3,30.91,92.73,South,Online
5145,2024-04-14,Prod_11,2,13.44,26.88,North,Online
5146,2024-04-14,Prod_1,3,60.12,180.36,South,Store
5147,2024-04-15,Prod_9,4,25.94,103.76,South,Online
5148,2024-04-15,Prod_14,2,57.08,114.16,East,Store
5149,2024-04-15,Prod_6,2,72.98,145.96,North,Store
5150,2024-04-15,Prod_15,4,38.0,152.0,West,Store
5151,2024-04-15,Prod_11,2,20.34,40.68,West,Online
5152,2024-04-15,Prod_8,1,70.53,70.53,South,Online
5153,2024-04-15,Prod_12,4,31.24,124.96,South,Store
5154,2024-04-15,Prod_4,1,83.24,83.24,East,Online
5155,2024-04-15,Prod_11,3,102.71,308.13,West,Online
5156,2024-04-15,Prod_4,2,62.09,124.18,West,Store
5157,2024-04-15,Prod_13,2,89.19,178.38,South,Online
5158,2024-04-15,Prod_3,3,41.81,125.43,East,Online
5159,2024-04-15,Prod_13,4,95.66,382.64,North,Online
5160,2024-04-15,Prod_12,3,23.06,69.18,West,Online
5161,2024-04-15,Prod_2,1,93.48,93.48,South,Online
5162,2024-04-15,Prod_9,1,86.62,86.62,West,Online
5163,2024-04-15,Prod_7,1,15.58,15.58,East,Online
5164,2024-04-15,Prod_14,2,42.02,84.04,South,Store
5165,2024-04-15,Prod_9,3,27.6,82.8,South,Online
5166,2024-04-15,Prod_9,3,22.51,67.53,North,Online
5167,2024-04-15,Prod_14,2,69.76,139.52,South,Online
5168,2024-04-15,Prod_2,3,48.42,145.26,North,Store
5169,2024-04-15,Prod_9,2,98.93,197.86,North,Store
5170,2024-04-15,Prod_10,4,16.87,67.48,South,Store
5171,2024-04-15,Prod_2,2,48.07,96.14,West,Store
5172,2024-04-16,Prod_15,4,87.63,350.52,East,Store
5173,2024-04-16,Prod_13,2,63.27,126.54,North,Online
5174,2024-04-16,Prod_14,4,100.18,400.72,East,Online
5175,2024-04-16,Prod_2,3,60.0,180.0,South,Store
5176,2024-04-16,Prod_3,2,55.43,110.86,North,Online
5177,2024-04-16,Prod_10,4,87.87,351.48,West,Store
5178,2024-04-16,Prod_7,1,9.62,9.62,West,Store
5179,2024-04-16,Prod_5,1,73.13,73.13,South,Online
5180,2024-04-16,Prod_2,3,99.66,298.98,West,Online
5181,2024-04-16,Prod_15,2,95.1,190.2,East,Online
5182,2024-04-16,Prod_8,3,14.67,44.01,East,Store
5183,2024-04-16,Prod_8,3,26.2,78.6,South,Online
5184,2024-04-16,Prod_1,2,9.65,19.3,East,Online
5185,2024-04-16,Prod_6,2,59.12,118.24,South,Online
5186,2024-04-16,Prod_10,4,61.36,245.44,East,Online
5187,2024-04-16,Prod_11,1,58.64,58.64,South,Online
5188,2024-04-16,Prod_7,4,74.86,299.44,North,Store
5189,2024-04-16,Prod_4,2,17.65,35.3,East,Online
5190,2024-04-16,Prod_10,3,95.93,287.79,West,Online
5191,2024-04-16,Prod_14,2,71.73,143.46,West,Online
5192,2024-04-16,Prod_14,4,72.85,291.4,South,Store
5193,2024-04-16,Prod_14,4,96.3,385.2,North,Online
5194,2024-04-16,Prod_11,3,13.31,39.93,West,Store
5195,2024-04-16,Prod_11,2,77.45,154.9,North,Store
5196,2024-04-16,Prod_5,3,54.12,162.36,South,Online
5197,2024-04-16,Prod_13,3,87.93,263.79,South,Online
5198,2024-04-16,Prod_6,4,68.39,273.56,West,Online
5199,2024-04-16,Prod_5,3,17.89,53.67,North,Online
5200,2024-04-16,Prod_4,1,64.45,64.45,North,Store
5201,2024-04-16,Prod_12,3,45.38,136.14,North,Store
5202,2024-04-16,Prod_12,3,85.48,256.44,West,Store
5203,2024-04-16,Prod_1,3,17.24,51.72,West,Online
5204,2024-04-16,Prod_2,2,65.46,130.92,North,Store
5205,2024-04-17,Prod_11,4,76.19,304.76,South,Store
5206,2024-04-17,Prod_8,3,16.41,49.23,East,Online
5207,2024-04-17,Prod_15,2,68.49,136.98,North,Online
5208,2024-04-17,Prod_12,3,35.16,105.48,South,Online
5209,2024-04-17,Prod_9,3,97.09,291.27,North,Store
5210,2024-04-17,Prod_13,1,36.29,36.29,South,Online
5211,2024-04-17,Prod_9,1,85.01,85.01,West,Store
5212,2024-04-17,Prod_3,4,49.29,197.16,North,Online
5213,2024-04-17,Prod_2,3,92.75,278.25,North,Online
5214,2024-04-17,Prod_4,2,97.89,195.78,South,Store
5215,2024-04-17,Prod_4,2,48.43,96.86,South,Store
5216,2024-04-17,Prod_14,4,51.02,204.08,North,Online
5217,2024-04-17,Prod_9,1,22.76,22.76,North,Store
5218,2024-04-17,Prod_5,4,78.01,312.04,East,Store
5219,2024-04-17,Prod_9,4,37.54,150.16,North,Online
5220,2024-04-17,Prod_12,4,17.72,70.88,South,Online
5221,2024-04-17,Prod_1,3,63.59,190.77,West,Online
5222,2024-04-17,Prod_13,4,13.04,52.16,West,Online
5223,2024-04-17,Prod_9,1,104.89,104.89,West,Store
5224,2024-04-17,Prod_10,4,43.3,173.2,North,Online
5225,2024-04-17,Prod_5,4,86.53,346.12,West,Store
5226,2024-04-17,Prod_7,3,19.52,58.56,North,Online
5227,2024-04-17,Prod_5,4,24.46,97.84,West,Store
5228,2024-04-17,Prod_11,2,96.15,192.3,East,Store
5229,2024-04-17,Prod_6,2,43.39,86.78,North,Online
5230,2024-04-17,Prod_15,4,102.04,408.16,West,Online
5231,2024-04-17,Prod_1,4,21.2,84.8,North,Store
5232,2024-04-17,Prod_1,4,97.23,388.92,West,Online
5233,2024-04-17,Prod_4,1,18.6,18.6,East,Online
5234,2024-04-17,Prod_4,1,57.16,57.16,East,Store
5235,2024-04-17,Prod_6,2,36.24,72.48,East,Store
5236,2024-04-17,Prod_13,2,6.88,13.76,West,Store
5237,2024-04-17,Prod_10,1,60.74,60.74,East,Online
5238,2024-04-17,Prod_3,1,98.89,98.89,South,Online
5239,2024-04-17,Prod_15,4,54.7,218.8,East,Online
5240,2024-04-18,Prod_1,4,99.44,397.76,East,Store
5241,2024-04-18,Prod_3,3,80.72,242.16,South,Store
5242,2024-04-18,Prod_1,3,65.98,197.94,North,Online
5243,2024-04-18,Prod_6,2,17.82,35.64,North,Store
5244,2024-04-18,Prod_12,1,63.33,63.33,West,Store
5245,2024-04-18,Prod_4,2,66.29,132.58,South,Online
5246,2024-04-18,Prod_1,2,98.58,197.16,North,Online
5247,2024-04-18,Prod_12,4,51.17,204.68,West,Online
5248,2024-04-18,Prod_12,3,74.3,222.9,West,Online
5249,2024-04-18,Prod_1,4,43.6,174.4,North,Online
5250,2024-04-18,Prod_13,4,70.87,283.48,North,Online
5251,2024-04-18,Prod_5,1,86.67,86.67,West,Online
5252,2024-04-18,Prod_4,3,106.35,319.05,North,Store
5253,2024-04-18,Prod_7,4,89.67,358.68,North,Online
5254,2024-04-18,Prod_9,2,13.58,27.16,North,Store
5255,2024-04-18,Prod_5,4,9.89,39.56,North,Online
5256,2024-04-18,Prod_4,3,19.51,58.53,West,Store
5257,2024-04-18,Prod_9,1,87.85,87.85,South,Online
5258,2024-04-18,Prod_4,3,97.73,293.19,South,Online
5259,2024-04-18,Prod_15,1,58.97,58.97,East,Online
5260,2024-04-18,Prod_5,2,76.29,152.58,North,Store
5261,2024-04-18,Prod_14,1,39.75,39.75,South,Store
5262,2024-04-18,Prod_12,3,34.7,104.1,East,Store
5263,2024-04-18,Prod_15,4,16.72,66.88,South,Store
5264,2024-04-18,Prod_15,3,51.54,154.62,East,Online
5265,2024-04-18,Prod_1,1,13.22,13.22,West,Online
5266,2024-04-18,Prod_11,3,51.85,155.55,North,Store
5267,2024-04-18,Prod_13,3,38.04,114.12,North,Online
5268,2024-04-18,Prod_12,3,35.57,106.71,West,Online
5269,2024-04-18,Prod_15,4,46.26,185.04,North,Store
5270,2024-04-18,Prod_11,1,101.75,101.75,North,Online
5271,2024-04-18,Prod_3,1,70.56,70.56,North,Online
5272,2024-04-19,Prod_15,1,93.07,93.07,North,Online
5273,2024-04-19,Prod_2,1,77.03,77.03,West,Store
5274,2024-04-19,Prod_1,2,29.51,59.02,North,Store
5275,2024-04-19,Prod_10,1,66.74,66.74,South,Store
5276,2024-04-19,Prod_1,3,59.14,177.42,West,Store
5277,2024-04-19,Prod_3,3,83.64,250.92,East,Online
5278,2024-04-19,Prod_1,1,75.19,75.19,East,Online
5279,2024-04-19,Prod_12,1,77.55,77.55,North,Store
5280,2024-04-19,Prod_8,3,44.57,133.71,North,Online
5281,2024-04-19,Prod_11,2,69.67,139.34,East,Store
5282,2024-04-19,Prod_14,1,79.02,79.02,South,Store
5283,2024-04-19,Prod_13,1,57.36,57.36,South,Online
5284,2024-04-19,Prod_11,4,22.16,88.64,North,Store
5285,2024-04-19,Prod_4,3,38.12,114.36,South,Online
5286,2024-04-19,Prod_5,4,62.1,248.4,North,Online
5287,2024-04-19,Prod_1,4,91.25,365.0,North,Store
5288,2024-04-19,Prod_9,1,32.03,32.03,West,Store
5289,2024-04-19,Prod_7,1,89.02,89.02,East,Store
5290,2024-04-19,Prod_11,4,60.19,240.76,West,Online
5291,2024-04-19,Prod_7,3,36.26,108.78,West,Online
5292,2024-04-19,Prod_5,2,81.48,162.96,South,Online
5293,2024-04-19,Prod_7,2,73.79,147.58,North,Online
5294,2024-04-19,Prod_1,3,96.37,289.11,West,Online
5295,2024-04-19,Prod_6,4,86.25,345.0,East,Online
5296,2024-04-19,Prod_10,1,74.59,74.59,South,Online
5297,2024-04-19,Prod_1,1,28.95,28.95,East,Online
5298,2024-04-19,Prod_2,3,88.87,266.61,South,Online
5299,2024-04-19,Prod_3,1,42.0,42.0,West,Store
5300,2024-04-19,Prod_3,4,102.47,409.88,North,Store
5301,2024-04-19,Prod_13,2,51.88,103.76,South,Online
5302,2024-04-19,Prod_4,3,71.98,215.94,South,Online
5303,2024-04-19,Prod_3,3,78.24,234.72,East,Online
5304,2024-04-19,Prod_4,2,86.97,173.94,East,Online
5305,2024-04-19,Prod_3,2,49.55,99.1,East,Online
5306,2024-04-19,Prod_7,3,95.96,287.88,South,Online
5307,2024-04-19,Prod_9,1,17.45,17.45,West,Store
5308,2024-04-19,Prod_14,1,95.56,95.56,North,Online
5309,2024-04-19,Prod_10,3,41.11,123.33,South,Store
5310,2024-04-19,Prod_11,1,106.45,106.45,North,Online
5311,2024-04-19,Prod_4,4,53.77,215.08,South,Online
5312,2024-04-19,Prod_12,1,33.13,33.13,South,Online
5313,2024-04-19,Prod_10,2,90.51,181.02,West,Online
5314,2024-04-19,Prod_7,4,88.17,352.68,West,Store
5315,2024-04-19,Prod_13,1,23.55,23.55,West,Online
5316,2024-04-19,Prod_6,4,74.45,297.8,North,Online
5317,2024-04-19,Prod_12,4,9.86,39.44,East,Store
5318,2024-04-19,Prod_11,1,37.84,37.84,South,Store
5319,2024-04-19,Prod_15,3,15.66,46.98,North,Online
5320,2024-04-19,Prod_7,2,26.87,53.74,West,Online
5321,2024-04-19,Prod_5,4,95.56,382.24,East,Store
5322,2024-04-19,Prod_12,1,61.99,61.99,South,Online
5323,2024-04-19,Prod_3,3,8.11,24.33,North,Store
5324,2024-04-19,Prod_8,2,24.84,49.68,North,Online
5325,2024-04-19,Prod_10,3,57.78,173.34,North,Store
5326,2024-04-19,Prod_10,4,62.56,250.24,South,Store
5327,2024-04-19,Prod_14,4,99.87,399.48,North,Online
5328,2024-04-20,Prod_2,3,15.33,45.99,West,Online
5329,2024-04-20,Prod_12,4,34.18,136.72,South,Online
5330,2024-04-20,Prod_10,4,54.18,216.72,South,Store
5331,2024-04-20,Prod_12,4,83.42,333.68,East,Online
5332,2024-04-20,Prod_14,4,56.2,224.8,West,Store
5333,2024-04-20,Prod_14,4,14.46,57.84,East,Store
5334,2024-04-20,Prod_3,1,100.74,100.74,South,Online
5335,2024-04-20,Prod_10,3,9.7,29.1,East,Store
5336,2024-04-20,Prod_9,3,92.3,276.9,West,Online
5337,2024-04-20,Prod_1,1,79.54,79.54,South,Online
5338,2024-04-20,Prod_13,1,63.17,63.17,North,Online
5339,2024-04-20,Prod_5,3,77.29,231.87,East,Store
5340,2024-04-20,Prod_14,3,33.23,99.69,East,Online
5341,2024-04-20,Prod_1,1,81.22,81.22,North,Online
5342,2024-04-20,Prod_2,1,71.42,71.42,South,Online
5343,2024-04-20,Prod_9,2,100.27,200.54,South,Online
5344,2024-04-20,Prod_14,2,40.01,80.02,North,Online
5345,2024-04-20,Prod_9,4,43.43,173.72,North,Store
5346,2024-04-20,Prod_3,2,48.63,97.26,North,Store
5347,2024-04-20,Prod_8,4,33.76,135.04,East,Store
5348,2024-04-20,Prod_1,4,45.98,183.92,South,Online
5349,2024-04-20,Prod_13,2,38.12,76.24,South,Online
5350,2024-04-20,Prod_9,4,17.76,71.04,North,Store
5351,2024-04-20,Prod_15,4,64.92,259.68,East,Online
5352,2024-04-20,Prod_12,4,31.76,127.04,West,Online
5353,2024-04-20,Prod_13,4,56.81,227.24,North,Online
5354,2024-04-20,Prod_10,1,27.2,27.2,West,Online
5355,2024-04-20,Prod_12,1,66.79,66.79,South,Store
5356,2024-04-20,Prod_10,4,65.81,263.24,East,Store
5357,2024-04-20,Prod_12,3,14.73,44.19,North,Store
5358,2024-04-20,Prod_7,3,8.45,25.35,South,Online
5359,2024-04-20,Prod_14,4,81.22,324.88,East,Store
5360,2024-04-20,Prod_9,2,18.9,37.8,South,Online
5361,2024-04-20,Prod_12,2,82.37,164.74,North,Online
5362,2024-04-20,Prod_14,4,101.48,405.92,North,Online
5363,2024-04-20,Prod_7,3,67.4,202.2,East,Online
5364,2024-04-20,Prod_6,1,14.67,14.67,West,Online
5365,2024-04-20,Prod_12,2,40.99,81.98,East,Online
5366,2024-04-20,Prod_9,3,12.78,38.34,South,Store
5367,2024-04-20,Prod_9,4,59.43,237.72,East,Online
5368,2024-04-20,Prod_7,3,44.32,132.96,West,Store
5369,2024-04-20,Prod_14,2,44.75,89.5,East,Store
5370,2024-04-20,Prod_7,1,28.9,28.9,North,Store
5371,2024-04-20,Prod_3,2,25.96,51.92,South,Store
5372,2024-04-20,Prod_11,4,28.96,115.84,South,Online
5373,2024-04-20,Prod_15,1,22.96,22.96,North,Store
5374,2024-04-20,Prod_10,3,22.24,66.72,South,Online
5375,2024-04-20,Prod_9,4,50.02,200.08,North,Online
5376,2024-04-20,Prod_6,3,90.33,270.99,North,Store
5377,2024-04-20,Prod_14,3,86.96,260.88,West,Store
5378,2024-04-20,Prod_2,1,46.29,46.29,North,Online
5379,2024-04-20,Prod_10,3,70.86,212.58,South,Online
5380,2024-04-20,Prod_3,3,83.56,250.68,East,Online
5381,2024-04-20,Prod_9,4,13.02,52.08,East,Online
5382,2024-04-20,Prod_13,1,98.06,98.06,South,Online
5383,2024-04-20,Prod_3,2,102.79,205.58,West,Online
5384,2024-04-20,Prod_3,3,22.0,66.0,East,Online
5385,2024-04-20,Prod_9,1,64.92,64.92,West,Online
5386,2024-04-21,Prod_13,1,94.79,94.79,North,Online
5387,2024-04-21,Prod_15,3,32.52,97.56,North,Online
5388,2024-04-21,Prod_14,1,58.27,58.27,West,Online
5389,2024-04-21,Prod_2,3,50.2,150.6,North,Online
5390,2024-04-21,Prod_6,2,63.5,127.0,South,Store
5391,2024-04-21,Prod_1,4,30.23,120.92,West,Online
5392,2024-04-21,Prod_3,1,26.31,26.31,West,Store
5393,2024-04-21,Prod_2,4,78.43,313.72,South,Store
5394,2024-04-21,Prod_2,4,86.21,344.84,East,Store
5395,2024-04-21,Prod_8,1,96.53,96.53,West,Store
5396,2024-04-21,Prod_10,1,20.72,20.72,West,Store
5397,2024-04-21,Prod_11,3,102.17,306.51,South,Store
5398,2024-04-21,Prod_11,1,29.37,29.37,South,Online
5399,2024-04-21,Prod_1,2,82.83,165.66,North,Store
5400,2024-04-21,Prod_9,1,92.51,92.51,North,Store
5401,2024-04-21,Prod_13,3,41.63,124.89,North,Online
5402,2024-04-21,Prod_12,2,27.05,54.1,North,Store
5403,2024-04-21,Prod_5,1,29.2,29.2,South,Online
5404,2024-04-21,Prod_4,3,76.13,228.39,East,Online
5405,2024-04-21,Prod_7,2,31.25,62.5,East,Online
5406,2024-04-21,Prod_8,4,66.69,266.76,East,Online
5407,2024-04-21,Prod_3,4,48.05,192.2,South,Store
5408,2024-04-21,Prod_10,3,49.67,149.01,North,Online
5409,2024-04-21,Prod_8,4,37.55,150.2,North,Online
5410,2024-04-22,Prod_15,4,56.46,225.84,West,Online
5411,2024-04-22,Prod_9,1,80.57,80.57,South,Store
5412,2024-04-22,Prod_12,4,27.06,108.24,North,Store
5413,2024-04-22,Prod_15,4,61.72,246.88,North,Store
5414,2024-04-22,Prod_7,2,96.57,193.14,South,Store
5415,2024-04-22,Prod_11,4,71.04,284.16,East,Online
5416,2024-04-22,Prod_8,1,32.21,32.21,South,Store
5417,2024-04-22,Prod_9,1,78.54,78.54,South,Online
5418,2024-04-22,Prod_1,3,27.42,82.26,West,Store
5419,2024-04-22,Prod_11,1,50.13,50.13,North,Store
5420,2024-04-22,Prod_7,2,94.64,189.28,West,Online
5421,2024-04-22,Prod_3,3,52.27,156.81,South,Online
5422,2024-04-22,Prod_11,1,27.83,27.83,West,Online
5423,2024-04-22,Prod_11,1,99.57,99.57,East,Online
5424,2024-04-22,Prod_10,2,50.9,101.8,South,Store
5425,2024-04-22,Prod_7,1,44.89,44.89,West,Online
5426,2024-04-22,Prod_4,2,36.09,72.18,North,Store
5427,2024-04-22,Prod_14,1,98.64,98.64,South,Online
5428,2024-04-22,Prod_8,2,48.36,96.72,East,Online
5429,2024-04-22,Prod_5,3,94.26,282.78,South,Store
5430,2024-04-22,Prod_9,4,88.13,352.52,North,Online
5431,2024-04-22,Prod_4,1,19.4,19.4,South,Online
5432,2024-04-22,Prod_5,2,33.29,66.58,West,Online
5433,2024-04-22,Prod_14,3,47.18,141.54,North,Store
5434,2024-04-22,Prod_4,1,95.99,95.99,North,Online
5435,2024-04-23,Prod_9,1,77.1,77.1,South,Store
5436,2024-04-23,Prod_4,2,16.87,33.74,West,Online
5437,2024-04-23,Prod_9,4,52.48,209.92,East,Online
5438,2024-04-23,Prod_8,4,27.5,110.0,West,Online
5439,2024-04-23,Prod_11,4,93.82,375.28,West,Online
5440,2024-04-23,Prod_10,2,86.21,172.42,East,Store
5441,2024-04-23,Prod_4,1,55.38,55.38,South,Store
5442,2024-04-23,Prod_14,1,48.55,48.55,West,Online
5443,2024-04-23,Prod_6,4,28.09,112.36,South,Online
5444,2024-04-23,Prod_4,2,78.03,156.06,North,Online
5445,2024-04-23,Prod_14,1,69.77,69.77,West,Online
5446,2024-04-23,Prod_9,2,58.81,117.62,East,Online
5447,2024-04-23,Prod_1,2,81.62,163.24,South,Store
5448,2024-04-23,Prod_11,2,99.41,198.82,North,Online
5449,2024-04-23,Prod_15,3,54.73,164.19,East,Online
5450,2024-04-23,Prod_11,1,83.17,83.17,North,Store
5451,2024-04-23,Prod_4,3,20.92,62.76,East,Store
5452,2024-04-23,Prod_11,4,12.84,51.36,South,Store
5453,2024-04-23,Prod_15,3,37.58,112.74,North,Store
5454,2024-04-23,Prod_8,4,97.7,390.8,West,Online
5455,2024-04-23,Prod_10,3,16.64,49.92,North,Online
5456,2024-04-23,Prod_10,4,21.48,85.92,South,Online
5457,2024-04-23,Prod_8,2,62.08,124.16,North,Online
5458,2024-04-23,Prod_4,2,89.31,178.62,East,Store
5459,2024-04-24,Prod_6,3,44.1,132.3,West,Online
5460,2024-04-24,Prod_3,4,97.71,390.84,West,Online
5461,2024-04-24,Prod_3,1,48.83,48.83,South,Online
5462,2024-04-24,Prod_12,2,25.54,51.08,West,Online
5463,2024-04-24,Prod_15,1,72.0,72.0,West,Store
5464,2024-04-24,Prod_10,2,76.55,153.1,North,Store
5465,2024-04-24,Prod_12,1,47.66,47.66,South,Online
5466,2024-04-24,Prod_8,1,44.21,44.21,North,Store
5467,2024-04-24,Prod_9,4,59.14,236.56,West,Online
5468,2024-04-24,Prod_14,1,97.11,97.11,East,Store
5469,2024-04-24,Prod_6,1,44.67,44.67,North,Store
5470,2024-04-24,Prod_7,2,52.96,105.92,North,Store
5471,2024-04-24,Prod_4,3,85.93,257.79,South,Online
5472,2024-04-24,Prod_6,1,26.18,26.18,East,Store
5473,2024-04-24,Prod_1,1,57.91,57.91,North,Store
5474,2024-04-24,Prod_6,3,77.53,232.59,North,Online
5475,2024-04-24,Prod_15,3,31.79,95.37,East,Store
5476,2024-04-24,Prod_15,3,67.84,203.52,South,Store
5477,2024-04-24,Prod_12,2,93.62,187.24,South,Store
5478,2024-04-24,Prod_6,4,58.31,233.24,South,Online
5479,2024-04-25,Prod_4,4,72.09,288.36,North,Store
5480,2024-04-25,Prod_13,4,89.28,357.12,East,Store
5481,2024-04-25,Prod_6,4,15.9,63.6,West,Online
5482,2024-04-25,Prod_14,4,82.23,328.92,East,Online
5483,2024-04-25,Prod_5,1,34.29,34.29,East,Store
5484,2024-04-25,Prod_14,1,29.76,29.76,East,Online
5485,2024-04-25,Prod_14,1,17.78,17.78,East,Online
5486,2024-04-25,Prod_5,4,37.91,151.64,North,Store
5487,2024-04-25,Prod_10,4,41.24,164.96,West,Store
5488,2024-04-25,Prod_8,4,51.32,205.28,North,Online
5489,2024-04-25,Prod_4,4,95.02,380.08,South,Online
5490,2024-04-25,Prod_12,1,64.87,64.87,West,Online
5491,2024-04-25,Prod_7,3,57.49,172.47,West,Store
5492,2024-04-25,Prod_7,1,70.37,70.37,West,Store
5493,2024-04-25,Prod_9,3,28.71,86.13,East,Store
5494,2024-04-25,Prod_12,2,100.44,200.88,North,Store
5495,2024-04-25,Prod_7,2,6.05,12.1,South,Store
5496,2024-04-25,Prod_6,4,57.35,229.4,North,Store
5497,2024-04-25,Prod_10,3,32.8,98.4,West,Online
5498,2024-04-25,Prod_8,1,61.83,61.83,East,Online
5499,2024-04-25,Prod_9,4,36.97,147.88,West,Online
5500,2024-04-25,Prod_8,1,28.64,28.64,North,Online
5501,2024-04-25,Prod_9,4,89.97,359.88,East,Online
5502,2024-04-25,Prod_14,4,47.67,190.68,East,Store
5503,2024-04-25,Prod_4,1,61.96,61.96,West,Online
5504,2024-04-25,Prod_14,3,101.01,303.03,South,Online
5505,2024-04-25,Prod_7,2,82.86,165.72,South,Online
5506,2024-04-25,Prod_14,1,103.89,103.89,West,Store
5507,2024-04-25,Prod_12,4,73.26,293.04,West,Online
5508,2024-04-25,Prod_5,1,92.09,92.09,South,Online
5509,2024-04-25,Prod_14,4,69.88,279.52,South,Online
5510,2024-04-25,Prod_2,2,23.0,46.0,North,Online
5511,2024-04-25,Prod_3,4,47.81,191.24,South,Store
5512,2024-04-25,Prod_9,1,48.17,48.17,North,Store
5513,2024-04-25,Prod_5,1,50.54,50.54,East,Store
5514,2024-04-25,Prod_8,3,100.57,301.71,East,Online
5515,2024-04-25,Prod_2,1,16.38,16.38,North,Online
5516,2024-04-25,Prod_5,2,74.74,149.48,East,Online
5517,2024-04-25,Prod_2,3,31.59,94.77,South,Online
5518,2024-04-25,Prod_9,2,36.65,73.3,West,Online
5519,2024-04-25,Prod_8,3,11.74,35.22,North,Online
5520,2024-04-25,Prod_11,4,28.65,114.6,South,Store
5521,2024-04-25,Prod_10,2,37.25,74.5,East,Online
5522,2024-04-25,Prod_3,4,15.9,63.6,West,Online
5523,2024-04-25,Prod_5,4,88.53,354.12,West,Store
5524,2024-04-25,Prod_15,3,23.53,70.59,North,Online
5525,2024-04-25,Prod_15,2,38.75,77.5,East,Store
5526,2024-04-25,Prod_7,4,44.05,176.2,West,Store
5527,2024-04-25,Prod_8,4,84.49,337.96,North,Online
5528,2024-04-25,Prod_9,4,80.03,320.12,West,Store
5529,2024-04-25,Prod_3,3,79.39,238.17,West,Store
5530,2024-04-25,Prod_3,2,10.94,21.88,North,Online
5531,2024-04-25,Prod_12,4,88.52,354.08,South,Online
5532,2024-04-25,Prod_15,3,89.09,267.27,East,Online
5533,2024-04-25,Prod_8,2,63.77,127.54,South,Store
5534,2024-04-25,Prod_15,4,19.54,78.16,North,Online
5535,2024-04-26,Prod_5,1,11.87,11.87,North,Store
5536,2024-04-26,Prod_7,4,84.29,337.16,South,Online
5537,2024-04-26,Prod_2,4,12.26,49.04,South,Store
5538,2024-04-26,Prod_2,4,16.85,67.4,North,Online
5539,2024-04-26,Prod_14,3,29.46,88.38,North,Store
5540,2024-04-26,Prod_12,1,71.68,71.68,North,Online
5541,2024-04-26,Prod_14,3,73.83,221.49,West,Online
5542,2024-04-26,Prod_4,3,56.97,170.91,West,Online
5543,2024-04-26,Prod_14,4,11.4,45.6,East,Online
5544,2024-04-26,Prod_6,1,80.27,80.27,East,Store
5545,2024-04-26,Prod_6,3,67.87,203.61,East,Online
5546,2024-04-26,Prod_11,4,53.97,215.88,North,Online
5547,2024-04-26,Prod_1,4,23.98,95.92,West,Store
5548,2024-04-26,Prod_7,1,93.96,93.96,North,Online
5549,2024-04-26,Prod_9,3,63.72,191.16,North,Store
5550,2024-04-26,Prod_3,1,54.64,54.64,South,Online
5551,2024-04-26,Prod_5,1,73.75,73.75,West,Store
5552,2024-04-26,Prod_12,2,50.65,101.3,East,Online
5553,2024-04-26,Prod_7,3,21.55,64.65,East,Online
5554,2024-04-26,Prod_7,2,19.66,39.32,South,Online
5555,2024-04-26,Prod_15,2,40.63,81.26,East,Online
5556,2024-04-26,Prod_5,2,17.61,35.22,South,Store
5557,2024-04-26,Prod_4,3,86.85,260.55,South,Online
5558,2024-04-26,Prod_6,2,8.55,17.1,West,Online
5559,2024-04-26,Prod_13,1,91.15,91.15,South,Store
5560,2024-04-26,Prod_6,4,31.45,125.8,South,Store
5561,2024-04-26,Prod_15,1,79.54,79.54,North,Online
5562,2024-04-26,Prod_3,3,78.86,236.58,East,Store
5563,2024-04-26,Prod_8,1,50.46,50.46,North,Online
5564,2024-04-26,Prod_5,1,64.89,64.89,North,Online
5565,2024-04-26,Prod_5,2,10.07,20.14,West,Online
5566,2024-04-26,Prod_11,4,96.04,384.16,East,Store
5567,2024-04-26,Prod_1,3,40.65,121.95,East,Online
5568,2024-04-26,Prod_7,2,32.39,64.78,South,Online
5569,2024-04-26,Prod_9,4,45.14,180.56,West,Online
5570,2024-04-26,Prod_12,3,37.03,111.09,East,Store
5571,2024-04-26,Prod_8,2,45.86,91.72,East,Online
5572,2024-04-27,Prod_11,3,81.69,245.07,North,Store
5573,2024-04-27,Prod_5,3,19.15,57.45,South,Online
5574,2024-04-27,Prod_7,4,59.91,239.64,South,Online
5575,2024-04-27,Prod_7,1,7.92,7.92,North,Online
5576,2024-04-27,Prod_5,1,65.26,65.26,East,Online
5577,2024-04-27,Prod_7,3,19.85,59.55,South,Store
5578,2024-04-27,Prod_6,3,9.25,27.75,South,Store
5579,2024-04-27,Prod_4,1,104.62,104.62,South,Online
5580,2024-04-27,Prod_6,3,70.24,210.72,South,Store
5581,2024-04-27,Prod_8,4,24.2,96.8,North,Online
5582,2024-04-27,Prod_2,3,68.15,204.45,North,Store
5583,2024-04-27,Prod_5,2,84.4,168.8,West,Online
5584,2024-04-27,Prod_7,1,26.44,26.44,West,Online
5585,2024-04-27,Prod_15,4,55.41,221.64,South,Store
5586,2024-04-27,Prod_10,2,77.76,155.52,South,Online
5587,2024-04-27,Prod_15,1,29.78,29.78,East,Online
5588,2024-04-27,Prod_14,2,19.68,39.36,East,Store
5589,2024-04-27,Prod_6,3,99.54,298.62,North,Online
5590,2024-04-27,Prod_3,3,33.31,99.93,East,Store
5591,2024-04-27,Prod_3,1,95.15,95.15,North,Store
5592,2024-04-27,Prod_6,2,69.41,138.82,North,Store
5593,2024-04-27,Prod_10,4,56.34,225.36,South,Store
5594,2024-04-27,Prod_1,3,58.64,175.92,East,Store
5595,2024-04-27,Prod_15,3,28.6,85.8,West,Online
5596,2024-04-27,Prod_11,1,106.72,106.72,North,Online
5597,2024-04-27,Prod_12,3,86.58,259.74,North,Online
5598,2024-04-27,Prod_15,1,50.73,50.73,South,Online
5599,2024-04-27,Prod_8,4,71.31,285.24,West,Store
5600,2024-04-27,Prod_13,4,76.07,304.28,South,Store
5601,2024-04-27,Prod_12,3,33.81,101.43,South,Online
5602,2024-04-27,Prod_2,2,85.23,170.46,South,Online
5603,2024-04-27,Prod_5,1,89.3,89.3,South,Online
5604,2024-04-27,Prod_6,4,86.72,346.88,South,Store
5605,2024-04-27,Prod_7,1,94.83,94.83,East,Store
5606,2024-04-27,Prod_4,1,73.51,73.51,South,Online
5607,2024-04-27,Prod_8,3,86.65,259.95,South,Store
5608,2024-04-27,Prod_10,1,60.48,60.48,North,Online
5609,2024-04-27,Prod_8,4,12.1,48.4,West,Online
5610,2024-04-27,Prod_2,3,19.71,59.13,East,Store
5611,2024-04-28,Prod_9,2,87.39,174.78,East,Online
5612,2024-04-28,Prod_6,4,69.14,276.56,West,Online
5613,2024-04-28,Prod_10,4,98.2,392.8,East,Online
5614,2024-04-28,Prod_7,1,27.81,27.81,South,Store
5615,2024-04-28,Prod_15,2,101.84,203.68,East,Online
5616,2024-04-28,Prod_11,3,20.52,61.56,West,Online
5617,2024-04-28,Prod_6,1,44.13,44.13,North,Online
5618,2024-04-28,Prod_9,1,14.97,14.97,West,Store
5619,2024-04-28,Prod_10,1,89.49,89.49,South,Online
5620,2024-04-28,Prod_2,1,87.84,87.84,East,Online
5621,2024-04-28,Prod_5,4,75.24,300.96,East,Online
5622,2024-04-28,Prod_11,1,72.93,72.93,North,Store
5623,2024-04-28,Prod_13,3,71.98,215.94,East,Online
5624,2024-04-28,Prod_5,3,74.02,222.06,West,Store
5625,2024-04-28,Prod_3,3,29.6,88.8,South,Store
5626,2024-04-28,Prod_10,3,76.59,229.77,South,Online
5627,2024-04-28,Prod_7,1,63.09,63.09,East,Online
5628,2024-04-28,Prod_10,2,53.31,106.62,West,Store
5629,2024-04-28,Prod_13,2,69.56,139.12,East,Online
5630,2024-04-28,Prod_7,2,14.16,28.32,West,Online
5631,2024-04-28,Prod_10,1,80.32,80.32,North,Store
5632,2024-04-28,Prod_4,1,41.18,41.18,North,Online
5633,2024-04-28,Prod_7,3,6.48,19.44,South,Online
5634,2024-04-28,Prod_2,4,33.13,132.52,North,Online
5635,2024-04-28,Prod_7,1,36.08,36.08,North,Online
5636,2024-04-28,Prod_3,2,32.85,65.7,North,Store
5637,2024-04-28,Prod_14,2,14.49,28.98,West,Store
5638,2024-04-28,Prod_8,1,100.14,100.14,East,Store
5639,2024-04-28,Prod_15,3,94.4,283.2,East,Online
5640,2024-04-28,Prod_7,2,61.71,123.42,South,Store
5641,2024-04-29,Prod_3,1,85.46,85.46,North,Online
5642,2024-04-29,Prod_11,2,43.49,86.98,South,Online
5643,2024-04-29,Prod_5,1,84.49,84.49,North,Store
5644,2024-04-29,Prod_1,3,10.17,30.51,West,Store
5645,2024-04-29,Prod_11,4,88.87,355.48,East,Store
5646,2024-04-29,Prod_6,1,12.87,12.87,East,Online
5647,2024-04-29,Prod_2,3,48.21,144.63,South,Store
5648,2024-04-29,Prod_6,1,23.95,23.95,East,Store
5649,2024-04-29,Prod_5,4,29.96,119.84,West,Store
5650,2024-04-29,Prod_11,4,18.51,74.04,South,Online
5651,2024-04-29,Prod_3,3,17.41,52.23,South,Store
5652,2024-04-29,Prod_12,2,55.57,111.14,North,Store
5653,2024-04-29,Prod_5,3,60.37,181.11,West,Store
5654,2024-04-29,Prod_1,2,67.97,135.94,West,Online
5655,2024-04-29,Prod_2,3,25.9,77.7,West,Store
5656,2024-04-29,Prod_15,4,73.61,294.44,North,Online
5657,2024-04-29,Prod_11,4,34.07,136.28,North,Store
5658,2024-04-29,Prod_15,3,14.52,43.56,North,Online
5659,2024-04-29,Prod_4,3,57.8,173.4,South,Store
5660,2024-04-29,Prod_11,2,75.89,151.78,South,Online
5661,2024-04-30,Prod_9,1,101.79,101.79,North,Online
5662,2024-04-30,Prod_11,3,63.94,191.82,North,Store
5663,2024-04-30,Prod_7,3,52.9,158.7,South,Online
5664,2024-04-30,Prod_12,4,64.6,258.4,West,Online
5665,2024-04-30,Prod_9,3,29.11,87.33,North,Store
5666,2024-04-30,Prod_3,2,86.35,172.7,West,Online
5667,2024-04-30,Prod_12,2,74.91,149.82,North,Online
5668,2024-04-30,Prod_11,1,97.25,97.25,North,Store
5669,2024-04-30,Prod_10,4,94.74,378.96,North,Online
5670,2024-04-30,Prod_14,1,40.57,40.57,North,Store
5671,2024-04-30,Prod_11,3,54.37,163.11,West,Online
5672,2024-04-30,Prod_1,2,45.86,91.72,South,Online
5673,2024-04-30,Prod_14,2,42.01,84.02,West,Store
5674,2024-04-30,Prod_6,1,15.33,15.33,East,Online
5675,2024-04-30,Prod_1,2,31.69,63.38,North,Online
5676,2024-04-30,Prod_5,3,78.19,234.57,South,Online
5677,2024-04-30,Prod_1,1,27.08,27.08,West,Store
5678,2024-04-30,Prod_8,1,56.17,56.17,South,Online
5679,2024-04-30,Prod_14,4,66.35,265.4,South,Online
5680,2024-04-30,Prod_9,4,13.35,53.4,South,Online
5681,2024-04-30,Prod_5,3,24.9,74.7,North,Online
5682,2024-04-30,Prod_15,3,76.07,228.21,North,Store
5683,2024-04-30,Prod_3,3,54.61,163.83,West,Store
5684,2024-04-30,Prod_13,2,31.44,62.88,West,Online
5685,2024-04-30,Prod_15,4,98.86,395.44,South,Online
5686,2024-04-30,Prod_6,3,20.15,60.45,South,Online
5687,2024-04-30,Prod_1,1,84.29,84.29,North,Store
5688,2024-04-30,Prod_9,4,83.87,335.48,West,Store
5689,2024-04-30,Prod_9,1,66.29,66.29,West,Store
5690,2024-04-30,Prod_2,1,69.33,69.33,West,Online
5691,2024-04-30,Prod_2,2,90.84,181.68,South,Online
5692,2024-04-30,Prod_10,3,62.86,188.58,South,Store
5693,2024-04-30,Prod_9,4,95.35,381.4,West,Store
5694,2024-05-01,Prod_6,3,24.65,73.95,East,Online
5695,2024-05-01,Prod_1,3,12.03,36.09,South,Store
5696,2024-05-01,Prod_14,2,49.61,99.22,North,Online
5697,2024-05-01,Prod_6,2,88.04,176.08,West,Store
5698,2024-05-01,Prod_3,1,36.14,36.14,South,Store
5699,2024-05-01,Prod_8,3,85.67,257.01,South,Online
5700,2024-05-01,Prod_15,4,32.8,131.2,West,Store
5701,2024-05-01,Prod_4,1,101.02,101.02,West,Store
5702,2024-05-01,Prod_4,1,26.27,26.27,East,Online
5703,2024-05-01,Prod_8,1,49.03,49.03,North,Store
5704,2024-05-01,Prod_12,3,15.43,46.29,South,Online
5705,2024-05-01,Prod_4,1,59.12,59.12,South,Online
5706,2024-05-01,Prod_1,3,43.8,131.4,East,Online
5707,2024-05-01,Prod_14,3,65.03,195.09,North,Store
5708,2024-05-01,Prod_7,4,12.26,49.04,East,Store
5709,2024-05-01,Prod_6,1,91.66,91.66,South,Store
5710,2024-05-01,Prod_10,4,101.02,404.08,East,Store
5711,2024-05-01,Prod_12,2,35.55,71.1,West,Online
5712,2024-05-01,Prod_6,4,10.81,43.24,North,Online
5713,2024-05-01,Prod_3,3,15.65,46.95,South,Store
5714,2024-05-01,Prod_1,4,79.26,317.04,North,Online
5715,2024-05-01,Prod_11,3,14.05,42.15,South,Store
5716,2024-05-01,Prod_12,1,94.09,94.09,North,Online
5717,2024-05-01,Prod_6,1,94.47,94.47,East,Store
5718,2024-05-01,Prod_3,2,90.96,181.92,East,Online
5719,2024-05-01,Prod_12,4,81.5,326.0,East,Online
5720,2024-05-01,Prod_6,4,30.79,123.16,West,Online
5721,2024-05-01,Prod_12,1,38.03,38.03,East,Online
5722,2024-05-01,Prod_14,4,74.81,299.24,North,Online
5723,2024-05-01,Prod_7,4,90.67,362.68,South,Store
5724,2024-05-01,Prod_11,1,76.29,76.29,West,Online
5725,2024-05-01,Prod_3,1,73.27,73.27,South,Online
5726,2024-05-01,Prod_1,1,80.07,80.07,North,Online
5727,2024-05-01,Prod_2,4,83.09,332.36,South,Online
5728,2024-05-01,Prod_3,1,50.41,50.41,North,Online
5729,2024-05-01,Prod_4,1,70.63,70.63,North,Online
5730,2024-05-01,Prod_9,4,23.59,94.36,East,Online
5731,2024-05-02,Prod_9,2,12.0,24.0,West,Online
5732,2024-05-02,Prod_1,1,39.63,39.63,South,Online
5733,2024-05-02,Prod_2,4,61.23,244.92,East,Store
5734,2024-05-02,Prod_9,4,96.41,385.64,South,Online
5735,2024-05-02,Prod_7,1,64.66,64.66,North,Store
5736,2024-05-02,Prod_10,3,33.72,101.16,East,Store
5737,2024-05-02,Prod_15,3,65.66,196.98,North,Store
5738,2024-05-02,Prod_14,4,73.76,295.04,East,Store
5739,2024-05-02,Prod_2,3,57.89,173.67,East,Online
5740,2024-05-02,Prod_3,1,29.15,29.15,West,Online
5741,2024-05-02,Prod_3,2,56.91,113.82,West,Online
5742,2024-05-02,Prod_10,4,25.81,103.24,North,Store
5743,2024-05-02,Prod_2,2,83.12,166.24,East,Store
5744,2024-05-02,Prod_10,1,69.08,69.08,North,Online
5745,2024-05-02,Prod_15,2,83.22,166.44,East,Online
5746,2024-05-02,Prod_9,3,54.56,163.68,North,Store
5747,2024-05-02,Prod_11,2,38.93,77.86,South,Online
5748,2024-05-02,Prod_9,4,27.25,109.0,East,Store
5749,2024-05-02,Prod_7,2,57.0,114.0,East,Online
5750,2024-05-02,Prod_1,3,37.18,111.54,South,Store
5751,2024-05-02,Prod_6,1,100.4,100.4,South,Store
5752,2024-05-02,Prod_8,2,83.42,166.84,West,Online
5753,2024-05-02,Prod_9,4,101.56,406.24,West,Store
5754,2024-05-02,Prod_8,4,11.34,45.36,South,Store
5755,2024-05-02,Prod_3,4,43.49,173.96,East,Online
5756,2024-05-02,Prod_2,1,32.81,32.81,West,Online
5757,2024-05-02,Prod_11,2,63.69,127.38,North,Online
5758,2024-05-02,Prod_9,4,64.09,256.36,North,Store
5759,2024-05-02,Prod_13,1,51.18,51.18,South,Online
5760,2024-05-02,Prod_3,4,33.88,135.52,North,Online
5761,2024-05-02,Prod_1,2,69.14,138.28,North,Online
5762,2024-05-02,Prod_10,2,57.46,114.92,West,Online
5763,2024-05-02,Prod_10,2,41.39,82.78,East,Online
5764,2024-05-02,Prod_2,2,17.77,35.54,East,Online
5765,2024-05-02,Prod_2,2,39.02,78.04,South,Online
5766,2024-05-02,Prod_11,2,13.53,27.06,North,Store
5767,2024-05-02,Prod_15,2,36.67,73.34,North,Store
5768,2024-05-02,Prod_3,4,87.86,351.44,East,Online
5769,2024-05-02,Prod_7,4,81.28,325.12,West,Store
5770,2024-05-03,Prod_10,1,73.31,73.31,East,Store
5771,2024-05-03,Prod_5,2,82.7,165.4,East,Store
5772,2024-05-03,Prod_4,3,93.98,281.94,South,Online
5773,2024-05-03,Prod_12,2,85.43,170.86,North,Store
5774,2024-05-03,Prod_15,4,95.03,380.12,East,Store
5775,2024-05-03,Prod_15,1,57.39,57.39,South,Store
5776,2024-05-03,Prod_14,2,20.12,40.24,East,Online
5777,2024-05-03,Prod_2,4,56.74,226.96,West,Online
5778,2024-05-03,Prod_5,4,76.47,305.88,North,Online
5779,2024-05-03,Prod_14,4,31.95,127.8,East,Online
5780,2024-05-03,Prod_13,4,26.21,104.84,East,Online
5781,2024-05-03,Prod_1,1,53.68,53.68,West,Store
5782,2024-05-03,Prod_6,4,80.53,322.12,East,Online
5783,2024-05-03,Prod_1,4,57.07,228.28,South,Store
5784,2024-05-03,Prod_8,4,56.5,226.0,North,Store
5785,2024-05-03,Prod_3,3,43.5,130.5,East,Online
5786,2024-05-03,Prod_9,2,71.8,143.6,South,Store
5787,2024-05-03,Prod_3,1,85.73,85.73,South,Store
5788,2024-05-03,Prod_11,4,34.9,139.6,West,Online
5789,2024-05-03,Prod_9,3,98.4,295.2,West,Store
5790,2024-05-03,Prod_11,4,43.24,172.96,North,Online
5791,2024-05-03,Prod_14,2,67.25,134.5,South,Online
5792,2024-05-03,Prod_3,1,41.64,41.64,East,Online
5793,2024-05-03,Prod_15,3,82.51,247.53,East,Store
5794,2024-05-03,Prod_15,4,13.29,53.16,East,Online
5795,2024-05-03,Prod_15,2,69.2,138.4,East,Store
5796,2024-05-03,Prod_1,3,80.85,242.55,East,Online
5797,2024-05-03,Prod_9,1,62.33,62.33,East,Online
5798,2024-05-03,Prod_7,2,30.34,60.68,East,Online
5799,2024-05-04,Prod_4,4,43.54,174.16,South,Store
5800,2024-05-04,Prod_1,3,55.66,166.98,East,Store
5801,2024-05-04,Prod_4,3,22.45,67.35,West,Store
5802,2024-05-04,Prod_5,4,63.15,252.6,North,Online
5803,2024-05-04,Prod_7,3,76.18,228.54,North,Online
5804,2024-05-04,Prod_2,3,13.18,39.54,South,Online
5805,2024-05-04,Prod_1,1,50.5,50.5,South,Store
5806,2024-05-04,Prod_9,1,34.58,34.58,West,Store
5807,2024-05-04,Prod_5,2,34.16,68.32,North,Online
5808,2024-05-04,Prod_8,4,67.37,269.48,North,Online
5809,2024-05-04,Prod_13,4,29.99,119.96,South,Online
5810,2024-05-04,Prod_5,2,76.34,152.68,West,Store
5811,2024-05-04,Prod_14,4,103.1,412.4,South,Online
5812,2024-05-04,Prod_14,3,69.67,209.01,East,Online
5813,2024-05-04,Prod_3,3,82.39,247.17,East,Online
5814,2024-05-04,Prod_13,2,53.03,106.06,North,Store
5815,2024-05-04,Prod_3,3,31.49,94.47,South,Online
5816,2024-05-04,Prod_5,1,99.54,99.54,North,Store
5817,2024-05-04,Prod_6,1,26.59,26.59,West,Store
5818,2024-05-04,Prod_1,4,75.98,303.92,South,Store
5819,2024-05-04,Prod_10,3,82.42,247.26,West,Store
5820,2024-05-04,Prod_3,3,69.88,209.64,South,Online
5821,2024-05-04,Prod_12,2,69.51,139.02,South,Store
5822,2024-05-04,Prod_13,1,82.25,82.25,West,Online
5823,2024-05-04,Prod_1,3,74.8,224.4,North,Store
5824,2024-05-04,Prod_1,1,28.83,28.83,North,Store
5825,2024-05-04,Prod_1,1,87.6,87.6,West,Store
5826,2024-05-04,Prod_9,4,20.8,83.2,West,Online
5827,2024-05-04,Prod_4,2,96.44,192.88,East,Store
5828,2024-05-04,Prod_14,2,81.82,163.64,East,Online
5829,2024-05-04,Prod_15,4,46.95,187.8,West,Store
5830,2024-05-04,Prod_8,2,14.53,29.06,West,Online
5831,2024-05-04,Prod_12,3,11.8,35.4,West,Store
5832,2024-05-04,Prod_12,3,36.84,110.52,South,Online
5833,2024-05-04,Prod_7,2,50.06,100.12,South,Online
5834,2024-05-04,Prod_2,1,50.88,50.88,North,Store
5835,2024-05-04,Prod_11,2,74.25,148.5,West,Store
5836,2024-05-04,Prod_7,4,57.78,231.12,West,Store
5837,2024-05-04,Prod_9,4,71.52,286.08,West,Store
5838,2024-05-04,Prod_3,2,49.39,98.78,South,Online
5839,2024-05-04,Prod_2,3,56.24,168.72,North,Online
5840,2024-05-04,Prod_11,2,94.29,188.58,West,Store
5841,2024-05-05,Prod_9,4,58.72,234.88,North,Store
5842,2024-05-05,Prod_12,3,44.15,132.45,West,Online
5843,2024-05-05,Prod_2,4,67.3,269.2,North,Store
5844,2024-05-05,Prod_6,4,67.04,268.16,East,Online
5845,2024-05-05,Prod_6,1,8.77,8.77,North,Online
5846,2024-05-05,Prod_14,3,22.43,67.29,East,Online
5847,2024-05-05,Prod_2,2,101.05,202.1,West,Store
5848,2024-05-05,Prod_7,1,75.22,75.22,North,Online
5849,2024-05-05,Prod_7,4,42.12,168.48,West,Store
5850,2024-05-05,Prod_2,2,20.02,40.04,West,Online
5851,2024-05-05,Prod_5,1,17.8,17.8,West,Online
5852,2024-05-05,Prod_8,4,75.71,302.84,South,Online
5853,2024-05-05,Prod_3,4,49.36,197.44,North,Online
5854,2024-05-05,Prod_5,4,74.14,296.56,South,Online
5855,2024-05-05,Prod_13,2,79.94,159.88,North,Store
5856,2024-05-05,Prod_3,4,38.21,152.84,West,Store
5857,2024-05-05,Prod_15,3,23.27,69.81,West,Online
5858,2024-05-05,Prod_5,4,36.45,145.8,South,Store
5859,2024-05-05,Prod_10,2,12.69,25.38,West,Online
5860,2024-05-05,Prod_9,4,99.06,396.24,North,Online
5861,2024-05-05,Prod_11,4,100.44,401.76,South,Store
5862,2024-05-05,Prod_4,3,32.31,96.93,East,Online
5863,2024-05-05,Prod_13,2,44.9,89.8,West,Online
5864,2024-05-05,Prod_12,2,8.7,17.4,North,Store
5865,2024-05-05,Prod_11,2,30.54,61.08,West,Online
5866,2024-05-05,Prod_7,2,82.44,164.88,West,Online
5867,2024-05-05,Prod_10,3,66.12,198.36,East,Online
5868,2024-05-05,Prod_6,4,59.13,236.52,East,Store
5869,2024-05-05,Prod_14,4,84.32,337.28,North,Online
5870,2024-05-05,Prod_6,3,9.28,27.84,East,Store
5871,2024-05-05,Prod_9,3,27.97,83.91,West,Online
5872,2024-05-05,Prod_9,3,65.92,197.76,North,Store
5873,2024-05-05,Prod_3,1,62.95,62.95,North,Online
5874,2024-05-05,Prod_7,1,7.36,7.36,West,Store
5875,2024-05-05,Prod_9,1,17.41,17.41,West,Online
5876,2024-05-05,Prod_4,2,23.19,46.38,East,Store
5877,2024-05-05,Prod_7,1,96.88,96.88,West,Store
5878,2024-05-05,Prod_14,4,91.41,365.64,East,Store
5879,2024-05-05,Prod_2,1,81.46,81.46,East,Online
5880,2024-05-05,Prod_12,2,28.53,57.06,South,Online
5881,2024-05-05,Prod_10,2,35.12,70.24,East,Online
5882,2024-05-05,Prod_3,1,38.13,38.13,South,Online
5883,2024-05-05,Prod_7,4,34.54,138.16,North,Online
5884,2024-05-05,Prod_14,4,53.4,213.6,North,Online
5885,2024-05-05,Prod_4,2,53.19,106.38,West,Store
5886,2024-05-05,Prod_7,3,12.46,37.38,East,Store
5887,2024-05-05,Prod_8,4,31.47,125.88,North,Online
5888,2024-05-05,Prod_8,4,57.56,230.24,South,Online
5889,2024-05-05,Prod_6,2,89.85,179.7,South,Online
5890,2024-05-05,Prod_15,3,70.37,211.11,East,Store
5891,2024-05-05,Prod_5,1,8.19,8.19,North,Store
5892,2024-05-05,Prod_9,4,43.46,173.84,West,Store
5893,2024-05-05,Prod_8,4,55.73,222.92,North,Store
5894,2024-05-05,Prod_5,4,75.19,300.76,West,Online
5895,2024-05-06,Prod_11,2,54.41,108.82,North,Online
5896,2024-05-06,Prod_4,2,76.79,153.58,West,Online
5897,2024-05-06,Prod_1,1,7.34,7.34,South,Online
5898,2024-05-06,Prod_7,3,92.31,276.93,South,Store
5899,2024-05-06,Prod_9,4,26.48,105.92,South,Online
5900,2024-05-06,Prod_11,1,96.29,96.29,South,Online
5901,2024-05-06,Prod_7,2,35.47,70.94,West,Online
5902,2024-05-06,Prod_4,3,17.0,51.0,North,Online
5903,2024-05-06,Prod_11,2,32.83,65.66,East,Online
5904,2024-05-06,Prod_14,3,65.75,197.25,East,Online
5905,2024-05-06,Prod_10,2,91.22,182.44,East,Online
5906,2024-05-06,Prod_3,4,14.37,57.48,South,Online
5907,2024-05-06,Prod_7,4,48.22,192.88,East,Store
5908,2024-05-06,Prod_2,1,58.73,58.73,West,Online
5909,2024-05-06,Prod_11,2,12.48,24.96,North,Store
5910,2024-05-06,Prod_11,4,77.43,309.72,East,Online
5911,2024-05-06,Prod_3,4,66.24,264.96,East,Store
5912,2024-05-06,Prod_6,4,85.49,341.96,South,Online
5913,2024-05-06,Prod_5,1,30.96,30.96,North,Online
5914,2024-05-06,Prod_10,3,93.83,281.49,West,Online
5915,2024-05-06,Prod_13,4,81.24,324.96,South,Online
5916,2024-05-06,Prod_7,2,60.37,120.74,East,Online
5917,2024-05-06,Prod_4,4,82.91,331.64,East,Online
5918,2024-05-06,Prod_1,3,97.93,293.79,East,Online
5919,2024-05-06,Prod_5,4,98.67,394.68,South,Online
5920,2024-05-06,Prod_10,4,83.09,332.36,North,Online
5921,2024-05-06,Prod_6,3,66.46,199.38,East,Online
5922,2024-05-06,Prod_4,1,84.69,84.69,North,Store
5923,2024-05-06,Prod_5,1,93.76,93.76,South,Store
5924,2024-05-06,Prod_4,2,37.12,74.24,East,Online
5925,2024-05-06,Prod_2,3,64.52,193.56,East,Store
5926,2024-05-06,Prod_12,4,93.03,372.12,South,Online
5927,2024-05-06,Prod_7,2,7.1,14.2,North,Online
5928,2024-05-06,Prod_12,3,67.67,203.01,North,Online
5929,2024-05-06,Prod_8,4,38.95,155.8,North,Online
5930,2024-05-06,Prod_5,2,74.56,149.12,North,Online
5931,2024-05-06,Prod_13,2,38.15,76.3,South,Store
5932,2024-05-06,Prod_2,4,56.52,226.08,North,Store
5933,2024-05-06,Prod_12,1,15.41,15.41,West,Online
5934,2024-05-06,Prod_15,1,27.47,27.47,East,Online
5935,2024-05-06,Prod_11,2,69.01,138.02,East,Store
5936,2024-05-06,Prod_9,3,78.82,236.46,North,Store
5937,2024-05-06,Prod_2,3,56.54,169.62,South,Store
5938,2024-05-06,Prod_2,4,19.38,77.52,East,Online
5939,2024-05-06,Prod_10,3,42.95,128.85,West,Store
5940,2024-05-06,Prod_5,1,24.21,24.21,North,Store
5941,2024-05-06,Prod_14,4,65.37,261.48,West,Online
5942,2024-05-06,Prod_5,1,90.42,90.42,East,Store
5943,2024-05-06,Prod_6,4,34.84,139.36,West,Store
5944,2024-05-06,Prod_10,4,52.24,208.96,South,Online
5945,2024-05-06,Prod_15,1,104.67,104.67,West,Online
5946,2024-05-07,Prod_3,4,41.83,167.32,West,Store
5947,2024-05-07,Prod_5,3,76.23,228.69,East,Store
5948,2024-05-07,Prod_3,2,88.67,177.34,North,Online
5949,2024-05-07,Prod_9,3,83.26,249.78,West,Online
5950,2024-05-07,Prod_5,1,56.21,56.21,West,Store
5951,2024-05-07,Prod_9,4,58.55,234.2,West,Online
5952,2024-05-07,Prod_2,4,64.85,259.4,South,Online
5953,2024-05-07,Prod_3,4,30.81,123.24,North,Store
5954,2024-05-07,Prod_13,4,65.51,262.04,North,Store
5955,2024-05-07,Prod_12,1,36.83,36.83,North,Online
5956,2024-05-07,Prod_3,2,17.26,34.52,South,Store
5957,2024-05-07,Prod_12,2,21.59,43.18,South,Store
5958,2024-05-07,Prod_15,4,54.85,219.4,East,Store
5959,2024-05-07,Prod_3,3,58.09,174.27,North,Online
5960,2024-05-07,Prod_15,2,47.53,95.06,West,Online
5961,2024-05-07,Prod_12,3,102.17,306.51,East,Online
5962,2024-05-07,Prod_14,4,41.95,167.8,North,Online
5963,2024-05-07,Prod_11,1,89.79,89.79,North,Store
5964,2024-05-07,Prod_2,1,99.27,99.27,North,Store
5965,2024-05-07,Prod_11,1,94.9,94.9,West,Online
5966,2024-05-07,Prod_3,1,67.01,67.01,East,Online
5967,2024-05-07,Prod_15,3,101.97,305.91,West,Online
5968,2024-05-07,Prod_2,1,23.73,23.73,East,Store
5969,2024-05-07,Prod_3,2,17.31,34.62,South,Online
5970,2024-05-07,Prod_6,4,71.23,284.92,North,Online
5971,2024-05-07,Prod_2,1,73.04,73.04,East,Online
5972,2024-05-07,Prod_1,2,92.77,185.54,West,Online
5973,2024-05-07,Prod_2,2,105.32,210.64,East,Store
5974,2024-05-07,Prod_8,1,31.15,31.15,North,Store
5975,2024-05-07,Prod_10,3,23.88,71.64,West,Store
5976,2024-05-08,Prod_4,3,76.47,229.41,North,Store
5977,2024-05-08,Prod_10,4,92.63,370.52,West,Store
5978,2024-05-08,Prod_4,1,28.67,28.67,South,Store
5979,2024-05-08,Prod_12,4,75.45,301.8,South,Online
5980,2024-05-08,Prod_5,4,73.19,292.76,South,Store
5981,2024-05-08,Prod_8,3,84.94,254.82,East,Online
5982,2024-05-08,Prod_7,3,56.89,170.67,North,Store
5983,2024-05-08,Prod_7,1,87.71,87.71,West,Online
5984,2024-05-08,Prod_4,4,76.73,306.92,North,Store
5985,2024-05-08,Prod_13,1,8.89,8.89,North,Online
5986,2024-05-08,Prod_15,3,70.57,211.71,East,Store
5987,2024-05-08,Prod_7,1,47.86,47.86,West,Online
5988,2024-05-08,Prod_2,3,13.05,39.15,North,Online
5989,2024-05-08,Prod_8,2,78.89,157.78,East,Store
5990,2024-05-08,Prod_6,2,28.92,57.84,North,Store
5991,2024-05-08,Prod_13,4,37.98,151.92,North,Store
5992,2024-05-08,Prod_5,3,24.79,74.37,South,Store
5993,2024-05-08,Prod_5,2,76.59,153.18,South,Online
5994,2024-05-08,Prod_5,4,21.83,87.32,South,Store
5995,2024-05-08,Prod_6,2,97.04,194.08,North,Online
5996,2024-05-08,Prod_2,4,90.59,362.36,North,Online
5997,2024-05-08,Prod_10,4,34.81,139.24,East,Store
5998,2024-05-08,Prod_10,3,87.23,261.69,North,Store
5999,2024-05-08,Prod_2,3,74.41,223.23,West,Store
6000,2024-05-08,Prod_15,1,10.36,10.36,North,Online
6001,2024-05-08,Prod_1,3,52.74,158.22,East,Online
6002,2024-05-08,Prod_10,2,28.49,56.98,West,Online
6003,2024-05-08,Prod_1,2,21.52,43.04,West,Online
6004,2024-05-08,Prod_5,3,11.99,35.97,North,Store
6005,2024-05-08,Prod_10,4,71.62,286.48,North,Store
6006,2024-05-08,Prod_10,2,99.11,198.22,North,Online
6007,2024-05-08,Prod_9,4,83.73,334.92,East,Online
6008,2024-05-08,Prod_6,1,22.64,22.64,North,Store
6009,2024-05-08,Prod_1,4,18.2,72.8,South,Online
6010,2024-05-08,Prod_5,4,37.93,151.72,West,Store
6011,2024-05-08,Prod_15,1,55.17,55.17,East,Store
6012,2024-05-08,Prod_9,4,98.24,392.96,South,Online
6013,2024-05-08,Prod_1,4,72.1,288.4,South,Online
6014,2024-05-08,Prod_7,2,45.58,91.16,North,Store
6015,2024-05-08,Prod_1,2,98.28,196.56,East,Store
6016,2024-05-08,Prod_6,4,28.7,114.8,East,Online
6017,2024-05-08,Prod_15,3,44.83,134.49,East,Store
6018,2024-05-08,Prod_2,1,82.16,82.16,North,Online
6019,2024-05-08,Prod_4,3,68.63,205.89,South,Online
6020,2024-05-08,Prod_1,3,60.96,182.88,West,Online
6021,2024-05-08,Prod_1,4,67.28,269.12,South,Online
6022,2024-05-08,Prod_12,4,53.36,213.44,South,Store
6023,2024-05-08,Prod_14,3,79.09,237.27,West,Online
6024,2024-05-08,Prod_13,1,36.16,36.16,West,Online
6025,2024-05-08,Prod_12,2,47.37,94.74,West,Online
6026,2024-05-08,Prod_1,2,10.35,20.7,North,Online
6027,2024-05-08,Prod_12,2,72.62,145.24,West,Store
6028,2024-05-08,Prod_6,1,57.52,57.52,West,Store
6029,2024-05-08,Prod_7,3,34.64,103.92,East,Online
6030,2024-05-08,Prod_13,4,88.75,355.0,West,Online
6031,2024-05-08,Prod_12,2,18.44,36.88,South,Store
6032,2024-05-09,Prod_1,2,39.29,78.58,East,Store
6033,2024-05-09,Prod_1,3,57.2,171.6,East,Online
6034,2024-05-09,Prod_1,1,58.06,58.06,East,Online
6035,2024-05-09,Prod_3,1,94.62,94.62,West,Store
6036,2024-05-09,Prod_15,4,102.04,408.16,East,Online
6037,2024-05-09,Prod_10,3,93.89,281.67,East,Online
6038,2024-05-09,Prod_11,4,83.6,334.4,South,Store
6039,2024-05-09,Prod_11,3,90.42,271.26,West,Online
6040,2024-05-09,Prod_8,4,47.7,190.8,West,Store
6041,2024-05-09,Prod_11,4,86.02,344.08,West,Online
6042,2024-05-09,Prod_4,2,23.93,47.86,West,Store
6043,2024-05-09,Prod_3,3,31.38,94.14,East,Online
6044,2024-05-09,Prod_6,4,87.99,351.96,South,Store
6045,2024-05-09,Prod_11,1,21.63,21.63,East,Store
6046,2024-05-09,Prod_11,1,31.09,31.09,South,Online
6047,2024-05-09,Prod_10,2,52.8,105.6,West,Online
6048,2024-05-09,Prod_5,1,8.71,8.71,North,Store
6049,2024-05-09,Prod_8,2,29.88,59.76,West,Store
6050,2024-05-09,Prod_3,1,33.55,33.55,West,Store
6051,2024-05-09,Prod_3,4,15.24,60.96,West,Online
6052,2024-05-09,Prod_10,2,78.31,156.62,East,Online
6053,2024-05-09,Prod_4,1,86.96,86.96,North,Online
6054,2024-05-09,Prod_3,1,18.59,18.59,West,Online
6055,2024-05-09,Prod_2,3,76.8,230.4,North,Store
6056,2024-05-09,Prod_11,2,91.19,182.38,West,Store
6057,2024-05-09,Prod_9,2,90.14,180.28,East,Online
6058,2024-05-09,Prod_7,1,12.35,12.35,North,Online
6059,2024-05-09,Prod_14,4,104.99,419.96,North,Store
6060,2024-05-09,Prod_8,3,58.37,175.11,West,Store
6061,2024-05-09,Prod_10,3,26.91,80.73,North,Store
6062,2024-05-09,Prod_10,1,10.07,10.07,North,Online
6063,2024-05-09,Prod_9,2,100.9,201.8,South,Store
6064,2024-05-09,Prod_10,3,56.79,170.37,North,Online
6065,2024-05-09,Prod_10,4,81.1,324.4,South,Store
6066,2024-05-09,Prod_6,4,16.65,66.6,East,Store
6067,2024-05-09,Prod_6,4,14.68,58.72,North,Online
6068,2024-05-09,Prod_5,2,18.35,36.7,East,Online
6069,2024-05-09,Prod_14,1,65.71,65.71,North,Online
6070,2024-05-09,Prod_14,4,94.55,378.2,North,Store
6071,2024-05-09,Prod_10,4,64.65,258.6,West,Online
6072,2024-05-09,Prod_3,1,88.13,88.13,South,Online
6073,2024-05-09,Prod_14,1,16.14,16.14,North,Online
6074,2024-05-09,Prod_9,4,38.73,154.92,West,Online
6075,2024-05-09,Prod_12,2,94.09,188.18,North,Online
6076,2024-05-09,Prod_10,4,18.53,74.12,North,Store
6077,2024-05-09,Prod_4,2,75.5,151.0,North,Online
6078,2024-05-09,Prod_2,2,75.14,150.28,North,Store
6079,2024-05-09,Prod_1,4,59.4,237.6,South,Store
6080,2024-05-09,Prod_9,3,24.82,74.46,West,Online
6081,2024-05-09,Prod_12,4,98.78,395.12,North,Online
6082,2024-05-09,Prod_5,3,59.26,177.78,West,Online
6083,2024-05-09,Prod_9,3,101.55,304.65,West,Online
6084,2024-05-09,Prod_4,4,24.61,98.44,South,Online
6085,2024-05-10,Prod_10,2,29.64,59.28,South,Store
6086,2024-05-10,Prod_1,3,74.28,222.84,East,Online
6087,2024-05-10,Prod_9,4,22.17,88.68,South,Store
6088,2024-05-10,Prod_1,3,73.34,220.02,West,Store
6089,2024-05-10,Prod_4,2,101.47,202.94,East,Online
6090,2024-05-10,Prod_5,2,30.68,61.36,West,Store
6091,2024-05-10,Prod_12,4,89.29,357.16,East,Online
6092,2024-05-10,Prod_12,3,91.41,274.23,East,Store
6093,2024-05-10,Prod_5,3,55.95,167.85,West,Store
6094,2024-05-10,Prod_6,1,8.15,8.15,West,Store
6095,2024-05-10,Prod_6,3,57.89,173.67,North,Online
6096,2024-05-10,Prod_7,4,26.0,104.0,West,Online
6097,2024-05-10,Prod_3,2,53.02,106.04,North,Online
6098,2024-05-10,Prod_13,2,70.89,141.78,West,Store
6099,2024-05-10,Prod_3,1,89.88,89.88,West,Online
6100,2024-05-10,Prod_12,3,47.52,142.56,North,Store
6101,2024-05-10,Prod_11,3,33.25,99.75,West,Online
6102,2024-05-10,Prod_11,3,104.01,312.03,South,Store
6103,2024-05-10,Prod_12,4,78.69,314.76,West,Store
6104,2024-05-10,Prod_13,2,69.19,138.38,South,Online
6105,2024-05-10,Prod_8,3,46.91,140.73,West,Store
6106,2024-05-10,Prod_2,3,30.62,91.86,East,Online
6107,2024-05-10,Prod_15,2,65.25,130.5,South,Store
6108,2024-05-10,Prod_3,4,87.32,349.28,West,Store
6109,2024-05-10,Prod_4,3,37.74,113.22,West,Online
6110,2024-05-10,Prod_4,2,105.96,211.92,West,Store
6111,2024-05-10,Prod_2,3,57.45,172.35,West,Online
6112,2024-05-11,Prod_8,1,12.04,12.04,East,Online
6113,2024-05-11,Prod_14,4,36.93,147.72,North,Store
6114,2024-05-11,Prod_9,4,77.08,308.32,West,Online
6115,2024-05-11,Prod_9,2,31.4,62.8,South,Store
6116,2024-05-11,Prod_6,4,6.4,25.6,South,Store
6117,2024-05-11,Prod_1,3,35.14,105.42,South,Online
6118,2024-05-11,Prod_11,2,54.23,108.46,South,Online
6119,2024-05-11,Prod_14,3,12.66,37.98,North,Online
6120,2024-05-11,Prod_5,4,83.13,332.52,North,Online
6121,2024-05-11,Prod_7,3,51.71,155.13,East,Store
6122,2024-05-11,Prod_15,1,58.98,58.98,South,Online
6123,2024-05-11,Prod_15,1,70.64,70.64,North,Store
6124,2024-05-11,Prod_10,3,38.39,115.17,West,Store
6125,2024-05-11,Prod_9,3,106.1,318.3,West,Online
6126,2024-05-11,Prod_15,3,65.18,195.54,East,Store
6127,2024-05-11,Prod_4,2,20.35,40.7,South,Store
6128,2024-05-11,Prod_12,2,10.57,21.14,South,Store
6129,2024-05-11,Prod_12,1,43.72,43.72,North,Online
6130,2024-05-11,Prod_2,1,21.36,21.36,East,Online
6131,2024-05-11,Prod_5,1,64.29,64.29,North,Online
6132,2024-05-11,Prod_2,2,45.68,91.36,South,Store
6133,2024-05-11,Prod_12,2,62.73,125.46,West,Online
6134,2024-05-11,Prod_9,4,64.12,256.48,East,Store
6135,2024-05-11,Prod_14,1,95.59,95.59,South,Store
6136,2024-05-11,Prod_14,2,34.79,69.58,North,Store
6137,2024-05-11,Prod_11,3,94.98,284.94,North,Online
6138,2024-05-12,Prod_6,2,53.31,106.62,West,Store
6139,2024-05-12,Prod_4,1,46.13,46.13,East,Store
6140,2024-05-12,Prod_8,2,61.88,123.76,North,Online
6141,2024-05-12,Prod_11,4,82.89,331.56,West,Online
6142,2024-05-12,Prod_15,3,40.59,121.77,West,Online
6143,2024-05-12,Prod_9,3,28.63,85.89,North,Online
6144,2024-05-12,Prod_11,4,92.23,368.92,West,Store
6145,2024-05-12,Prod_8,2,85.75,171.5,North,Store
6146,2024-05-12,Prod_9,3,62.31,186.93,North,Online
6147,2024-05-12,Prod_12,2,97.42,194.84,East,Online
6148,2024-05-12,Prod_6,1,80.1,80.1,South,Online
6149,2024-05-12,Prod_8,4,42.26,169.04,South,Online
6150,2024-05-12,Prod_11,4,99.56,398.24,West,Store
6151,2024-05-12,Prod_4,4,42.87,171.48,South,Store
6152,2024-05-12,Prod_15,1,104.42,104.42,North,Online
6153,2024-05-12,Prod_1,2,93.84,187.68,East,Online
6154,2024-05-12,Prod_11,4,68.14,272.56,East,Online
6155,2024-05-12,Prod_5,4,14.61,58.44,South,Store
6156,2024-05-12,Prod_12,1,67.08,67.08,South,Store
6157,2024-05-12,Prod_5,4,36.44,145.76,West,Store
6158,2024-05-12,Prod_3,1,45.52,45.52,South,Store
6159,2024-05-12,Prod_9,3,100.26,300.78,West,Online
6160,2024-05-12,Prod_11,4,74.35,297.4,West,Store
6161,2024-05-12,Prod_10,4,96.53,386.12,East,Store
6162,2024-05-12,Prod_2,3,56.1,168.3,East,Store
6163,2024-05-12,Prod_7,2,44.7,89.4,West,Store
6164,2024-05-12,Prod_2,1,36.16,36.16,South,Online
6165,2024-05-12,Prod_1,2,58.26,116.52,East,Online
6166,2024-05-12,Prod_1,4,100.63,402.52,South,Store
6167,2024-05-12,Prod_6,4,84.87,339.48,West,Online
6168,2024-05-12,Prod_5,2,72.79,145.58,South,Store
6169,2024-05-12,Prod_10,2,53.01,106.02,West,Online
6170,2024-05-12,Prod_5,4,21.51,86.04,West,Online
6171,2024-05-12,Prod_3,3,74.0,222.0,West,Online
6172,2024-05-12,Prod_3,3,11.7,35.1,East,Store
6173,2024-05-12,Prod_15,2,95.45,190.9,East,Online
6174,2024-05-12,Prod_5,2,18.18,36.36,West,Online
6175,2024-05-12,Prod_2,3,22.41,67.23,West,Store
6176,2024-05-12,Prod_14,1,18.18,18.18,West,Online
6177,2024-05-12,Prod_2,1,87.12,87.12,West,Store
6178,2024-05-13,Prod_2,4,64.19,256.76,West,Online
6179,2024-05-13,Prod_11,4,76.58,306.32,East,Store
6180,2024-05-13,Prod_11,2,70.83,141.66,South,Online
6181,2024-05-13,Prod_8,2,103.98,207.96,South,Store
6182,2024-05-13,Prod_2,3,95.53,286.59,West,Online
6183,2024-05-13,Prod_7,2,73.63,147.26,North,Online
6184,2024-05-13,Prod_4,2,19.15,38.3,West,Store
6185,2024-05-13,Prod_10,3,26.1,78.3,West,Store
6186,2024-05-13,Prod_2,4,15.04,60.16,North,Store
6187,2024-05-13,Prod_15,4,26.7,106.8,South,Online
6188,2024-05-13,Prod_10,4,82.97,331.88,West,Store
6189,2024-05-13,Prod_15,4,58.17,232.68,North,Store
6190,2024-05-13,Prod_2,3,57.11,171.33,North,Store
6191,2024-05-13,Prod_15,4,44.6,178.4,West,Online
6192,2024-05-13,Prod_8,1,26.82,26.82,South,Online
6193,2024-05-13,Prod_9,3,87.53,262.59,South,Store
6194,2024-05-13,Prod_11,4,54.52,218.08,North,Online
6195,2024-05-13,Prod_2,3,49.55,148.65,East,Store
6196,2024-05-13,Prod_12,3,22.99,68.97,North,Online
6197,2024-05-13,Prod_15,4,74.81,299.24,East,Store
6198,2024-05-13,Prod_2,3,14.77,44.31,North,Online
6199,2024-05-13,Prod_10,1,37.35,37.35,West,Online
6200,2024-05-13,Prod_14,1,21.81,21.81,North,Online
6201,2024-05-13,Prod_11,1,38.27,38.27,West,Online
6202,2024-05-13,Prod_5,1,55.09,55.09,North,Online
6203,2024-05-13,Prod_4,2,98.2,196.4,West,Store
6204,2024-05-13,Prod_15,1,55.02,55.02,South,Store
6205,2024-05-13,Prod_11,1,74.94,74.94,South,Online
6206,2024-05-13,Prod_7,2,40.66,81.32,East,Online
6207,2024-05-13,Prod_9,1,16.15,16.15,West,Online
6208,2024-05-14,Prod_10,2,65.8,131.6,East,Online
6209,2024-05-14,Prod_8,1,58.7,58.7,North,Store
6210,2024-05-14,Prod_8,3,16.18,48.54,West,Store
6211,2024-05-14,Prod_4,3,78.32,234.96,North,Store
6212,2024-05-14,Prod_4,1,88.29,88.29,South,Online
6213,2024-05-14,Prod_7,3,9.67,29.01,North,Online
6214,2024-05-14,Prod_13,3,5.49,16.47,East,Online
6215,2024-05-14,Prod_9,1,98.16,98.16,South,Online
6216,2024-05-14,Prod_10,4,18.26,73.04,West,Store
6217,2024-05-14,Prod_7,2,96.02,192.04,South,Store
6218,2024-05-14,Prod_13,4,97.8,391.2,East,Online
6219,2024-05-14,Prod_3,3,63.72,191.16,West,Store
6220,2024-05-14,Prod_13,3,56.93,170.79,South,Store
6221,2024-05-14,Prod_14,2,15.13,30.26,West,Store
6222,2024-05-14,Prod_2,3,16.92,50.76,North,Store
6223,2024-05-14,Prod_15,2,52.89,105.78,South,Store
6224,2024-05-14,Prod_2,1,38.59,38.59,South,Online
6225,2024-05-14,Prod_8,1,69.74,69.74,East,Online
6226,2024-05-14,Prod_11,3,18.21,54.63,West,Online
6227,2024-05-14,Prod_5,4,43.7,174.8,West,Store
6228,2024-05-14,Prod_8,3,68.78,206.34,South,Store
6229,2024-05-14,Prod_2,4,81.71,326.84,West,Online
6230,2024-05-14,Prod_15,2,71.11,142.22,East,Online
6231,2024-05-14,Prod_6,1,16.81,16.81,North,Store
6232,2024-05-14,Prod_8,1,88.08,88.08,South,Store
6233,2024-05-14,Prod_3,4,82.19,328.76,West,Online
6234,2024-05-14,Prod_14,2,79.62,159.24,West,Store
6235,2024-05-15,Prod_10,3,29.0,87.0,North,Store
6236,2024-05-15,Prod_3,3,79.67,239.01,East,Store
6237,2024-05-15,Prod_2,4,35.83,143.32,West,Online
6238,2024-05-15,Prod_2,2,91.87,183.74,South,Online
6239,2024-05-15,Prod_7,3,100.97,302.91,North,Store
6240,2024-05-15,Prod_8,3,50.01,150.03,East,Online
6241,2024-05-15,Prod_4,4,83.67,334.68,West,Store
6242,2024-05-15,Prod_6,1,80.06,80.06,East,Online
6243,2024-05-15,Prod_9,3,83.33,249.99,North,Online
6244,2024-05-15,Prod_9,3,51.25,153.75,West,Online
6245,2024-05-15,Prod_5,4,81.92,327.68,South,Online
6246,2024-05-15,Prod_11,1,30.54,30.54,South,Online
6247,2024-05-15,Prod_6,4,64.54,258.16,North,Online
6248,2024-05-15,Prod_4,4,39.36,157.44,East,Online
6249,2024-05-15,Prod_9,4,54.69,218.76,South,Online
6250,2024-05-15,Prod_14,2,78.9,157.8,North,Online
6251,2024-05-15,Prod_15,1,70.36,70.36,West,Online
6252,2024-05-15,Prod_2,4,88.85,355.4,North,Online
6253,2024-05-15,Prod_11,2,22.89,45.78,West,Online
6254,2024-05-15,Prod_15,2,78.87,157.74,North,Store
6255,2024-05-15,Prod_5,3,40.92,122.76,South,Online
6256,2024-05-15,Prod_12,4,49.38,197.52,West,Store
6257,2024-05-15,Prod_1,3,76.35,229.05,East,Online
6258,2024-05-15,Prod_2,4,54.38,217.52,West,Store
6259,2024-05-15,Prod_13,1,44.62,44.62,North,Online
6260,2024-05-15,Prod_13,3,7.85,23.55,West,Online
6261,2024-05-15,Prod_2,2,39.45,78.9,North,Online
6262,2024-05-15,Prod_4,2,72.29,144.58,East,Online
6263,2024-05-15,Prod_13,2,34.27,68.54,North,Store
6264,2024-05-15,Prod_4,1,38.54,38.54,South,Online
6265,2024-05-15,Prod_15,4,90.15,360.6,West,Online
6266,2024-05-15,Prod_10,2,10.47,20.94,West,Online
6267,2024-05-15,Prod_8,2,68.63,137.26,West,Online
6268,2024-05-15,Prod_11,1,99.56,99.56,North,Store
6269,2024-05-16,Prod_7,4,92.89,371.56,South,Store
6270,2024-05-16,Prod_15,2,17.86,35.72,South,Store
6271,2024-05-16,Prod_2,1,59.94,59.94,West,Store
6272,2024-05-16,Prod_1,1,57.17,57.17,North,Online
6273,2024-05-16,Prod_4,2,107.79,215.58,North,Online
6274,2024-05-16,Prod_14,2,52.36,104.72,North,Online
6275,2024-05-16,Prod_6,1,28.36,28.36,West,Store
6276,2024-05-16,Prod_7,1,47.1,47.1,West,Online
6277,2024-05-16,Prod_9,3,16.66,49.98,West,Online
6278,2024-05-16,Prod_14,2,11.71,23.42,West,Online
6279,2024-05-16,Prod_13,1,78.55,78.55,North,Online
6280,2024-05-16,Prod_1,2,79.12,158.24,West,Online
6281,2024-05-16,Prod_5,3,95.08,285.24,East,Online
6282,2024-05-16,Prod_12,3,29.85,89.55,South,Online
6283,2024-05-16,Prod_7,4,63.94,255.76,East,Online
6284,2024-05-16,Prod_13,1,79.97,79.97,South,Store
6285,2024-05-16,Prod_1,3,27.39,82.17,East,Store
6286,2024-05-16,Prod_9,3,77.9,233.7,North,Online
6287,2024-05-16,Prod_1,1,66.6,66.6,East,Online
6288,2024-05-16,Prod_1,2,79.39,158.78,South,Online
6289,2024-05-17,Prod_5,2,23.72,47.44,West,Store
6290,2024-05-17,Prod_9,1,60.78,60.78,North,Online
6291,2024-05-17,Prod_14,2,22.12,44.24,North,Online
6292,2024-05-17,Prod_1,2,51.5,103.0,South,Online
6293,2024-05-17,Prod_3,2,47.7,95.4,West,Online
6294,2024-05-17,Prod_5,3,26.4,79.2,South,Online
6295,2024-05-17,Prod_14,4,102.88,411.52,South,Online
6296,2024-05-17,Prod_4,4,34.05,136.2,South,Store
6297,2024-05-17,Prod_3,2,60.91,121.82,North,Online
6298,2024-05-17,Prod_7,4,23.0,92.0,South,Online
6299,2024-05-17,Prod_8,2,20.25,40.5,North,Online
6300,2024-05-17,Prod_9,2,87.83,175.66,South,Store
6301,2024-05-17,Prod_14,2,41.47,82.94,West,Store
6302,2024-05-17,Prod_6,2,43.55,87.1,West,Online
6303,2024-05-17,Prod_14,2,60.5,121.0,West,Online
6304,2024-05-17,Prod_4,2,104.4,208.8,North,Store
6305,2024-05-17,Prod_8,1,80.62,80.62,South,Online
6306,2024-05-17,Prod_7,3,89.54,268.62,South,Online
6307,2024-05-17,Prod_7,1,66.1,66.1,East,Online
6308,2024-05-17,Prod_14,1,78.02,78.02,South,Online
6309,2024-05-17,Prod_4,2,64.22,128.44,West,Online
6310,2024-05-17,Prod_11,1,91.06,91.06,North,Store
6311,2024-05-17,Prod_6,2,92.4,184.8,West,Store
6312,2024-05-17,Prod_2,1,91.74,91.74,East,Online
6313,2024-05-17,Prod_14,2,70.79,141.58,West,Store
6314,2024-05-17,Prod_8,2,72.31,144.62,North,Online
6315,2024-05-17,Prod_13,4,62.63,250.52,West,Online
6316,2024-05-17,Prod_2,2,81.54,163.08,North,Store
6317,2024-05-17,Prod_11,4,95.64,382.56,West,Online
6318,2024-05-17,Prod_8,2,88.91,177.82,North,Store
6319,2024-05-17,Prod_9,1,95.52,95.52,South,Store
6320,2024-05-17,Prod_11,2,69.8,139.6,West,Online
6321,2024-05-17,Prod_6,1,14.64,14.64,East,Store
6322,2024-05-17,Prod_2,3,14.53,43.59,North,Store
6323,2024-05-17,Prod_4,3,23.77,71.31,North,Online
6324,2024-05-17,Prod_14,4,78.69,314.76,East,Store
6325,2024-05-17,Prod_6,4,37.68,150.72,South,Online
6326,2024-05-17,Prod_9,4,64.72,258.88,South,Store
6327,2024-05-17,Prod_9,1,50.51,50.51,East,Store
6328,2024-05-17,Prod_1,1,49.94,49.94,West,Store
6329,2024-05-17,Prod_11,3,36.43,109.29,North,Online
6330,2024-05-17,Prod_12,2,84.81,169.62,East,Store
6331,2024-05-17,Prod_6,1,35.45,35.45,West,Online
6332,2024-05-17,Prod_8,1,47.39,47.39,North,Online
6333,2024-05-17,Prod_15,2,93.18,186.36,North,Online
6334,2024-05-17,Prod_14,3,60.43,181.29,South,Online
6335,2024-05-17,Prod_6,1,54.56,54.56,West,Online
6336,2024-05-17,Prod_15,2,103.3,206.6,West,Store
6337,2024-05-17,Prod_3,3,93.3,279.9,East,Store
6338,2024-05-17,Prod_7,4,44.63,178.52,West,Store
6339,2024-05-17,Prod_14,3,31.1,93.3,West,Online
6340,2024-05-18,Prod_9,4,88.7,354.8,West,Online
6341,2024-05-18,Prod_2,2,92.78,185.56,North,Online
6342,2024-05-18,Prod_11,3,91.49,274.47,South,Online
6343,2024-05-18,Prod_6,1,50.4,50.4,North,Store
6344,2024-05-18,Prod_4,4,87.18,348.72,East,Store
6345,2024-05-18,Prod_1,3,64.25,192.75,West,Online
6346,2024-05-18,Prod_3,3,17.4,52.2,East,Online
6347,2024-05-18,Prod_2,4,90.21,360.84,East,Store
6348,2024-05-18,Prod_14,1,18.77,18.77,North,Store
6349,2024-05-18,Prod_11,1,99.81,99.81,North,Online
6350,2024-05-18,Prod_6,4,86.51,346.04,West,Online
6351,2024-05-18,Prod_12,3,69.41,208.23,West,Online
6352,2024-05-18,Prod_6,4,19.63,78.52,East,Online
6353,2024-05-18,Prod_10,2,15.77,31.54,East,Store
6354,2024-05-18,Prod_15,3,34.21,102.63,East,Store
6355,2024-05-18,Prod_4,3,68.13,204.39,North,Store
6356,2024-05-18,Prod_11,4,65.7,262.8,West,Store
6357,2024-05-18,Prod_3,1,30.67,30.67,East,Online
6358,2024-05-18,Prod_3,4,57.63,230.52,North,Online
6359,2024-05-18,Prod_11,1,86.59,86.59,South,Online
6360,2024-05-18,Prod_11,3,71.89,215.67,West,Store
6361,2024-05-18,Prod_6,4,56.29,225.16,West,Online
6362,2024-05-18,Prod_15,3,61.24,183.72,West,Store
6363,2024-05-18,Prod_9,1,96.16,96.16,West,Store
6364,2024-05-18,Prod_5,4,101.8,407.2,West,Store
6365,2024-05-18,Prod_7,4,86.03,344.12,West,Online
6366,2024-05-18,Prod_7,1,29.7,29.7,East,Online
6367,2024-05-18,Prod_15,4,42.2,168.8,South,Online
6368,2024-05-18,Prod_7,2,9.79,19.58,East,Online
6369,2024-05-18,Prod_1,3,14.74,44.22,North,Online
6370,2024-05-18,Prod_1,1,60.99,60.99,South,Online
6371,2024-05-18,Prod_15,3,76.68,230.04,West,Online
6372,2024-05-18,Prod_2,4,70.72,282.88,North,Online
6373,2024-05-18,Prod_3,4,66.77,267.08,North,Store
6374,2024-05-18,Prod_11,3,43.59,130.77,East,Store
6375,2024-05-18,Prod_2,1,76.2,76.2,East,Store
6376,2024-05-18,Prod_10,4,45.12,180.48,West,Online
6377,2024-05-18,Prod_9,4,38.6,154.4,South,Store
6378,2024-05-18,Prod_12,2,16.14,32.28,South,Store
6379,2024-05-18,Prod_10,1,51.35,51.35,North,Online
6380,2024-05-18,Prod_15,2,16.98,33.96,West,Online
6381,2024-05-18,Prod_8,2,48.73,97.46,North,Online
6382,2024-05-18,Prod_7,2,38.86,77.72,East,Online
6383,2024-05-18,Prod_8,3,95.08,285.24,South,Online
6384,2024-05-18,Prod_9,1,46.02,46.02,South,Store
6385,2024-05-18,Prod_13,2,93.72,187.44,South,Online
6386,2024-05-18,Prod_9,2,30.74,61.48,South,Online
6387,2024-05-18,Prod_1,2,33.92,67.84,North,Online
6388,2024-05-18,Prod_7,1,38.13,38.13,West,Online
6389,2024-05-19,Prod_1,1,95.81,95.81,West,Online
6390,2024-05-19,Prod_11,2,92.85,185.7,South,Online
6391,2024-05-19,Prod_10,1,19.46,19.46,West,Store
6392,2024-05-19,Prod_4,2,28.4,56.8,North,Store
6393,2024-05-19,Prod_4,4,63.45,253.8,West,Online
6394,2024-05-19,Prod_6,3,47.61,142.83,North,Online
6395,2024-05-19,Prod_10,4,11.92,47.68,South,Store
6396,2024-05-19,Prod_9,4,58.88,235.52,North,Store
6397,2024-05-19,Prod_2,1,37.3,37.3,North,Online
6398,2024-05-19,Prod_6,3,84.58,253.74,South,Store
6399,2024-05-19,Prod_4,3,70.42,211.26,North,Online
6400,2024-05-19,Prod_11,3,80.48,241.44,North,Online
6401,2024-05-19,Prod_3,2,49.68,99.36,North,Online
6402,2024-05-19,Prod_2,2,93.55,187.1,West,Online
6403,2024-05-19,Prod_9,1,58.83,58.83,North,Store
6404,2024-05-19,Prod_4,2,94.01,188.02,North,Store
6405,2024-05-19,Prod_15,4,79.53,318.12,West,Online
6406,2024-05-19,Prod_10,1,54.21,54.21,West,Store
6407,2024-05-19,Prod_5,2,77.57,155.14,North,Online
6408,2024-05-19,Prod_7,3,46.07,138.21,North,Store
6409,2024-05-19,Prod_10,3,56.44,169.32,North,Online
6410,2024-05-19,Prod_2,3,91.93,275.79,North,Store
6411,2024-05-19,Prod_15,4,87.42,349.68,East,Online
6412,2024-05-19,Prod_14,4,55.59,222.36,North,Online
6413,2024-05-19,Prod_2,2,59.01,118.02,West,Online
6414,2024-05-19,Prod_12,2,99.42,198.84,North,Online
6415,2024-05-19,Prod_5,4,98.67,394.68,East,Online
6416,2024-05-19,Prod_15,3,89.04,267.12,West,Online
6417,2024-05-19,Prod_9,4,70.65,282.6,North,Online
6418,2024-05-19,Prod_12,1,98.11,98.11,South,Store
6419,2024-05-19,Prod_14,1,85.35,85.35,South,Store
6420,2024-05-19,Prod_8,3,85.94,257.82,East,Online
6421,2024-05-19,Prod_13,4,52.08,208.32,West,Online
6422,2024-05-19,Prod_2,3,97.61,292.83,West,Online
6423,2024-05-19,Prod_6,2,83.0,166.0,South,Store
6424,2024-05-19,Prod_7,2,13.07,26.14,West,Online
6425,2024-05-19,Prod_10,2,37.49,74.98,West,Online
6426,2024-05-19,Prod_6,4,38.64,154.56,South,Online
6427,2024-05-19,Prod_1,2,12.89,25.78,North,Online
6428,2024-05-19,Prod_3,3,49.52,148.56,South,Online
6429,2024-05-19,Prod_10,3,80.68,242.04,West,Store
6430,2024-05-19,Prod_13,1,48.5,48.5,West,Store
6431,2024-05-19,Prod_11,3,58.83,176.49,West,Store
6432,2024-05-19,Prod_4,2,28.68,57.36,West,Store
6433,2024-05-19,Prod_3,1,38.73,38.73,East,Store
6434,2024-05-20,Prod_12,2,28.59,57.18,East,Online
6435,2024-05-20,Prod_3,2,59.87,119.74,South,Store
6436,2024-05-20,Prod_8,4,84.86,339.44,East,Online
6437,2024-05-20,Prod_1,3,26.21,78.63,West,Online
6438,2024-05-20,Prod_14,1,13.11,13.11,East,Online
6439,2024-05-20,Prod_15,1,24.05,24.05,North,Online
6440,2024-05-20,Prod_7,1,74.33,74.33,South,Online
6441,2024-05-20,Prod_1,1,70.23,70.23,North,Online
6442,2024-05-20,Prod_15,1,64.14,64.14,West,Online
6443,2024-05-20,Prod_8,4,80.05,320.2,West,Online
6444,2024-05-20,Prod_15,2,80.1,160.2,West,Online
6445,2024-05-20,Prod_11,3,33.63,100.89,North,Store
6446,2024-05-20,Prod_2,4,24.61,98.44,South,Online
6447,2024-05-20,Prod_11,1,99.19,99.19,North,Online
6448,2024-05-20,Prod_13,1,67.42,67.42,West,Online
6449,2024-05-20,Prod_15,4,75.67,302.68,North,Store
6450,2024-05-20,Prod_4,2,41.97,83.94,South,Store
6451,2024-05-20,Prod_12,1,41.46,41.46,West,Online
6452,2024-05-20,Prod_15,2,75.19,150.38,North,Store
6453,2024-05-20,Prod_14,3,80.52,241.56,South,Store
6454,2024-05-20,Prod_11,4,44.98,179.92,North,Store
6455,2024-05-20,Prod_13,4,48.74,194.96,West,Online
6456,2024-05-20,Prod_10,4,53.63,214.52,North,Store
6457,2024-05-20,Prod_13,1,25.4,25.4,West,Store
6458,2024-05-21,Prod_15,4,22.08,88.32,North,Store
6459,2024-05-21,Prod_1,4,27.43,109.72,South,Online
6460,2024-05-21,Prod_3,2,69.04,138.08,North,Store
6461,2024-05-21,Prod_1,3,50.23,150.69,West,Online
6462,2024-05-21,Prod_11,1,59.1,59.1,South,Online
6463,2024-05-21,Prod_1,4,31.1,124.4,North,Store
6464,2024-05-21,Prod_10,4,57.93,231.72,North,Online
6465,2024-05-21,Prod_3,1,56.55,56.55,East,Online
6466,2024-05-21,Prod_6,3,78.19,234.57,North,Online
6467,2024-05-21,Prod_3,4,11.52,46.08,North,Online
6468,2024-05-21,Prod_9,3,69.01,207.03,South,Online
6469,2024-05-21,Prod_11,3,30.42,91.26,West,Store
6470,2024-05-21,Prod_7,3,41.56,124.68,West,Online
6471,2024-05-21,Prod_13,2,94.3,188.6,North,Online
6472,2024-05-21,Prod_13,3,60.8,182.4,East,Online
6473,2024-05-21,Prod_6,3,29.02,87.06,West,Online
6474,2024-05-21,Prod_9,1,65.95,65.95,North,Store
6475,2024-05-21,Prod_7,1,46.67,46.67,North,Online
6476,2024-05-21,Prod_1,1,39.11,39.11,North,Store
6477,2024-05-21,Prod_4,3,28.85,86.55,North,Online
6478,2024-05-21,Prod_5,1,53.62,53.62,South,Store
6479,2024-05-21,Prod_8,4,18.43,73.72,North,Online
6480,2024-05-21,Prod_13,1,55.29,55.29,North,Online
6481,2024-05-21,Prod_9,1,75.59,75.59,North,Store
6482,2024-05-21,Prod_9,2,43.98,87.96,South,Online
6483,2024-05-21,Prod_8,2,57.2,114.4,South,Online
6484,2024-05-21,Prod_6,1,69.82,69.82,East,Store
6485,2024-05-21,Prod_15,4,54.94,219.76,West,Online
6486,2024-05-21,Prod_1,2,67.13,134.26,North,Online
6487,2024-05-21,Prod_6,3,12.52,37.56,North,Store
6488,2024-05-21,Prod_7,2,8.53,17.06,North,Store
6489,2024-05-21,Prod_2,4,71.9,287.6,North,Online
6490,2024-05-21,Prod_12,2,82.59,165.18,South,Store
6491,2024-05-21,Prod_12,2,90.6,181.2,South,Online
6492,2024-05-21,Prod_13,2,61.22,122.44,West,Online
6493,2024-05-21,Prod_10,4,44.4,177.6,South,Online
6494,2024-05-21,Prod_7,1,86.67,86.67,North,Online
6495,2024-05-21,Prod_9,2,82.72,165.44,West,Store
6496,2024-05-21,Prod_2,2,54.3,108.6,North,Store
6497,2024-05-21,Prod_7,1,96.44,96.44,West,Store
6498,2024-05-21,Prod_10,4,39.24,156.96,North,Online
6499,2024-05-21,Prod_8,1,81.9,81.9,South,Store
6500,2024-05-21,Prod_12,4,22.81,91.24,North,Online
6501,2024-05-21,Prod_6,1,71.5,71.5,East,Store
6502,2024-05-21,Prod_15,2,90.11,180.22,East,Store
6503,2024-05-21,Prod_11,4,80.61,322.44,North,Store
6504,2024-05-21,Prod_13,2,44.8,89.6,South,Online
6505,2024-05-21,Prod_3,1,26.94,26.94,West,Store
6506,2024-05-21,Prod_1,4,85.0,340.0,South,Store
6507,2024-05-21,Prod_2,3,38.2,114.6,West,Store
6508,2024-05-21,Prod_11,1,91.75,91.75,North,Store
6509,2024-05-22,Prod_10,4,84.64,338.56,South,Online
6510,2024-05-22,Prod_3,4,82.89,331.56,South,Store
6511,2024-05-22,Prod_12,1,38.22,38.22,East,Online
6512,2024-05-22,Prod_1,2,95.53,191.06,West,Online
6513,2024-05-22,Prod_7,1,90.27,90.27,West,Online
6514,2024-05-22,Prod_9,4,30.13,120.52,North,Online
6515,2024-05-22,Prod_7,2,81.47,162.94,West,Online
6516,2024-05-22,Prod_10,1,21.56,21.56,North,Online
6517,2024-05-22,Prod_7,3,18.12,54.36,West,Online
6518,2024-05-22,Prod_15,4,92.91,371.64,West,Online
6519,2024-05-22,Prod_9,2,35.94,71.88,West,Online
6520,2024-05-22,Prod_14,2,78.95,157.9,West,Store
6521,2024-05-22,Prod_9,2,93.05,186.1,South,Online
6522,2024-05-22,Prod_5,2,30.39,60.78,North,Store
6523,2024-05-22,Prod_1,1,62.61,62.61,North,Store
6524,2024-05-22,Prod_3,1,37.33,37.33,East,Store
6525,2024-05-22,Prod_5,1,41.94,41.94,West,Store
6526,2024-05-22,Prod_15,1,12.65,12.65,North,Online
6527,2024-05-22,Prod_14,2,23.11,46.22,North,Online
6528,2024-05-22,Prod_13,2,58.88,117.76,East,Online
6529,2024-05-22,Prod_15,1,15.31,15.31,North,Online
6530,2024-05-22,Prod_14,4,73.06,292.24,East,Online
6531,2024-05-22,Prod_4,1,20.06,20.06,North,Store
6532,2024-05-22,Prod_1,1,20.15,20.15,North,Store
6533,2024-05-22,Prod_10,3,95.1,285.3,North,Online
6534,2024-05-22,Prod_13,4,80.59,322.36,South,Store
6535,2024-05-23,Prod_13,1,78.9,78.9,North,Store
6536,2024-05-23,Prod_2,1,86.06,86.06,North,Store
6537,2024-05-23,Prod_14,4,46.69,186.76,North,Online
6538,2024-05-23,Prod_10,2,67.14,134.28,North,Online
6539,2024-05-23,Prod_3,2,34.31,68.62,North,Store
6540,2024-05-23,Prod_7,1,93.8,93.8,West,Online
6541,2024-05-23,Prod_1,4,65.72,262.88,East,Online
6542,2024-05-23,Prod_1,3,20.27,60.81,South,Online
6543,2024-05-23,Prod_9,2,70.55,141.1,North,Online
6544,2024-05-23,Prod_9,4,36.29,145.16,North,Online
6545,2024-05-23,Prod_13,4,70.91,283.64,East,Store
6546,2024-05-23,Prod_2,3,88.06,264.18,East,Store
6547,2024-05-23,Prod_5,3,33.16,99.48,North,Online
6548,2024-05-23,Prod_4,3,105.32,315.96,West,Store
6549,2024-05-23,Prod_5,3,93.83,281.49,East,Online
6550,2024-05-23,Prod_12,2,46.41,92.82,North,Online
6551,2024-05-23,Prod_11,2,28.5,57.0,North,Store
6552,2024-05-23,Prod_15,2,88.61,177.22,North,Store
6553,2024-05-23,Prod_2,4,97.14,388.56,South,Store
6554,2024-05-23,Prod_12,2,49.04,98.08,West,Online
6555,2024-05-23,Prod_3,1,91.12,91.12,North,Store
6556,2024-05-23,Prod_9,1,46.79,46.79,North,Online
6557,2024-05-23,Prod_12,4,91.18,364.72,North,Online
6558,2024-05-23,Prod_11,4,20.52,82.08,North,Online
6559,2024-05-24,Prod_12,4,14.6,58.4,West,Store
6560,2024-05-24,Prod_6,2,70.78,141.56,West,Store
6561,2024-05-24,Prod_10,3,51.03,153.09,North,Store
6562,2024-05-24,Prod_12,1,35.51,35.51,East,Store
6563,2024-05-24,Prod_11,4,84.97,339.88,North,Store
6564,2024-05-24,Prod_5,1,90.31,90.31,West,Store
6565,2024-05-24,Prod_15,2,74.34,148.68,South,Online
6566,2024-05-24,Prod_7,3,57.65,172.95,South,Online
6567,2024-05-24,Prod_9,1,33.35,33.35,South,Online
6568,2024-05-24,Prod_5,1,14.62,14.62,West,Online
6569,2024-05-24,Prod_14,1,78.43,78.43,West,Store
6570,2024-05-24,Prod_13,2,19.41,38.82,South,Online
6571,2024-05-24,Prod_11,3,94.86,284.58,South,Store
6572,2024-05-24,Prod_14,4,74.43,297.72,East,Online
6573,2024-05-24,Prod_6,1,29.37,29.37,West,Store
6574,2024-05-24,Prod_14,1,50.06,50.06,North,Online
6575,2024-05-24,Prod_5,2,19.19,38.38,North,Online
6576,2024-05-24,Prod_14,3,36.31,108.93,East,Online
6577,2024-05-24,Prod_5,1,48.75,48.75,East,Online
6578,2024-05-24,Prod_13,2,49.78,99.56,East,Store
6579,2024-05-24,Prod_4,1,63.52,63.52,East,Online
6580,2024-05-24,Prod_1,3,33.22,99.66,West,Online
6581,2024-05-24,Prod_13,4,75.23,300.92,North,Store
6582,2024-05-24,Prod_3,4,62.68,250.72,North,Online
6583,2024-05-24,Prod_13,3,68.25,204.75,East,Online
6584,2024-05-24,Prod_8,1,84.28,84.28,East,Online
6585,2024-05-24,Prod_12,2,49.11,98.22,West,Store
6586,2024-05-24,Prod_8,1,32.96,32.96,East,Store
6587,2024-05-24,Prod_13,4,8.79,35.16,North,Store
6588,2024-05-24,Prod_3,1,26.53,26.53,South,Store
6589,2024-05-24,Prod_7,4,77.41,309.64,West,Store
6590,2024-05-24,Prod_13,2,44.63,89.26,West,Store
6591,2024-05-24,Prod_13,2,45.95,91.9,North,Online
6592,2024-05-24,Prod_11,4,16.48,65.92,South,Online
6593,2024-05-24,Prod_2,4,72.75,291.0,West,Online
6594,2024-05-24,Prod_14,4,37.58,150.32,West,Online
6595,2024-05-24,Prod_4,4,34.44,137.76,South,Online
6596,2024-05-24,Prod_11,1,24.19,24.19,West,Online
6597,2024-05-24,Prod_8,4,12.41,49.64,West,Store
6598,2024-05-24,Prod_4,3,62.29,186.87,West,Online
6599,2024-05-24,Prod_10,1,83.68,83.68,North,Online
6600,2024-05-24,Prod_12,2,16.57,33.14,North,Online
6601,2024-05-24,Prod_9,2,78.89,157.78,South,Store
6602,2024-05-24,Prod_3,3,47.19,141.57,South,Store
6603,2024-05-25,Prod_7,2,67.01,134.02,West,Store
6604,2024-05-25,Prod_12,1,19.59,19.59,East,Store
6605,2024-05-25,Prod_5,4,73.91,295.64,North,Store
6606,2024-05-25,Prod_8,3,104.88,314.64,West,Online
6607,2024-05-25,Prod_13,3,63.51,190.53,South,Online
6608,2024-05-25,Prod_13,1,13.34,13.34,East,Online
6609,2024-05-25,Prod_9,4,58.39,233.56,West,Store
6610,2024-05-25,Prod_13,4,45.79,183.16,West,Online
6611,2024-05-25,Prod_11,4,58.51,234.04,North,Store
6612,2024-05-25,Prod_5,2,33.09,66.18,South,Online
6613,2024-05-25,Prod_15,4,71.1,284.4,North,Store
6614,2024-05-25,Prod_13,3,73.64,220.92,East,Online
6615,2024-05-25,Prod_10,1,80.03,80.03,West,Store
6616,2024-05-25,Prod_12,1,84.49,84.49,South,Store
6617,2024-05-25,Prod_2,2,84.11,168.22,West,Online
6618,2024-05-25,Prod_3,4,65.47,261.88,North,Online
6619,2024-05-25,Prod_15,3,37.01,111.03,North,Store
6620,2024-05-25,Prod_11,3,84.05,252.15,East,Online
6621,2024-05-25,Prod_11,4,15.05,60.2,South,Store
6622,2024-05-25,Prod_8,4,48.4,193.6,West,Store
6623,2024-05-25,Prod_7,2,46.77,93.54,North,Store
6624,2024-05-25,Prod_13,1,45.76,45.76,North,Store
6625,2024-05-25,Prod_2,2,57.48,114.96,South,Online
6626,2024-05-25,Prod_9,2,86.0,172.0,East,Online
6627,2024-05-25,Prod_7,4,6.39,25.56,West,Online
6628,2024-05-25,Prod_7,4,96.02,384.08,West,Online
6629,2024-05-25,Prod_7,3,84.74,254.22,South,Online
6630,2024-05-25,Prod_3,2,15.67,31.34,South,Online
6631,2024-05-25,Prod_5,3,45.09,135.27,North,Online
6632,2024-05-25,Prod_3,4,60.85,243.4,East,Store
6633,2024-05-25,Prod_4,3,52.24,156.72,East,Online
6634,2024-05-25,Prod_15,3,29.53,88.59,West,Online
6635,2024-05-25,Prod_10,1,67.77,67.77,North,Online
6636,2024-05-25,Prod_13,4,77.95,311.8,East,Online
6637,2024-05-25,Prod_10,2,8.07,16.14,East,Online
6638,2024-05-25,Prod_6,1,19.02,19.02,North,Online
6639,2024-05-25,Prod_14,1,49.65,49.65,South,Online
6640,2024-05-25,Prod_6,1,55.74,55.74,West,Online
6641,2024-05-26,Prod_5,1,30.21,30.21,South,Online
6642,2024-05-26,Prod_9,1,89.73,89.73,West,Online
6643,2024-05-26,Prod_6,2,96.9,193.8,South,Store
6644,2024-05-26,Prod_7,4,31.1,124.4,North,Online
6645,2024-05-26,Prod_12,4,37.15,148.6,East,Online
6646,2024-05-26,Prod_13,3,76.33,228.99,North,Online
6647,2024-05-26,Prod_13,2,81.35,162.7,East,Online
6648,2024-05-26,Prod_8,2,52.32,104.64,North,Store
6649,2024-05-26,Prod_13,3,81.8,245.4,South,Online
6650,2024-05-26,Prod_8,2,49.91,99.82,North,Store
6651,2024-05-26,Prod_5,4,36.66,146.64,South,Online
6652,2024-05-26,Prod_5,2,72.87,145.74,East,Online
6653,2024-05-26,Prod_9,3,25.33,75.99,South,Store
6654,2024-05-26,Prod_8,2,100.11,200.22,North,Store
6655,2024-05-26,Prod_7,1,70.75,70.75,East,Online
6656,2024-05-26,Prod_11,1,59.47,59.47,South,Online
6657,2024-05-26,Prod_12,2,94.55,189.1,South,Online
6658,2024-05-26,Prod_3,1,68.06,68.06,East,Store
6659,2024-05-26,Prod_3,3,34.18,102.54,North,Online
6660,2024-05-26,Prod_9,1,104.54,104.54,North,Online
6661,2024-05-26,Prod_10,3,61.58,184.74,East,Online
6662,2024-05-26,Prod_11,3,57.86,173.58,South,Store
6663,2024-05-26,Prod_5,2,55.13,110.26,West,Online
6664,2024-05-26,Prod_3,3,96.91,290.73,North,Store
6665,2024-05-26,Prod_4,4,93.95,375.8,North,Online
6666,2024-05-26,Prod_2,2,66.04,132.08,North,Online
6667,2024-05-26,Prod_15,2,36.09,72.18,South,Online
6668,2024-05-26,Prod_1,1,79.59,79.59,West,Online
6669,2024-05-26,Prod_14,2,63.78,127.56,South,Online
6670,2024-05-26,Prod_7,2,70.65,141.3,South,Online
6671,2024-05-26,Prod_13,2,58.47,116.94,South,Store
6672,2024-05-26,Prod_4,3,52.11,156.33,East,Store
6673,2024-05-26,Prod_8,2,58.02,116.04,South,Store
6674,2024-05-26,Prod_13,4,97.97,391.88,South,Store
6675,2024-05-26,Prod_13,4,13.31,53.24,North,Online
6676,2024-05-26,Prod_5,4,43.45,173.8,East,Store
6677,2024-05-26,Prod_8,1,75.01,75.01,North,Online
6678,2024-05-26,Prod_3,1,10.56,10.56,South,Store
6679,2024-05-26,Prod_15,2,46.21,92.42,East,Store
6680,2024-05-26,Prod_6,3,90.2,270.6,North,Online
6681,2024-05-26,Prod_8,3,14.5,43.5,West,Store
6682,2024-05-26,Prod_4,1,51.23,51.23,North,Store
6683,2024-05-26,Prod_4,4,100.39,401.56,North,Online
6684,2024-05-26,Prod_6,2,90.04,180.08,North,Online
6685,2024-05-26,Prod_14,1,73.71,73.71,East,Store
6686,2024-05-26,Prod_14,3,59.13,177.39,North,Online
6687,2024-05-26,Prod_14,3,56.75,170.25,South,Store
6688,2024-05-26,Prod_11,1,103.47,103.47,South,Store
6689,2024-05-26,Prod_7,3,13.37,40.11,South,Online
6690,2024-05-26,Prod_9,1,81.78,81.78,North,Online
6691,2024-05-26,Prod_12,2,35.04,70.08,West,Online
6692,2024-05-26,Prod_15,1,60.4,60.4,North,Store
6693,2024-05-26,Prod_1,1,72.25,72.25,East,Store
6694,2024-05-26,Prod_11,4,75.64,302.56,West,Online
6695,2024-05-26,Prod_12,3,52.35,157.05,South,Online
6696,2024-05-26,Prod_6,3,42.57,127.71,North,Store
6697,2024-05-26,Prod_7,1,38.07,38.07,West,Store
6698,2024-05-26,Prod_12,3,10.79,32.37,South,Online
6699,2024-05-27,Prod_5,3,68.31,204.93,East,Store
6700,2024-05-27,Prod_4,4,65.39,261.56,West,Store
6701,2024-05-27,Prod_1,2,84.3,168.6,North,Online
6702,2024-05-27,Prod_7,4,46.73,186.92,South,Store
6703,2024-05-27,Prod_15,2,32.51,65.02,North,Online
6704,2024-05-27,Prod_11,1,18.16,18.16,West,Online
6705,2024-05-27,Prod_7,3,15.94,47.82,South,Store
6706,2024-05-27,Prod_10,2,39.06,78.12,South,Online
6707,2024-05-27,Prod_4,1,60.09,60.09,North,Online
6708,2024-05-27,Prod_14,1,86.24,86.24,South,Online
6709,2024-05-27,Prod_14,3,47.66,142.98,North,Online
6710,2024-05-27,Prod_1,3,41.06,123.18,North,Store
6711,2024-05-27,Prod_5,3,14.3,42.9,West,Online
6712,2024-05-27,Prod_14,1,26.46,26.46,West,Online
6713,2024-05-27,Prod_2,4,72.09,288.36,South,Online
6714,2024-05-27,Prod_8,1,78.51,78.51,South,Online
6715,2024-05-27,Prod_12,1,81.71,81.71,East,Online
6716,2024-05-27,Prod_10,2,39.02,78.04,South,Online
6717,2024-05-27,Prod_14,3,14.27,42.81,North,Online
6718,2024-05-27,Prod_11,1,66.17,66.17,East,Online
6719,2024-05-27,Prod_5,2,62.79,125.58,East,Store
6720,2024-05-27,Prod_12,4,86.23,344.92,West,Store
6721,2024-05-27,Prod_2,3,67.54,202.62,East,Online
6722,2024-05-27,Prod_10,2,93.7,187.4,South,Online
6723,2024-05-27,Prod_6,2,21.27,42.54,South,Online
6724,2024-05-27,Prod_9,3,58.59,175.77,North,Online
6725,2024-05-27,Prod_5,1,46.46,46.46,East,Online
6726,2024-05-27,Prod_5,4,67.9,271.6,North,Online
6727,2024-05-27,Prod_10,1,9.1,9.1,West,Store
6728,2024-05-27,Prod_5,4,67.11,268.44,West,Store
6729,2024-05-27,Prod_1,1,25.0,25.0,South,Online
6730,2024-05-27,Prod_15,3,35.32,105.96,West,Online
6731,2024-05-27,Prod_10,4,44.37,177.48,North,Store
6732,2024-05-27,Prod_8,2,79.85,159.7,West,Online
6733,2024-05-27,Prod_5,2,19.29,38.58,North,Store
6734,2024-05-27,Prod_10,4,41.65,166.6,East,Store
6735,2024-05-27,Prod_11,1,13.34,13.34,West,Store
6736,2024-05-27,Prod_14,1,56.52,56.52,North,Store
6737,2024-05-27,Prod_1,3,33.28,99.84,West,Online
6738,2024-05-27,Prod_5,3,68.78,206.34,South,Online
6739,2024-05-27,Prod_15,1,80.86,80.86,East,Online
6740,2024-05-27,Prod_3,4,84.98,339.92,North,Online
6741,2024-05-27,Prod_3,3,17.73,53.19,West,Store
6742,2024-05-27,Prod_10,1,49.13,49.13,North,Online
6743,2024-05-27,Prod_11,1,91.02,91.02,East,Store
6744,2024-05-27,Prod_5,1,44.61,44.61,West,Online
6745,2024-05-27,Prod_13,2,98.67,197.34,West,Store
6746,2024-05-27,Prod_7,2,61.66,123.32,South,Online
6747,2024-05-27,Prod_8,1,91.0,91.0,South,Online
6748,2024-05-27,Prod_7,4,79.48,317.92,North,Store
6749,2024-05-27,Prod_1,2,31.71,63.42,North,Store
6750,2024-05-27,Prod_15,4,99.46,397.84,South,Online
6751,2024-05-27,Prod_12,1,101.54,101.54,West,Store
6752,2024-05-27,Prod_7,2,25.93,51.86,East,Online
6753,2024-05-28,Prod_6,1,12.95,12.95,South,Store
6754,2024-05-28,Prod_2,3,83.25,249.75,North,Store
6755,2024-05-28,Prod_11,3,17.64,52.92,South,Online
6756,2024-05-28,Prod_7,4,85.83,343.32,North,Store
6757,2024-05-28,Prod_13,4,19.65,78.6,East,Store
6758,2024-05-28,Prod_6,2,20.18,40.36,South,Online
6759,2024-05-28,Prod_12,2,15.7,31.4,North,Online
6760,2024-05-28,Prod_2,1,77.3,77.3,South,Online
6761,2024-05-28,Prod_6,2,89.17,178.34,North,Online
6762,2024-05-28,Prod_15,4,101.12,404.48,South,Online
6763,2024-05-28,Prod_3,1,75.61,75.61,North,Online
6764,2024-05-28,Prod_11,4,37.43,149.72,North,Store
6765,2024-05-28,Prod_7,4,71.8,287.2,East,Online
6766,2024-05-28,Prod_12,2,76.45,152.9,North,Online
6767,2024-05-28,Prod_6,3,75.61,226.83,East,Online
6768,2024-05-28,Prod_2,4,89.62,358.48,North,Online
6769,2024-05-28,Prod_8,1,73.49,73.49,South,Online
6770,2024-05-28,Prod_12,3,46.75,140.25,West,Store
6771,2024-05-28,Prod_15,2,11.61,23.22,South,Online
6772,2024-05-28,Prod_13,1,30.63,30.63,South,Online
6773,2024-05-28,Prod_5,1,36.53,36.53,North,Online
6774,2024-05-28,Prod_10,2,7.02,14.04,East,Online
6775,2024-05-28,Prod_11,4,84.34,337.36,South,Store
6776,2024-05-28,Prod_9,1,14.84,14.84,South,Store
6777,2024-05-28,Prod_14,2,68.6,137.2,North,Online
6778,2024-05-28,Prod_13,2,71.34,142.68,North,Online
6779,2024-05-28,Prod_13,3,59.74,179.22,West,Online
6780,2024-05-28,Prod_12,4,35.62,142.48,South,Online
6781,2024-05-28,Prod_6,2,35.65,71.3,North,Store
6782,2024-05-28,Prod_2,4,54.59,218.36,East,Online
6783,2024-05-28,Prod_4,3,93.48,280.44,East,Online
6784,2024-05-28,Prod_8,1,100.99,100.99,West,Online
6785,2024-05-28,Prod_13,1,55.03,55.03,South,Online
6786,2024-05-28,Prod_10,2,35.55,71.1,West,Store
6787,2024-05-28,Prod_13,3,16.66,49.98,West,Online
6788,2024-05-28,Prod_5,2,11.72,23.44,North,Online
6789,2024-05-28,Prod_12,4,95.33,381.32,North,Online
6790,2024-05-28,Prod_5,3,98.47,295.41,South,Store
6791,2024-05-28,Prod_11,2,90.29,180.58,East,Store
6792,2024-05-28,Prod_1,2,96.43,192.86,South,Store
6793,2024-05-28,Prod_10,2,32.52,65.04,West,Store
6794,2024-05-28,Prod_11,1,46.45,46.45,West,Online
6795,2024-05-28,Prod_13,4,7.27,29.08,East,Online
6796,2024-05-28,Prod_15,4,44.55,178.2,West,Store
6797,2024-05-28,Prod_11,3,88.95,266.85,East,Online
6798,2024-05-28,Prod_6,3,25.98,77.94,North,Online
6799,2024-05-28,Prod_6,2,48.18,96.36,West,Online
6800,2024-05-28,Prod_9,3,88.08,264.24,West,Online
6801,2024-05-28,Prod_13,1,86.97,86.97,East,Store
6802,2024-05-28,Prod_3,1,60.67,60.67,South,Store
6803,2024-05-29,Prod_7,4,22.5,90.0,North,Online
6804,2024-05-29,Prod_1,1,29.82,29.82,North,Online
6805,2024-05-29,Prod_7,3,81.34,244.02,South,Online
6806,2024-05-29,Prod_6,4,43.16,172.64,North,Online
6807,2024-05-29,Prod_5,4,43.4,173.6,West,Online
6808,2024-05-29,Prod_9,1,26.93,26.93,West,Online
6809,2024-05-29,Prod_4,3,104.93,314.79,South,Online
6810,2024-05-29,Prod_4,3,32.75,98.25,East,Store
6811,2024-05-29,Prod_8,2,40.86,81.72,East,Online
6812,2024-05-29,Prod_3,2,55.89,111.78,North,Online
6813,2024-05-29,Prod_3,3,46.12,138.36,South,Store
6814,2024-05-29,Prod_3,1,22.65,22.65,West,Online
6815,2024-05-29,Prod_13,4,68.84,275.36,South,Online
6816,2024-05-29,Prod_5,2,86.47,172.94,North,Store
6817,2024-05-29,Prod_9,4,79.07,316.28,North,Store
6818,2024-05-29,Prod_5,3,9.24,27.72,West,Online
6819,2024-05-29,Prod_7,4,12.72,50.88,North,Store
6820,2024-05-29,Prod_6,1,23.57,23.57,North,Store
6821,2024-05-29,Prod_6,1,66.09,66.09,East,Online
6822,2024-05-29,Prod_1,2,35.46,70.92,West,Store
6823,2024-05-29,Prod_4,4,82.72,330.88,West,Store
6824,2024-05-29,Prod_10,2,93.16,186.32,North,Online
6825,2024-05-29,Prod_4,2,56.13,112.26,South,Online
6826,2024-05-29,Prod_5,3,90.7,272.1,South,Online
6827,2024-05-29,Prod_15,3,71.61,214.83,West,Online
6828,2024-05-29,Prod_11,1,101.69,101.69,North,Store
6829,2024-05-29,Prod_8,2,51.24,102.48,West,Online
6830,2024-05-29,Prod_11,1,83.67,83.67,North,Online
6831,2024-05-29,Prod_14,3,51.59,154.77,East,Online
6832,2024-05-30,Prod_6,3,90.29,270.87,North,Store
6833,2024-05-30,Prod_6,3,40.66,121.98,East,Online
6834,2024-05-30,Prod_6,1,91.84,91.84,West,Online
6835,2024-05-30,Prod_10,4,44.28,177.12,West,Online
6836,2024-05-30,Prod_11,4,63.37,253.48,North,Store
6837,2024-05-30,Prod_1,1,7.81,7.81,East,Online
6838,2024-05-30,Prod_2,3,34.51,103.53,North,Online
6839,2024-05-30,Prod_15,1,19.58,19.58,West,Online
6840,2024-05-30,Prod_7,3,57.38,172.14,East,Online
6841,2024-05-30,Prod_14,1,43.6,43.6,South,Online
6842,2024-05-30,Prod_2,4,36.9,147.6,West,Online
6843,2024-05-30,Prod_5,2,42.15,84.3,South,Online
6844,2024-05-30,Prod_3,4,65.3,261.2,East,Online
6845,2024-05-30,Prod_10,4,82.13,328.52,North,Online
6846,2024-05-30,Prod_1,4,75.05,300.2,North,Store
6847,2024-05-30,Prod_7,1,99.35,99.35,North,Store
6848,2024-05-30,Prod_5,2,87.48,174.96,South,Store
6849,2024-05-30,Prod_6,2,61.67,123.34,North,Online
6850,2024-05-30,Prod_12,3,95.91,287.73,North,Online
6851,2024-05-30,Prod_15,3,29.13,87.39,North,Store
6852,2024-05-30,Prod_2,1,94.8,94.8,West,Online
6853,2024-05-30,Prod_2,4,61.29,245.16,North,Store
6854,2024-05-30,Prod_7,4,16.66,66.64,West,Online
6855,2024-05-30,Prod_9,3,105.28,315.84,North,Online
6856,2024-05-30,Prod_3,2,38.33,76.66,South,Store
6857,2024-05-30,Prod_4,4,66.14,264.56,North,Online
6858,2024-05-30,Prod_6,3,79.61,238.83,East,Online
6859,2024-05-30,Prod_15,2,90.23,180.46,West,Store
6860,2024-05-30,Prod_8,3,17.95,53.85,North,Online
6861,2024-05-30,Prod_7,3,8.22,24.66,South,Online
6862,2024-05-30,Prod_6,2,58.75,117.5,North,Online
6863,2024-05-30,Prod_9,3,54.24,162.72,West,Online
6864,2024-05-30,Prod_15,2,55.77,111.54,East,Store
6865,2024-05-30,Prod_10,3,78.95,236.85,West,Store
6866,2024-05-30,Prod_7,1,6.02,6.02,West,Store
6867,2024-05-30,Prod_1,2,34.79,69.58,West,Store
6868,2024-05-30,Prod_15,2,75.74,151.48,North,Store
6869,2024-05-30,Prod_13,2,36.7,73.4,North,Store
6870,2024-05-30,Prod_10,3,47.11,141.33,East,Store
6871,2024-05-30,Prod_3,4,36.96,147.84,North,Online
6872,2024-05-30,Prod_11,4,89.81,359.24,South,Online
6873,2024-05-30,Prod_5,3,9.72,29.16,North,Online
6874,2024-05-30,Prod_14,3,26.82,80.46,West,Store
6875,2024-05-30,Prod_2,1,74.73,74.73,North,Store
6876,2024-05-30,Prod_12,1,17.34,17.34,South,Online
6877,2024-05-31,Prod_1,1,30.98,30.98,South,Online
6878,2024-05-31,Prod_2,1,64.72,64.72,North,Online
6879,2024-05-31,Prod_14,1,48.26,48.26,East,Store
6880,2024-05-31,Prod_6,1,56.83,56.83,West,Online
6881,2024-05-31,Prod_15,3,52.52,157.56,West,Online
6882,2024-05-31,Prod_2,4,72.98,291.92,East,Online
6883,2024-05-31,Prod_7,3,18.47,55.41,South,Online
6884,2024-05-31,Prod_11,3,84.58,253.74,West,Online
6885,2024-05-31,Prod_3,4,88.37,353.48,West,Store
6886,2024-05-31,Prod_10,2,90.4,180.8,East,Store
6887,2024-05-31,Prod_4,1,27.95,27.95,North,Online
6888,2024-05-31,Prod_8,2,95.32,190.64,North,Online
6889,2024-05-31,Prod_12,2,23.93,47.86,South,Store
6890,2024-05-31,Prod_10,4,26.2,104.8,North,Store
6891,2024-05-31,Prod_12,2,74.86,149.72,East,Store
6892,2024-05-31,Prod_15,1,103.08,103.08,West,Online
6893,2024-05-31,Prod_3,2,46.14,92.28,North,Store
6894,2024-05-31,Prod_13,1,30.04,30.04,North,Online
6895,2024-05-31,Prod_10,4,66.08,264.32,East,Online
6896,2024-05-31,Prod_1,3,45.86,137.58,South,Online
6897,2024-05-31,Prod_6,4,77.08,308.32,East,Online
6898,2024-05-31,Prod_13,1,56.18,56.18,East,Store
6899,2024-05-31,Prod_8,3,39.53,118.59,North,Online
6900,2024-05-31,Prod_3,3,100.22,300.66,South,Store
6901,2024-05-31,Prod_10,3,22.34,67.02,North,Online
6902,2024-05-31,Prod_10,4,8.48,33.92,South,Online
6903,2024-05-31,Prod_7,3,26.95,80.85,West,Online
6904,2024-05-31,Prod_9,4,67.97,271.88,South,Store
6905,2024-05-31,Prod_9,3,25.17,75.51,East,Online
6906,2024-05-31,Prod_9,3,82.12,246.36,East,Online
6907,2024-05-31,Prod_13,2,28.83,57.66,East,Online
6908,2024-05-31,Prod_2,1,85.36,85.36,North,Online
6909,2024-05-31,Prod_9,4,78.7,314.8,West,Online
6910,2024-05-31,Prod_8,3,99.56,298.68,North,Online
6911,2024-05-31,Prod_7,1,91.26,91.26,North,Online
6912,2024-05-31,Prod_5,3,99.2,297.6,South,Online
6913,2024-05-31,Prod_11,4,31.13,124.52,East,Online
6914,2024-05-31,Prod_15,2,16.58,33.16,South,Online
6915,2024-06-01,Prod_12,1,46.48,46.48,East,Store
6916,2024-06-01,Prod_7,1,12.34,12.34,North,Store
6917,2024-06-01,Prod_5,3,53.16,159.48,North,Online
6918,2024-06-01,Prod_13,2,36.56,73.12,North,Online
6919,2024-06-01,Prod_11,1,104.94,104.94,North,Store
6920,2024-06-01,Prod_11,3,75.01,225.03,West,Online
6921,2024-06-01,Prod_7,2,31.25,62.5,West,Online
6922,2024-06-01,Prod_1,4,62.41,249.64,North,Online
6923,2024-06-01,Prod_5,3,46.01,138.03,North,Online
6924,2024-06-01,Prod_13,2,22.17,44.34,North,Online
6925,2024-06-01,Prod_14,4,17.12,68.48,North,Online
6926,2024-06-01,Prod_1,3,25.66,76.98,South,Store
6927,2024-06-01,Prod_10,1,26.86,26.86,West,Online
6928,2024-06-01,Prod_1,2,56.02,112.04,West,Online
6929,2024-06-01,Prod_10,1,84.54,84.54,North,Online
6930,2024-06-01,Prod_2,3,44.08,132.24,East,Online
6931,2024-06-01,Prod_1,2,21.95,43.9,North,Store
6932,2024-06-01,Prod_9,1,68.55,68.55,South,Online
6933,2024-06-01,Prod_1,2,82.9,165.8,South,Online
6934,2024-06-01,Prod_6,4,18.39,73.56,West,Online
6935,2024-06-01,Prod_15,2,58.94,117.88,North,Store
6936,2024-06-01,Prod_6,3,57.41,172.23,West,Online
6937,2024-06-01,Prod_4,3,44.93,134.79,North,Store
6938,2024-06-01,Prod_7,1,66.0,66.0,South,Online
6939,2024-06-01,Prod_9,4,28.05,112.2,South,Online
6940,2024-06-02,Prod_6,1,57.87,57.87,South,Online
6941,2024-06-02,Prod_5,4,64.96,259.84,North,Store
6942,2024-06-02,Prod_5,2,57.1,114.2,West,Online
6943,2024-06-02,Prod_7,3,32.81,98.43,North,Online
6944,2024-06-02,Prod_11,2,12.14,24.28,South,Online
6945,2024-06-02,Prod_6,2,7.11,14.22,South,Online
6946,2024-06-02,Prod_9,2,80.11,160.22,West,Online
6947,2024-06-02,Prod_9,2,93.39,186.78,East,Store
6948,2024-06-02,Prod_11,3,80.8,242.4,North,Online
6949,2024-06-02,Prod_14,3,59.63,178.89,West,Store
6950,2024-06-02,Prod_12,1,48.7,48.7,West,Store
6951,2024-06-02,Prod_10,4,65.94,263.76,West,Online
6952,2024-06-02,Prod_4,1,25.59,25.59,South,Store
6953,2024-06-02,Prod_15,2,68.08,136.16,South,Store
6954,2024-06-02,Prod_10,1,56.41,56.41,North,Online
6955,2024-06-02,Prod_13,2,62.43,124.86,South,Store
6956,2024-06-02,Prod_5,4,35.94,143.76,North,Online
6957,2024-06-02,Prod_10,1,28.1,28.1,West,Store
6958,2024-06-02,Prod_11,1,84.08,84.08,West,Online
6959,2024-06-02,Prod_9,4,105.92,423.68,West,Store
6960,2024-06-02,Prod_8,2,32.57,65.14,West,Online
6961,2024-06-03,Prod_7,4,53.13,212.52,North,Store
6962,2024-06-03,Prod_4,2,52.85,105.7,South,Online
6963,2024-06-03,Prod_8,2,96.74,193.48,West,Online
6964,2024-06-03,Prod_12,2,58.22,116.44,East,Store
6965,2024-06-03,Prod_13,1,51.18,51.18,East,Online
6966,2024-06-03,Prod_6,4,39.64,158.56,East,Store
6967,2024-06-03,Prod_12,4,30.83,123.32,East,Online
6968,2024-06-03,Prod_1,1,78.16,78.16,North,Store
6969,2024-06-03,Prod_4,4,24.01,96.04,South,Store
6970,2024-06-03,Prod_1,4,36.66,146.64,South,Online
6971,2024-06-03,Prod_9,3,37.45,112.35,North,Online
6972,2024-06-03,Prod_10,3,84.58,253.74,East,Store
6973,2024-06-03,Prod_10,2,60.84,121.68,East,Online
6974,2024-06-03,Prod_8,2,43.81,87.62,East,Online
6975,2024-06-03,Prod_15,1,20.79,20.79,West,Online
6976,2024-06-03,Prod_13,2,86.91,173.82,North,Store
6977,2024-06-03,Prod_3,3,96.76,290.28,West,Online
6978,2024-06-03,Prod_7,4,27.45,109.8,East,Store
6979,2024-06-03,Prod_13,2,67.38,134.76,West,Online
6980,2024-06-03,Prod_11,3,25.76,77.28,South,Store
6981,2024-06-03,Prod_14,3,52.08,156.24,West,Online
6982,2024-06-03,Prod_5,4,24.61,98.44,South,Online
6983,2024-06-03,Prod_3,3,87.29,261.87,North,Store
6984,2024-06-03,Prod_3,2,39.54,79.08,West,Online
6985,2024-06-03,Prod_15,1,104.16,104.16,West,Online
6986,2024-06-03,Prod_10,4,31.93,127.72,West,Online
6987,2024-06-03,Prod_4,3,46.24,138.72,South,Online
6988,2024-06-03,Prod_8,1,67.99,67.99,South,Online
6989,2024-06-03,Prod_6,1,39.84,39.84,West,Online
6990,2024-06-03,Prod_8,3,30.94,92.82,North,Store
6991,2024-06-03,Prod_8,1,33.92,33.92,South,Online
6992,2024-06-03,Prod_13,2,22.79,45.58,West,Online
6993,2024-06-03,Prod_11,3,18.53,55.59,South,Online
6994,2024-06-03,Prod_15,2,104.49,208.98,South,Online
6995,2024-06-03,Prod_4,1,36.05,36.05,North,Online
6996,2024-06-03,Prod_15,3,97.24,291.72,North,Store
6997,2024-06-03,Prod_7,3,26.81,80.43,East,Store
6998,2024-06-03,Prod_4,1,32.21,32.21,North,Store
6999,2024-06-03,Prod_9,3,52.14,156.42,North,Store
7000,2024-06-03,Prod_9,4,73.06,292.24,East,Online
7001,2024-06-03,Prod_2,4,60.42,241.68,East,Store
7002,2024-06-03,Prod_8,3,17.4,52.2,South,Store
7003,2024-06-03,Prod_9,1,84.95,84.95,North,Online
7004,2024-06-03,Prod_5,4,91.23,364.92,East,Online
7005,2024-06-03,Prod_4,1,100.27,100.27,West,Online
7006,2024-06-03,Prod_5,3,94.79,284.37,South,Online
7007,2024-06-04,Prod_5,3,46.79,140.37,West,Online
7008,2024-06-04,Prod_4,1,46.86,46.86,East,Online
7009,2024-06-04,Prod_1,2,8.53,17.06,West,Online
7010,2024-06-04,Prod_3,1,82.73,82.73,North,Store
7011,2024-06-04,Prod_13,2,83.06,166.12,North,Online
7012,2024-06-04,Prod_9,1,100.55,100.55,West,Online
7013,2024-06-04,Prod_10,1,21.9,21.9,North,Online
7014,2024-06-04,Prod_14,4,11.9,47.6,West,Online
7015,2024-06-04,Prod_4,4,53.45,213.8,North,Store
7016,2024-06-04,Prod_13,2,88.41,176.82,West,Store
7017,2024-06-04,Prod_11,4,34.89,139.56,South,Store
7018,2024-06-04,Prod_10,2,58.92,117.84,North,Store
7019,2024-06-04,Prod_7,2,11.24,22.48,West,Store
7020,2024-06-04,Prod_10,2,19.31,38.62,East,Online
7021,2024-06-04,Prod_14,3,84.01,252.03,North,Online
7022,2024-06-04,Prod_12,1,38.39,38.39,East,Online
7023,2024-06-04,Prod_14,4,78.63,314.52,North,Online
7024,2024-06-04,Prod_7,2,42.32,84.64,East,Online
7025,2024-06-04,Prod_7,1,20.22,20.22,North,Store
7026,2024-06-04,Prod_6,4,67.86,271.44,West,Online
7027,2024-06-04,Prod_13,2,87.87,175.74,North,Online
7028,2024-06-04,Prod_1,4,68.77,275.08,West,Online
7029,2024-06-04,Prod_5,4,30.31,121.24,South,Store
7030,2024-06-04,Prod_7,2,69.7,139.4,West,Store
7031,2024-06-04,Prod_14,1,25.03,25.03,West,Online
7032,2024-06-04,Prod_12,2,14.2,28.4,North,Store
7033,2024-06-04,Prod_8,2,85.71,171.42,North,Online
7034,2024-06-04,Prod_8,3,94.22,282.66,North,Online
7035,2024-06-04,Prod_7,3,9.8,29.4,South,Online
7036,2024-06-04,Prod_13,1,65.61,65.61,North,Store
7037,2024-06-04,Prod_9,4,91.69,366.76,East,Online
7038,2024-06-04,Prod_3,2,48.34,96.68,North,Store
7039,2024-06-04,Prod_7,1,45.28,45.28,South,Store
7040,2024-06-04,Prod_10,2,49.06,98.12,East,Store
7041,2024-06-04,Prod_4,3,37.17,111.51,West,Online
7042,2024-06-04,Prod_15,2,20.27,40.54,South,Store
7043,2024-06-04,Prod_3,3,85.07,255.21,East,Online
7044,2024-06-04,Prod_9,3,81.87,245.61,South,Online
7045,2024-06-04,Prod_4,3,65.07,195.21,South,Store
7046,2024-06-04,Prod_7,1,9.12,9.12,East,Store
7047,2024-06-04,Prod_6,3,50.55,151.65,West,Online
7048,2024-06-04,Prod_7,2,62.16,124.32,South,Online
7049,2024-06-04,Prod_13,4,27.56,110.24,North,Online
7050,2024-06-04,Prod_3,3,75.75,227.25,West,Store
7051,2024-06-04,Prod_12,4,31.4,125.6,North,Online
7052,2024-06-04,Prod_8,4,28.72,114.88,North,Online
7053,2024-06-04,Prod_6,2,67.42,134.84,West,Online
7054,2024-06-04,Prod_3,3,16.4,49.2,North,Online
7055,2024-06-04,Prod_15,3,62.71,188.13,East,Store
7056,2024-06-04,Prod_6,1,76.62,76.62,East,Online
7057,2024-06-05,Prod_6,3,14.57,43.71,North,Online
7058,2024-06-05,Prod_1,2,91.91,183.82,East,Store
7059,2024-06-05,Prod_14,4,48.97,195.88,South,Store
7060,2024-06-05,Prod_15,2,85.72,171.44,North,Store
7061,2024-06-05,Prod_14,1,34.22,34.22,South,Store
7062,2024-06-05,Prod_4,2,42.88,85.76,East,Online
7063,2024-06-05,Prod_3,1,51.32,51.32,East,Online
7064,2024-06-05,Prod_13,2,91.22,182.44,North,Store
7065,2024-06-05,Prod_15,2,21.59,43.18,East,Store
7066,2024-06-05,Prod_12,4,95.76,383.04,North,Store
7067,2024-06-05,Prod_8,1,25.81,25.81,South,Store
7068,2024-06-05,Prod_15,3,25.15,75.45,South,Store
7069,2024-06-05,Prod_14,1,67.47,67.47,East,Store
7070,2024-06-05,Prod_7,1,96.1,96.1,East,Store
7071,2024-06-05,Prod_3,3,68.94,206.82,West,Store
7072,2024-06-05,Prod_2,2,53.96,107.92,North,Online
7073,2024-06-05,Prod_1,4,97.88,391.52,East,Online
7074,2024-06-05,Prod_11,2,47.99,95.98,North,Store
7075,2024-06-05,Prod_4,4,25.31,101.24,East,Online
7076,2024-06-05,Prod_3,2,56.97,113.94,North,Online
7077,2024-06-05,Prod_7,3,69.5,208.5,North,Online
7078,2024-06-05,Prod_8,4,14.38,57.52,North,Online
7079,2024-06-05,Prod_10,3,10.75,32.25,West,Online
7080,2024-06-05,Prod_2,2,35.22,70.44,North,Store
7081,2024-06-05,Prod_9,1,104.39,104.39,North,Online
7082,2024-06-05,Prod_11,3,43.36,130.08,North,Online
7083,2024-06-05,Prod_11,2,91.57,183.14,West,Store
7084,2024-06-05,Prod_2,1,84.03,84.03,East,Store
7085,2024-06-05,Prod_6,3,97.04,291.12,North,Store
7086,2024-06-05,Prod_8,4,95.92,383.68,West,Online
7087,2024-06-05,Prod_13,2,32.57,65.14,East,Online
7088,2024-06-05,Prod_11,3,99.42,298.26,West,Online
7089,2024-06-05,Prod_7,4,43.86,175.44,North,Online
7090,2024-06-05,Prod_3,2,54.69,109.38,North,Store
7091,2024-06-05,Prod_14,2,47.64,95.28,North,Online
7092,2024-06-05,Prod_2,1,79.37,79.37,South,Store
7093,2024-06-05,Prod_9,4,88.68,354.72,West,Store
7094,2024-06-05,Prod_14,1,37.8,37.8,North,Store
7095,2024-06-05,Prod_13,1,83.2,83.2,East,Store
7096,2024-06-05,Prod_13,4,68.21,272.84,North,Online
7097,2024-06-05,Prod_11,4,20.78,83.12,South,Online
7098,2024-06-05,Prod_1,4,49.78,199.12,East,Online
7099,2024-06-05,Prod_14,2,55.42,110.84,East,Store
7100,2024-06-05,Prod_13,2,58.5,117.0,East,Store
7101,2024-06-05,Prod_9,3,99.59,298.77,South,Online
7102,2024-06-05,Prod_5,1,42.06,42.06,South,Store
7103,2024-06-05,Prod_5,4,99.93,399.72,North,Store
7104,2024-06-05,Prod_9,3,55.59,166.77,South,Store
7105,2024-06-06,Prod_1,3,29.62,88.86,North,Online
7106,2024-06-06,Prod_11,1,76.28,76.28,South,Store
7107,2024-06-06,Prod_1,4,42.92,171.68,West,Store
7108,2024-06-06,Prod_8,1,90.41,90.41,South,Store
7109,2024-06-06,Prod_6,3,90.17,270.51,West,Store
7110,2024-06-06,Prod_8,2,103.45,206.9,East,Store
7111,2024-06-06,Prod_7,4,17.76,71.04,South,Store
7112,2024-06-06,Prod_7,4,77.83,311.32,South,Online
7113,2024-06-06,Prod_12,3,45.74,137.22,West,Online
7114,2024-06-06,Prod_2,2,58.36,116.72,West,Store
7115,2024-06-06,Prod_15,1,57.51,57.51,South,Online
7116,2024-06-06,Prod_2,3,36.49,109.47,South,Online
7117,2024-06-06,Prod_9,2,65.84,131.68,East,Online
7118,2024-06-06,Prod_7,2,79.42,158.84,West,Online
7119,2024-06-06,Prod_11,1,100.71,100.71,North,Store
7120,2024-06-06,Prod_14,4,21.47,85.88,North,Store
7121,2024-06-06,Prod_14,2,61.17,122.34,North,Store
7122,2024-06-06,Prod_13,4,67.41,269.64,North,Online
7123,2024-06-06,Prod_11,3,31.09,93.27,West,Store
7124,2024-06-06,Prod_2,1,101.3,101.3,South,Online
7125,2024-06-06,Prod_8,1,46.57,46.57,South,Online
7126,2024-06-06,Prod_3,4,69.36,277.44,North,Store
7127,2024-06-06,Prod_8,3,59.86,179.58,West,Online
7128,2024-06-07,Prod_1,3,37.45,112.35,South,Online
7129,2024-06-07,Prod_1,3,92.58,277.74,West,Store
7130,2024-06-07,Prod_9,4,81.38,325.52,South,Online
7131,2024-06-07,Prod_10,1,16.46,16.46,East,Online
7132,2024-06-07,Prod_5,4,33.49,133.96,West,Online
7133,2024-06-07,Prod_2,3,26.32,78.96,North,Store
7134,2024-06-07,Prod_7,2,33.08,66.16,West,Online
7135,2024-06-07,Prod_2,2,71.88,143.76,North,Online
7136,2024-06-07,Prod_10,2,28.91,57.82,North,Store
7137,2024-06-07,Prod_7,4,18.27,73.08,East,Online
7138,2024-06-07,Prod_2,1,13.56,13.56,East,Store
7139,2024-06-07,Prod_10,3,86.88,260.64,South,Online
7140,2024-06-07,Prod_8,1,53.4,53.4,West,Online
7141,2024-06-07,Prod_6,3,90.36,271.08,North,Store
7142,2024-06-07,Prod_5,4,98.39,393.56,North,Store
7143,2024-06-07,Prod_5,1,100.98,100.98,West,Store
7144,2024-06-07,Prod_9,2,56.56,113.12,West,Store
7145,2024-06-07,Prod_2,1,86.94,86.94,South,Online
7146,2024-06-07,Prod_14,3,76.11,228.33,South,Online
7147,2024-06-07,Prod_5,1,12.25,12.25,South,Online
7148,2024-06-07,Prod_12,2,21.21,42.42,East,Store
7149,2024-06-07,Prod_8,4,101.35,405.4,North,Online
7150,2024-06-07,Prod_11,3,80.54,241.62,North,Store
7151,2024-06-07,Prod_2,1,87.39,87.39,South,Store
7152,2024-06-07,Prod_9,1,63.18,63.18,West,Online
7153,2024-06-07,Prod_7,4,74.05,296.2,East,Online
7154,2024-06-07,Prod_14,4,16.92,67.68,East,Online
7155,2024-06-07,Prod_2,4,102.3,409.2,North,Store
7156,2024-06-07,Prod_15,2,42.39,84.78,North,Store
7157,2024-06-07,Prod_4,4,16.84,67.36,North,Online
7158,2024-06-07,Prod_14,4,18.33,73.32,West,Store
7159,2024-06-07,Prod_8,1,92.44,92.44,East,Online
7160,2024-06-07,Prod_7,4,50.94,203.76,South,Online
7161,2024-06-07,Prod_13,3,20.11,60.33,North,Online
7162,2024-06-07,Prod_11,2,34.76,69.52,North,Store
7163,2024-06-07,Prod_6,4,41.85,167.4,West,Store
7164,2024-06-07,Prod_9,4,65.89,263.56,South,Online
7165,2024-06-07,Prod_2,1,11.81,11.81,South,Online
7166,2024-06-07,Prod_11,4,22.44,89.76,West,Online
7167,2024-06-07,Prod_9,1,85.12,85.12,North,Online
7168,2024-06-07,Prod_4,3,16.77,50.31,North,Online
7169,2024-06-07,Prod_8,1,78.05,78.05,North,Online
7170,2024-06-07,Prod_11,2,31.08,62.16,South,Store
7171,2024-06-07,Prod_14,1,100.03,100.03,North,Store
7172,2024-06-07,Prod_1,4,21.25,85.0,South,Store
7173,2024-06-07,Prod_6,1,11.63,11.63,West,Online
7174,2024-06-07,Prod_8,1,15.32,15.32,West,Online
7175,2024-06-08,Prod_6,1,95.69,95.69,East,Online
7176,2024-06-08,Prod_6,3,29.09,87.27,South,Online
7177,2024-06-08,Prod_7,3,78.09,234.27,South,Online
7178,2024-06-08,Prod_1,2,79.02,158.04,West,Store
7179,2024-06-08,Prod_7,4,84.35,337.4,West,Store
7180,2024-06-08,Prod_6,1,63.78,63.78,North,Online
7181,2024-06-08,Prod_11,2,46.46,92.92,East,Online
7182,2024-06-08,Prod_3,1,95.11,95.11,East,Online
7183,2024-06-08,Prod_13,2,16.79,33.58,West,Online
7184,2024-06-08,Prod_3,4,33.11,132.44,West,Online
7185,2024-06-08,Prod_8,2,46.08,92.16,South,Store
7186,2024-06-08,Prod_2,3,35.3,105.9,West,Online
7187,2024-06-08,Prod_15,4,50.51,202.04,North,Online
7188,2024-06-08,Prod_6,1,94.4,94.4,South,Online
7189,2024-06-08,Prod_14,4,30.26,121.04,North,Store
7190,2024-06-08,Prod_11,1,91.08,91.08,East,Online
7191,2024-06-08,Prod_14,2,34.93,69.86,South,Online
7192,2024-06-08,Prod_13,4,49.28,197.12,West,Online
7193,2024-06-08,Prod_8,4,28.62,114.48,West,Online
7194,2024-06-08,Prod_14,1,44.18,44.18,West,Store
7195,2024-06-08,Prod_3,3,44.09,132.27,East,Online
7196,2024-06-08,Prod_9,3,36.79,110.37,West,Store
7197,2024-06-09,Prod_6,2,36.89,73.78,North,Online
7198,2024-06-09,Prod_10,4,28.53,114.12,East,Store
7199,2024-06-09,Prod_5,3,101.84,305.52,West,Online
7200,2024-06-09,Prod_7,2,92.31,184.62,North,Online
7201,2024-06-09,Prod_7,1,79.73,79.73,West,Store
7202,2024-06-09,Prod_15,4,76.43,305.72,West,Online
7203,2024-06-09,Prod_3,4,24.94,99.76,East,Store
7204,2024-06-09,Prod_1,1,37.11,37.11,East,Online
7205,2024-06-09,Prod_14,4,62.68,250.72,East,Online
7206,2024-06-09,Prod_15,2,15.97,31.94,West,Online
7207,2024-06-09,Prod_2,4,36.2,144.8,South,Online
7208,2024-06-09,Prod_13,3,56.52,169.56,South,Online
7209,2024-06-09,Prod_1,1,36.8,36.8,East,Store
7210,2024-06-09,Prod_10,4,40.26,161.04,North,Online
7211,2024-06-09,Prod_2,2,67.26,134.52,North,Store
7212,2024-06-09,Prod_1,2,7.84,15.68,East,Online
7213,2024-06-09,Prod_12,1,101.88,101.88,South,Online
7214,2024-06-09,Prod_2,3,98.15,294.45,South,Store
7215,2024-06-09,Prod_13,4,74.79,299.16,South,Store
7216,2024-06-09,Prod_12,1,32.65,32.65,North,Online
7217,2024-06-09,Prod_8,4,17.01,68.04,South,Store
7218,2024-06-09,Prod_2,3,37.01,111.03,West,Online
7219,2024-06-09,Prod_2,3,62.52,187.56,East,Online
7220,2024-06-09,Prod_12,2,67.07,134.14,North,Online
7221,2024-06-09,Prod_6,3,70.09,210.27,South,Store
7222,2024-06-09,Prod_6,3,8.95,26.85,West,Store
7223,2024-06-09,Prod_11,3,58.03,174.09,South,Store
7224,2024-06-09,Prod_5,4,45.63,182.52,West,Store
7225,2024-06-09,Prod_6,4,65.47,261.88,West,Online
7226,2024-06-09,Prod_3,4,67.55,270.2,South,Store
7227,2024-06-09,Prod_8,1,72.12,72.12,West,Online
7228,2024-06-09,Prod_8,2,103.43,206.86,East,Online
7229,2024-06-09,Prod_1,4,22.81,91.24,North,Online
7230,2024-06-09,Prod_1,1,22.26,22.26,East,Store
7231,2024-06-09,Prod_9,3,91.15,273.45,South,Online
7232,2024-06-09,Prod_15,1,24.79,24.79,West,Store
7233,2024-06-09,Prod_8,2,31.93,63.86,North,Store
7234,2024-06-09,Prod_10,4,14.0,56.0,East,Store
7235,2024-06-09,Prod_3,1,27.65,27.65,West,Store
7236,2024-06-09,Prod_2,3,86.24,258.72,South,Store
7237,2024-06-09,Prod_8,4,91.11,364.44,West,Online
7238,2024-06-10,Prod_3,1,84.73,84.73,North,Store
7239,2024-06-10,Prod_5,2,15.15,30.3,East,Online
7240,2024-06-10,Prod_10,4,26.82,107.28,North,Online
7241,2024-06-10,Prod_10,2,68.96,137.92,South,Online
7242,2024-06-10,Prod_15,4,20.28,81.12,South,Store
7243,2024-06-10,Prod_7,3,36.38,109.14,West,Online
7244,2024-06-10,Prod_9,1,12.59,12.59,West,Online
7245,2024-06-10,Prod_6,4,10.14,40.56,North,Store
7246,2024-06-10,Prod_2,4,15.93,63.72,North,Store
7247,2024-06-10,Prod_6,3,44.57,133.71,North,Store
7248,2024-06-10,Prod_15,1,35.2,35.2,South,Online
7249,2024-06-10,Prod_9,3,44.43,133.29,East,Online
7250,2024-06-10,Prod_10,1,89.9,89.9,South,Online
7251,2024-06-10,Prod_13,1,61.8,61.8,West,Store
7252,2024-06-10,Prod_10,4,21.72,86.88,West,Online
7253,2024-06-10,Prod_7,2,54.67,109.34,North,Online
7254,2024-06-10,Prod_1,1,78.16,78.16,West,Store
7255,2024-06-10,Prod_4,2,42.47,84.94,West,Online
7256,2024-06-10,Prod_3,2,18.78,37.56,North,Online
7257,2024-06-10,Prod_8,3,91.3,273.9,West,Online
7258,2024-06-10,Prod_12,2,80.78,161.56,South,Online
7259,2024-06-10,Prod_11,3,34.44,103.32,North,Online
7260,2024-06-10,Prod_13,3,30.69,92.07,North,Online
7261,2024-06-10,Prod_10,4,91.17,364.68,West,Store
7262,2024-06-10,Prod_10,1,16.29,16.29,South,Online
7263,2024-06-10,Prod_6,3,27.17,81.51,West,Online
7264,2024-06-10,Prod_8,3,93.1,279.3,South,Store
7265,2024-06-10,Prod_9,3,87.05,261.15,West,Online
7266,2024-06-10,Prod_6,2,82.33,164.66,East,Store
7267,2024-06-10,Prod_13,2,24.15,48.3,South,Store
7268,2024-06-10,Prod_13,2,30.84,61.68,North,Online
7269,2024-06-10,Prod_5,2,73.28,146.56,North,Online
7270,2024-06-10,Prod_12,1,11.94,11.94,West,Store
7271,2024-06-10,Prod_11,4,94.19,376.76,North,Store
7272,2024-06-10,Prod_5,2,81.02,162.04,East,Online
7273,2024-06-10,Prod_9,2,23.22,46.44,South,Online
7274,2024-06-10,Prod_15,4,13.54,54.16,East,Online
7275,2024-06-10,Prod_9,1,43.33,43.33,South,Online
7276,2024-06-10,Prod_6,1,9.24,9.24,North,Store
7277,2024-06-10,Prod_7,4,23.17,92.68,East,Store
7278,2024-06-10,Prod_1,1,19.22,19.22,North,Online
7279,2024-06-10,Prod_4,4,90.33,361.32,South,Online
7280,2024-06-11,Prod_13,4,18.29,73.16,North,Store
7281,2024-06-11,Prod_3,4,67.34,269.36,East,Online
7282,2024-06-11,Prod_11,3,89.34,268.02,West,Online
7283,2024-06-11,Prod_6,1,98.96,98.96,South,Online
7284,2024-06-11,Prod_2,4,12.2,48.8,East,Store
7285,2024-06-11,Prod_2,3,26.39,79.17,South,Online
7286,2024-06-11,Prod_4,3,33.73,101.19,West,Store
7287,2024-06-11,Prod_5,3,74.32,222.96,West,Online
7288,2024-06-11,Prod_6,2,53.42,106.84,East,Online
7289,2024-06-11,Prod_14,1,84.31,84.31,East,Online
7290,2024-06-11,Prod_4,4,103.92,415.68,West,Store
7291,2024-06-11,Prod_9,2,44.99,89.98,North,Store
7292,2024-06-11,Prod_3,3,94.48,283.44,North,Store
7293,2024-06-11,Prod_12,3,72.07,216.21,West,Online
7294,2024-06-11,Prod_15,1,24.67,24.67,North,Online
7295,2024-06-11,Prod_5,1,39.97,39.97,North,Online
7296,2024-06-11,Prod_11,1,101.17,101.17,South,Store
7297,2024-06-11,Prod_10,2,74.29,148.58,East,Store
7298,2024-06-11,Prod_15,3,38.48,115.44,West,Online
7299,2024-06-11,Prod_15,4,80.24,320.96,West,Store
7300,2024-06-11,Prod_3,3,78.77,236.31,South,Store
7301,2024-06-11,Prod_14,2,17.34,34.68,South,Online
7302,2024-06-11,Prod_4,1,90.47,90.47,North,Store
7303,2024-06-11,Prod_11,4,102.53,410.12,South,Store
7304,2024-06-11,Prod_10,4,56.06,224.24,North,Online
7305,2024-06-11,Prod_12,1,55.02,55.02,East,Online
7306,2024-06-11,Prod_2,1,14.7,14.7,North,Store
7307,2024-06-11,Prod_11,4,78.72,314.88,East,Store
7308,2024-06-11,Prod_12,1,69.23,69.23,South,Online
7309,2024-06-11,Prod_15,1,50.97,50.97,North,Online
7310,2024-06-11,Prod_10,3,13.29,39.87,West,Store
7311,2024-06-11,Prod_15,4,15.83,63.32,West,Store
7312,2024-06-11,Prod_11,3,71.82,215.46,North,Store
7313,2024-06-11,Prod_5,2,57.56,115.12,West,Online
7314,2024-06-11,Prod_14,3,83.5,250.5,North,Store
7315,2024-06-11,Prod_13,3,38.38,115.14,West,Online
7316,2024-06-11,Prod_14,4,29.75,119.0,South,Online
7317,2024-06-11,Prod_1,3,97.29,291.87,South,Store
7318,2024-06-11,Prod_3,3,16.41,49.23,West,Online
7319,2024-06-11,Prod_4,2,107.25,214.5,South,Online
7320,2024-06-11,Prod_7,4,14.46,57.84,East,Online
7321,2024-06-11,Prod_10,2,47.9,95.8,South,Store
7322,2024-06-11,Prod_3,2,80.68,161.36,South,Store
7323,2024-06-11,Prod_15,4,12.66,50.64,North,Online
7324,2024-06-11,Prod_12,1,54.12,54.12,South,Store
7325,2024-06-11,Prod_2,2,31.15,62.3,West,Online
7326,2024-06-12,Prod_9,1,19.68,19.68,East,Online
7327,2024-06-12,Prod_4,3,93.72,281.16,East,Store
7328,2024-06-12,Prod_8,3,75.07,225.21,North,Online
7329,2024-06-12,Prod_3,2,59.37,118.74,South,Store
7330,2024-06-12,Prod_13,2,57.97,115.94,South,Store
7331,2024-06-12,Prod_7,2,75.44,150.88,East,Online
7332,2024-06-12,Prod_4,4,101.12,404.48,West,Store
7333,2024-06-12,Prod_9,2,98.81,197.62,West,Store
7334,2024-06-12,Prod_5,4,77.36,309.44,South,Online
7335,2024-06-12,Prod_1,2,70.11,140.22,South,Store
7336,2024-06-12,Prod_6,3,39.55,118.65,North,Online
7337,2024-06-12,Prod_11,3,47.14,141.42,North,Online
7338,2024-06-12,Prod_12,2,30.26,60.52,North,Store
7339,2024-06-12,Prod_8,3,102.1,306.3,North,Online
7340,2024-06-12,Prod_7,1,64.26,64.26,North,Online
7341,2024-06-12,Prod_7,3,40.08,120.24,South,Store
7342,2024-06-12,Prod_12,4,45.32,181.28,North,Online
7343,2024-06-12,Prod_10,1,10.98,10.98,South,Online
7344,2024-06-12,Prod_8,1,75.54,75.54,West,Online
7345,2024-06-12,Prod_13,3,98.48,295.44,North,Store
7346,2024-06-12,Prod_7,1,94.55,94.55,North,Online
7347,2024-06-12,Prod_6,4,69.72,278.88,North,Store
7348,2024-06-12,Prod_4,4,59.29,237.16,North,Online
7349,2024-06-12,Prod_3,4,23.3,93.2,South,Online
7350,2024-06-12,Prod_12,1,57.59,57.59,South,Online
7351,2024-06-12,Prod_1,1,10.58,10.58,North,Online
7352,2024-06-12,Prod_6,3,7.4,22.2,South,Online
7353,2024-06-12,Prod_6,3,70.4,211.2,West,Online
7354,2024-06-12,Prod_4,1,16.63,16.63,North,Store
7355,2024-06-12,Prod_3,3,83.94,251.82,West,Store
7356,2024-06-12,Prod_5,2,91.21,182.42,South,Online
7357,2024-06-12,Prod_6,3,93.0,279.0,West,Online
7358,2024-06-12,Prod_15,4,54.1,216.4,East,Online
7359,2024-06-12,Prod_2,1,40.78,40.78,West,Store
7360,2024-06-12,Prod_10,2,22.71,45.42,North,Store
7361,2024-06-12,Prod_8,3,63.83,191.49,North,Online
7362,2024-06-12,Prod_11,4,66.79,267.16,North,Online
7363,2024-06-12,Prod_1,1,13.06,13.06,North,Store
7364,2024-06-13,Prod_4,1,64.05,64.05,South,Online
7365,2024-06-13,Prod_6,2,29.19,58.38,West,Online
7366,2024-06-13,Prod_13,3,11.9,35.7,East,Online
7367,2024-06-13,Prod_3,1,20.6,20.6,East,Online
7368,2024-06-13,Prod_12,1,65.92,65.92,North,Online
7369,2024-06-13,Prod_4,2,82.12,164.24,East,Online
7370,2024-06-13,Prod_9,3,47.75,143.25,North,Online
7371,2024-06-13,Prod_2,2,48.73,97.46,South,Online
7372,2024-06-13,Prod_6,2,31.11,62.22,North,Store
7373,2024-06-13,Prod_5,1,22.34,22.34,West,Online
7374,2024-06-13,Prod_4,1,84.36,84.36,East,Store
7375,2024-06-13,Prod_3,4,73.96,295.84,North,Online
7376,2024-06-13,Prod_14,3,62.19,186.57,West,Online
7377,2024-06-13,Prod_2,4,62.24,248.96,North,Store
7378,2024-06-13,Prod_14,2,52.58,105.16,South,Online
7379,2024-06-13,Prod_9,4,74.85,299.4,West,Store
7380,2024-06-13,Prod_2,4,91.25,365.0,North,Store
7381,2024-06-13,Prod_13,4,38.25,153.0,South,Store
7382,2024-06-13,Prod_12,4,101.84,407.36,South,Store
7383,2024-06-13,Prod_15,4,92.27,369.08,East,Store
7384,2024-06-13,Prod_7,2,37.37,74.74,West,Store
7385,2024-06-13,Prod_15,3,10.3,30.9,East,Online
7386,2024-06-13,Prod_4,2,65.46,130.92,North,Online
7387,2024-06-13,Prod_4,1,15.59,15.59,East,Online
7388,2024-06-13,Prod_12,3,45.12,135.36,West,Store
7389,2024-06-13,Prod_13,2,54.1,108.2,South,Online
7390,2024-06-14,Prod_13,3,54.59,163.77,East,Online
7391,2024-06-14,Prod_1,3,50.13,150.39,East,Store
7392,2024-06-14,Prod_15,2,57.89,115.78,South,Store
7393,2024-06-14,Prod_9,4,39.83,159.32,North,Store
7394,2024-06-14,Prod_7,4,7.03,28.12,South,Online
7395,2024-06-14,Prod_5,4,21.64,86.56,West,Store
7396,2024-06-14,Prod_15,4,104.07,416.28,South,Store
7397,2024-06-14,Prod_2,3,91.23,273.69,South,Online
7398,2024-06-14,Prod_1,4,12.4,49.6,West,Online
7399,2024-06-14,Prod_9,2,102.31,204.62,East,Online
7400,2024-06-14,Prod_14,2,37.78,75.56,North,Online
7401,2024-06-14,Prod_10,2,28.31,56.62,South,Store
7402,2024-06-14,Prod_10,4,47.89,191.56,West,Online
7403,2024-06-14,Prod_9,2,48.85,97.7,West,Online
7404,2024-06-14,Prod_4,1,104.25,104.25,East,Store
7405,2024-06-14,Prod_10,3,71.88,215.64,North,Store
7406,2024-06-14,Prod_6,1,18.58,18.58,West,Online
7407,2024-06-14,Prod_5,1,37.44,37.44,West,Store
7408,2024-06-14,Prod_7,1,43.57,43.57,East,Store
7409,2024-06-14,Prod_9,1,43.27,43.27,East,Online
7410,2024-06-14,Prod_10,4,33.16,132.64,West,Store
7411,2024-06-14,Prod_8,3,83.9,251.7,North,Online
7412,2024-06-14,Prod_10,3,80.83,242.49,West,Online
7413,2024-06-14,Prod_1,4,27.93,111.72,North,Online
7414,2024-06-14,Prod_1,4,58.68,234.72,South,Store
7415,2024-06-14,Prod_11,1,23.24,23.24,North,Online
7416,2024-06-14,Prod_12,2,34.66,69.32,West,Store
7417,2024-06-14,Prod_1,4,25.63,102.52,South,Online
7418,2024-06-14,Prod_8,1,69.43,69.43,South,Store
7419,2024-06-14,Prod_6,4,11.66,46.64,West,Online
7420,2024-06-14,Prod_14,4,70.58,282.32,North,Online
7421,2024-06-14,Prod_5,2,83.86,167.72,North,Store
7422,2024-06-14,Prod_1,2,100.97,201.94,North,Store
7423,2024-06-14,Prod_15,4,30.56,122.24,North,Online
7424,2024-06-14,Prod_9,3,89.64,268.92,North,Store
7425,2024-06-14,Prod_13,4,79.02,316.08,North,Online
7426,2024-06-14,Prod_10,4,76.73,306.92,East,Store
7427,2024-06-14,Prod_12,1,79.95,79.95,East,Store
7428,2024-06-14,Prod_14,4,56.07,224.28,North,Store
7429,2024-06-14,Prod_9,4,45.86,183.44,West,Online
7430,2024-06-14,Prod_13,2,97.59,195.18,East,Store
7431,2024-06-14,Prod_2,4,61.96,247.84,North,Store
7432,2024-06-14,Prod_14,3,63.61,190.83,South,Online
7433,2024-06-14,Prod_8,1,69.56,69.56,West,Online
7434,2024-06-14,Prod_7,1,44.63,44.63,West,Online
7435,2024-06-14,Prod_3,3,74.71,224.13,South,Store
7436,2024-06-14,Prod_2,4,31.22,124.88,North,Online
7437,2024-06-14,Prod_4,3,98.55,295.65,East,Store
7438,2024-06-14,Prod_10,3,34.41,103.23,North,Store
7439,2024-06-14,Prod_11,3,61.76,185.28,South,Online
7440,2024-06-14,Prod_1,2,67.23,134.46,East,Store
7441,2024-06-14,Prod_11,2,93.48,186.96,South,Online
7442,2024-06-14,Prod_4,4,105.09,420.36,West,Online
7443,2024-06-14,Prod_5,2,80.19,160.38,West,Online
7444,2024-06-14,Prod_1,1,54.68,54.68,North,Online
7445,2024-06-15,Prod_10,2,74.69,149.38,East,Online
7446,2024-06-15,Prod_3,2,94.89,189.78,East,Store
7447,2024-06-15,Prod_6,4,62.49,249.96,West,Online
7448,2024-06-15,Prod_7,2,93.09,186.18,South,Online
7449,2024-06-15,Prod_4,1,22.71,22.71,East,Store
7450,2024-06-15,Prod_15,4,51.97,207.88,North,Store
7451,2024-06-15,Prod_12,1,30.55,30.55,South,Online
7452,2024-06-15,Prod_13,2,82.95,165.9,West,Online
7453,2024-06-15,Prod_2,1,87.08,87.08,East,Store
7454,2024-06-15,Prod_14,1,96.99,96.99,North,Online
7455,2024-06-15,Prod_5,4,19.67,78.68,East,Online
7456,2024-06-15,Prod_9,3,67.24,201.72,North,Online
7457,2024-06-15,Prod_7,1,96.43,96.43,West,Online
7458,2024-06-15,Prod_3,2,69.75,139.5,North,Online
7459,2024-06-15,Prod_10,2,31.99,63.98,West,Online
7460,2024-06-15,Prod_9,1,51.91,51.91,East,Store
7461,2024-06-15,Prod_9,1,16.21,16.21,East,Online
7462,2024-06-15,Prod_7,1,68.85,68.85,North,Online
7463,2024-06-15,Prod_2,1,53.97,53.97,West,Online
7464,2024-06-15,Prod_7,3,73.21,219.63,West,Online
7465,2024-06-15,Prod_7,1,65.3,65.3,South,Online
7466,2024-06-15,Prod_10,2,32.47,64.94,South,Online
7467,2024-06-15,Prod_11,1,34.94,34.94,South,Store
7468,2024-06-15,Prod_3,3,38.17,114.51,South,Store
7469,2024-06-15,Prod_12,4,73.13,292.52,North,Online
7470,2024-06-15,Prod_10,3,86.99,260.97,West,Online
7471,2024-06-15,Prod_5,1,91.04,91.04,West,Online
7472,2024-06-15,Prod_11,1,102.85,102.85,North,Online
7473,2024-06-15,Prod_4,3,63.59,190.77,North,Online
7474,2024-06-15,Prod_4,4,60.97,243.88,West,Store
7475,2024-06-15,Prod_15,4,67.77,271.08,West,Online
7476,2024-06-15,Prod_12,3,95.89,287.67,South,Store
7477,2024-06-15,Prod_4,2,44.89,89.78,West,Store
7478,2024-06-15,Prod_6,4,89.47,357.88,South,Online
7479,2024-06-16,Prod_2,3,17.0,51.0,South,Online
7480,2024-06-16,Prod_4,1,106.08,106.08,North,Store
7481,2024-06-16,Prod_1,3,25.53,76.59,West,Online
7482,2024-06-16,Prod_7,3,81.1,243.3,West,Online
7483,2024-06-16,Prod_3,4,99.4,397.6,South,Store
7484,2024-06-16,Prod_15,2,43.64,87.28,South,Online
7485,2024-06-16,Prod_13,3,20.73,62.19,North,Online
7486,2024-06-16,Prod_15,1,63.43,63.43,South,Online
7487,2024-06-16,Prod_15,1,12.32,12.32,East,Online
7488,2024-06-16,Prod_12,3,67.83,203.49,South,Online
7489,2024-06-16,Prod_15,2,40.86,81.72,South,Store
7490,2024-06-16,Prod_12,1,33.66,33.66,West,Store
7491,2024-06-16,Prod_13,2,56.3,112.6,North,Store
7492,2024-06-16,Prod_15,3,55.51,166.53,South,Online
7493,2024-06-16,Prod_5,3,15.67,47.01,South,Online
7494,2024-06-16,Prod_8,4,31.05,124.2,West,Online
7495,2024-06-16,Prod_11,2,46.23,92.46,South,Online
7496,2024-06-16,Prod_5,2,26.58,53.16,South,Store
7497,2024-06-16,Prod_12,1,86.02,86.02,West,Store
7498,2024-06-16,Prod_9,1,65.3,65.3,West,Online
7499,2024-06-16,Prod_10,2,37.53,75.06,South,Online
7500,2024-06-16,Prod_4,1,74.46,74.46,South,Online
7501,2024-06-16,Prod_3,4,36.08,144.32,North,Online
7502,2024-06-16,Prod_14,2,59.64,119.28,North,Store
7503,2024-06-16,Prod_9,4,42.24,168.96,West,Online
7504,2024-06-16,Prod_15,4,36.31,145.24,East,Online
7505,2024-06-16,Prod_9,1,95.1,95.1,North,Online
7506,2024-06-16,Prod_10,1,90.3,90.3,South,Online
7507,2024-06-16,Prod_6,3,25.52,76.56,North,Store
7508,2024-06-16,Prod_12,4,79.71,318.84,North,Online
7509,2024-06-16,Prod_7,4,32.14,128.56,East,Online
7510,2024-06-16,Prod_12,4,42.12,168.48,West,Online
7511,2024-06-16,Prod_14,3,28.54,85.62,South,Online
7512,2024-06-16,Prod_11,1,53.54,53.54,North,Store
7513,2024-06-16,Prod_10,4,77.25,309.0,South,Online
7514,2024-06-16,Prod_1,2,26.41,52.82,East,Store
7515,2024-06-16,Prod_12,1,8.43,8.43,North,Online
7516,2024-06-17,Prod_1,3,17.56,52.68,North,Store
7517,2024-06-17,Prod_7,3,24.48,73.44,North,Online
7518,2024-06-17,Prod_15,4,58.06,232.24,East,Online
7519,2024-06-17,Prod_12,2,11.31,22.62,North,Online
7520,2024-06-17,Prod_15,2,20.82,41.64,West,Store
7521,2024-06-17,Prod_8,4,100.38,401.52,South,Store
7522,2024-06-17,Prod_14,2,44.25,88.5,East,Store
7523,2024-06-17,Prod_12,2,75.39,150.78,North,Store
7524,2024-06-17,Prod_12,2,67.29,134.58,East,Online
7525,2024-06-17,Prod_6,1,72.26,72.26,North,Online
7526,2024-06-17,Prod_3,2,66.89,133.78,North,Online
7527,2024-06-17,Prod_2,2,54.04,108.08,West,Online
7528,2024-06-17,Prod_14,2,82.1,164.2,South,Store
7529,2024-06-17,Prod_3,3,86.1,258.3,South,Store
7530,2024-06-17,Prod_4,2,73.2,146.4,North,Store
7531,2024-06-17,Prod_3,3,48.62,145.86,East,Online
7532,2024-06-17,Prod_4,3,78.38,235.14,North,Store
7533,2024-06-17,Prod_12,4,64.79,259.16,North,Online
7534,2024-06-17,Prod_7,2,93.99,187.98,West,Store
7535,2024-06-17,Prod_13,2,47.05,94.1,North,Store
7536,2024-06-17,Prod_2,3,103.87,311.61,North,Online
7537,2024-06-17,Prod_3,1,27.22,27.22,North,Online
7538,2024-06-17,Prod_13,2,30.41,60.82,South,Online
7539,2024-06-17,Prod_15,3,40.66,121.98,East,Online
7540,2024-06-17,Prod_9,1,75.65,75.65,East,Online
7541,2024-06-17,Prod_14,2,39.83,79.66,South,Online
7542,2024-06-17,Prod_5,4,43.37,173.48,North,Online
7543,2024-06-17,Prod_2,4,86.06,344.24,North,Store
7544,2024-06-17,Prod_9,4,106.72,426.88,South,Online
7545,2024-06-17,Prod_1,3,52.14,156.42,South,Online
7546,2024-06-17,Prod_10,3,88.84,266.52,South,Store
7547,2024-06-17,Prod_15,1,60.3,60.3,South,Online
7548,2024-06-17,Prod_3,2,87.09,174.18,West,Store
7549,2024-06-17,Prod_14,3,81.9,245.7,North,Store
7550,2024-06-17,Prod_6,3,83.73,251.19,East,Online
7551,2024-06-17,Prod_1,2,49.98,99.96,North,Store
7552,2024-06-17,Prod_3,3,47.62,142.86,North,Online
7553,2024-06-17,Prod_3,2,89.7,179.4,East,Store
7554,2024-06-17,Prod_4,1,35.84,35.84,North,Online
7555,2024-06-17,Prod_7,2,6.41,12.82,East,Online
7556,2024-06-17,Prod_1,3,61.48,184.44,East,Online
7557,2024-06-18,Prod_2,3,45.77,137.31,North,Online
7558,2024-06-18,Prod_1,1,50.93,50.93,East,Store
7559,2024-06-18,Prod_5,1,18.04,18.04,North,Store
7560,2024-06-18,Prod_9,2,52.78,105.56,North,Store
7561,2024-06-18,Prod_1,2,15.3,30.6,South,Store
7562,2024-06-18,Prod_12,2,100.02,200.04,West,Online
7563,2024-06-18,Prod_12,4,85.08,340.32,South,Store
7564,2024-06-18,Prod_3,3,59.22,177.66,South,Store
7565,2024-06-18,Prod_13,4,35.35,141.4,East,Store
7566,2024-06-18,Prod_7,4,48.49,193.96,North,Online
7567,2024-06-18,Prod_1,1,16.57,16.57,South,Online
7568,2024-06-18,Prod_11,4,46.39,185.56,South,Store
7569,2024-06-18,Prod_3,2,75.94,151.88,West,Online
7570,2024-06-18,Prod_9,2,42.61,85.22,South,Online
7571,2024-06-18,Prod_15,2,54.09,108.18,South,Online
7572,2024-06-18,Prod_8,1,62.43,62.43,North,Store
7573,2024-06-18,Prod_7,4,77.68,310.72,South,Online
7574,2024-06-18,Prod_2,3,75.64,226.92,West,Online
7575,2024-06-18,Prod_9,1,46.41,46.41,West,Store
7576,2024-06-18,Prod_11,4,80.79,323.16,West,Online
7577,2024-06-18,Prod_6,4,90.16,360.64,West,Store
7578,2024-06-18,Prod_4,3,83.57,250.71,East,Store
7579,2024-06-18,Prod_5,4,80.05,320.2,South,Store
7580,2024-06-18,Prod_12,4,68.44,273.76,South,Store
7581,2024-06-18,Prod_2,4,55.61,222.44,East,Store
7582,2024-06-18,Prod_4,3,42.55,127.65,North,Store
7583,2024-06-18,Prod_6,4,44.2,176.8,West,Online
7584,2024-06-18,Prod_4,1,82.62,82.62,North,Online
7585,2024-06-18,Prod_9,4,61.17,244.68,North,Online
7586,2024-06-18,Prod_12,3,68.7,206.1,South,Online
7587,2024-06-18,Prod_15,3,69.53,208.59,West,Online
7588,2024-06-18,Prod_11,4,106.36,425.44,South,Online
7589,2024-06-18,Prod_9,3,97.85,293.55,North,Online
7590,2024-06-18,Prod_11,3,88.92,266.76,North,Online
7591,2024-06-18,Prod_6,1,97.66,97.66,East,Online
7592,2024-06-18,Prod_11,4,63.08,252.32,West,Online
7593,2024-06-18,Prod_4,1,53.73,53.73,North,Store
7594,2024-06-18,Prod_10,3,34.42,103.26,West,Online
7595,2024-06-18,Prod_5,3,25.18,75.54,West,Store
7596,2024-06-18,Prod_7,4,78.17,312.68,South,Online
7597,2024-06-18,Prod_15,3,19.57,58.71,West,Online
7598,2024-06-18,Prod_3,2,60.4,120.8,South,Store
7599,2024-06-19,Prod_12,2,94.27,188.54,South,Online
7600,2024-06-19,Prod_12,4,34.82,139.28,North,Online
7601,2024-06-19,Prod_14,4,75.32,301.28,North,Online
7602,2024-06-19,Prod_12,3,54.35,163.05,North,Store
7603,2024-06-19,Prod_1,2,80.8,161.6,West,Store
7604,2024-06-19,Prod_15,3,63.9,191.7,West,Online
7605,2024-06-19,Prod_12,1,11.09,11.09,East,Store
7606,2024-06-19,Prod_7,3,44.39,133.17,East,Store
7607,2024-06-19,Prod_11,4,58.66,234.64,South,Online
7608,2024-06-19,Prod_12,4,24.14,96.56,West,Online
7609,2024-06-19,Prod_14,3,52.59,157.77,East,Store
7610,2024-06-19,Prod_15,4,84.99,339.96,North,Online
7611,2024-06-19,Prod_12,4,74.37,297.48,East,Online
7612,2024-06-19,Prod_4,4,42.6,170.4,South,Online
7613,2024-06-19,Prod_12,3,9.12,27.36,West,Store
7614,2024-06-19,Prod_12,1,30.55,30.55,West,Store
7615,2024-06-19,Prod_9,1,39.78,39.78,South,Online
7616,2024-06-19,Prod_8,2,78.66,157.32,South,Store
7617,2024-06-19,Prod_5,4,67.75,271.0,West,Online
7618,2024-06-19,Prod_7,3,58.24,174.72,South,Store
7619,2024-06-19,Prod_3,4,75.7,302.8,West,Online
7620,2024-06-19,Prod_13,4,32.67,130.68,East,Online
7621,2024-06-19,Prod_4,4,105.88,423.52,South,Online
7622,2024-06-19,Prod_2,1,26.05,26.05,North,Online
7623,2024-06-19,Prod_6,3,83.05,249.15,South,Store
7624,2024-06-19,Prod_6,3,80.95,242.85,West,Online
7625,2024-06-19,Prod_12,4,11.67,46.68,North,Store
7626,2024-06-19,Prod_2,4,24.31,97.24,North,Store
7627,2024-06-19,Prod_9,4,28.33,113.32,West,Store
7628,2024-06-19,Prod_8,4,55.18,220.72,East,Online
7629,2024-06-19,Prod_8,1,85.53,85.53,East,Store
7630,2024-06-19,Prod_15,1,11.02,11.02,North,Store
7631,2024-06-19,Prod_15,2,75.09,150.18,South,Online
7632,2024-06-19,Prod_4,4,86.79,347.16,North,Online
7633,2024-06-19,Prod_4,4,24.33,97.32,East,Store
7634,2024-06-19,Prod_7,4,63.31,253.24,South,Store
7635,2024-06-20,Prod_13,4,82.96,331.84,North,Online
7636,2024-06-20,Prod_13,1,29.58,29.58,North,Store
7637,2024-06-20,Prod_12,1,29.53,29.53,West,Store
7638,2024-06-20,Prod_11,1,39.95,39.95,West,Store
7639,2024-06-20,Prod_13,3,47.05,141.15,East,Store
7640,2024-06-20,Prod_1,1,48.35,48.35,West,Store
7641,2024-06-20,Prod_3,1,79.75,79.75,East,Online
7642,2024-06-20,Prod_4,2,42.87,85.74,West,Online
7643,2024-06-20,Prod_10,4,57.41,229.64,West,Store
7644,2024-06-20,Prod_14,4,91.15,364.6,South,Online
7645,2024-06-20,Prod_12,2,70.05,140.1,South,Online
7646,2024-06-20,Prod_6,1,79.25,79.25,North,Online
7647,2024-06-20,Prod_3,3,58.46,175.38,West,Store
7648,2024-06-20,Prod_2,4,39.83,159.32,North,Store
7649,2024-06-20,Prod_15,1,89.25,89.25,West,Online
7650,2024-06-20,Prod_1,4,48.55,194.2,North,Online
7651,2024-06-20,Prod_12,3,101.87,305.61,South,Store
7652,2024-06-20,Prod_8,2,34.88,69.76,East,Store
7653,2024-06-20,Prod_13,3,94.55,283.65,North,Online
7654,2024-06-20,Prod_11,2,89.61,179.22,North,Online
7655,2024-06-20,Prod_5,4,41.69,166.76,East,Store
7656,2024-06-20,Prod_12,2,58.63,117.26,West,Store
7657,2024-06-20,Prod_7,1,82.41,82.41,South,Store
7658,2024-06-20,Prod_4,3,34.6,103.8,West,Online
7659,2024-06-20,Prod_5,4,85.77,343.08,West,Online
7660,2024-06-20,Prod_8,2,27.07,54.14,South,Online
7661,2024-06-20,Prod_4,3,54.56,163.68,West,Online
7662,2024-06-20,Prod_11,2,78.56,157.12,North,Store
7663,2024-06-20,Prod_15,3,77.66,232.98,East,Store
7664,2024-06-20,Prod_9,4,17.26,69.04,South,Store
7665,2024-06-20,Prod_11,1,63.79,63.79,East,Online
7666,2024-06-20,Prod_5,2,83.0,166.0,North,Online
7667,2024-06-20,Prod_9,4,88.87,355.48,East,Online
7668,2024-06-20,Prod_14,1,87.09,87.09,North,Store
7669,2024-06-20,Prod_7,4,13.69,54.76,East,Store
7670,2024-06-20,Prod_9,4,70.27,281.08,North,Store
7671,2024-06-20,Prod_7,3,61.93,185.79,North,Store
7672,2024-06-20,Prod_7,3,34.23,102.69,North,Online
7673,2024-06-20,Prod_1,2,28.93,57.86,South,Online
7674,2024-06-20,Prod_13,2,16.37,32.74,South,Online
7675,2024-06-20,Prod_13,2,73.86,147.72,South,Store
7676,2024-06-20,Prod_11,1,53.48,53.48,North,Online
7677,2024-06-20,Prod_7,3,81.69,245.07,East,Online
7678,2024-06-20,Prod_5,2,98.96,197.92,North,Online
7679,2024-06-20,Prod_7,1,100.76,100.76,West,Online
7680,2024-06-20,Prod_13,1,77.88,77.88,South,Online
7681,2024-06-20,Prod_1,2,47.29,94.58,South,Store
7682,2024-06-20,Prod_15,3,63.12,189.36,North,Online
7683,2024-06-20,Prod_3,4,25.71,102.84,South,Online
7684,2024-06-21,Prod_4,2,35.38,70.76,East,Online
7685,2024-06-21,Prod_8,1,68.19,68.19,North,Store
7686,2024-06-21,Prod_12,4,19.4,77.6,East,Store
7687,2024-06-21,Prod_14,1,12.96,12.96,North,Online
7688,2024-06-21,Prod_11,4,46.78,187.12,West,Online
7689,2024-06-21,Prod_2,2,36.41,72.82,South,Store
7690,2024-06-21,Prod_6,4,46.0,184.0,South,Online
7691,2024-06-21,Prod_13,1,34.54,34.54,South,Online
7692,2024-06-21,Prod_15,4,41.21,164.84,West,Online
7693,2024-06-21,Prod_2,2,31.69,63.38,North,Store
7694,2024-06-21,Prod_4,3,100.38,301.14,West,Store
7695,2024-06-21,Prod_11,4,60.36,241.44,East,Store
7696,2024-06-21,Prod_9,3,54.65,163.95,East,Online
7697,2024-06-21,Prod_9,4,61.33,245.32,South,Online
7698,2024-06-21,Prod_9,1,83.96,83.96,South,Online
7699,2024-06-21,Prod_12,2,18.76,37.52,North,Store
7700,2024-06-21,Prod_1,3,30.56,91.68,West,Online
7701,2024-06-21,Prod_12,3,52.35,157.05,East,Online
7702,2024-06-21,Prod_12,2,32.13,64.26,East,Store
7703,2024-06-21,Prod_2,1,84.05,84.05,North,Store
7704,2024-06-21,Prod_10,2,46.2,92.4,South,Online
7705,2024-06-21,Prod_13,3,10.37,31.11,East,Store
7706,2024-06-21,Prod_3,1,95.55,95.55,West,Online
7707,2024-06-21,Prod_2,2,94.83,189.66,North,Store
7708,2024-06-21,Prod_15,3,24.71,74.13,North,Store
7709,2024-06-21,Prod_7,2,48.3,96.6,East,Online
7710,2024-06-21,Prod_15,3,20.94,62.82,East,Online
7711,2024-06-21,Prod_13,4,94.35,377.4,West,Online
7712,2024-06-21,Prod_1,1,87.63,87.63,North,Online
7713,2024-06-21,Prod_11,2,65.15,130.3,East,Online
7714,2024-06-21,Prod_11,4,26.72,106.88,North,Online
7715,2024-06-21,Prod_11,1,84.16,84.16,West,Online
7716,2024-06-21,Prod_7,2,34.04,68.08,South,Store
7717,2024-06-21,Prod_10,4,81.85,327.4,North,Online
7718,2024-06-21,Prod_5,1,81.72,81.72,East,Store
7719,2024-06-21,Prod_10,1,65.66,65.66,South,Online
7720,2024-06-21,Prod_13,3,67.37,202.11,South,Online
7721,2024-06-21,Prod_10,2,7.03,14.06,South,Store
7722,2024-06-21,Prod_3,3,102.42,307.26,East,Online
7723,2024-06-21,Prod_12,4,86.71,346.84,East,Online
7724,2024-06-21,Prod_11,2,14.45,28.9,North,Online
7725,2024-06-21,Prod_10,4,91.84,367.36,North,Online
7726,2024-06-21,Prod_7,3,88.45,265.35,South,Online
7727,2024-06-21,Prod_12,4,70.6,282.4,West,Online
7728,2024-06-21,Prod_7,4,68.45,273.8,East,Online
7729,2024-06-21,Prod_14,1,60.18,60.18,South,Online
7730,2024-06-21,Prod_14,1,25.48,25.48,North,Online
7731,2024-06-21,Prod_5,3,71.34,214.02,East,Online
7732,2024-06-21,Prod_8,1,52.0,52.0,East,Store
7733,2024-06-21,Prod_2,4,99.2,396.8,West,Store
7734,2024-06-21,Prod_5,2,47.31,94.62,West,Store
7735,2024-06-21,Prod_10,2,91.66,183.32,West,Store
7736,2024-06-21,Prod_13,3,56.16,168.48,East,Store
7737,2024-06-22,Prod_1,2,55.72,111.44,West,Online
7738,2024-06-22,Prod_8,1,78.42,78.42,South,Online
7739,2024-06-22,Prod_14,3,100.66,301.98,South,Online
7740,2024-06-22,Prod_13,2,70.36,140.72,South,Online
7741,2024-06-22,Prod_4,3,106.59,319.77,South,Online
7742,2024-06-22,Prod_9,4,32.15,128.6,West,Online
7743,2024-06-22,Prod_1,1,9.37,9.37,North,Store
7744,2024-06-22,Prod_8,3,86.38,259.14,West,Online
7745,2024-06-22,Prod_4,4,96.4,385.6,South,Store
7746,2024-06-22,Prod_13,4,51.4,205.6,North,Online
7747,2024-06-22,Prod_8,4,79.01,316.04,West,Store
7748,2024-06-22,Prod_14,1,102.0,102.0,South,Store
7749,2024-06-22,Prod_15,2,41.29,82.58,South,Online
7750,2024-06-22,Prod_12,1,37.41,37.41,East,Store
7751,2024-06-22,Prod_12,1,9.58,9.58,East,Store
7752,2024-06-22,Prod_12,3,100.44,301.32,North,Online
7753,2024-06-22,Prod_1,4,65.66,262.64,East,Store
7754,2024-06-22,Prod_9,2,26.93,53.86,North,Store
7755,2024-06-22,Prod_7,4,28.22,112.88,South,Online
7756,2024-06-22,Prod_7,1,86.64,86.64,South,Store
7757,2024-06-22,Prod_9,4,40.02,160.08,East,Store
7758,2024-06-22,Prod_6,2,30.1,60.2,West,Store
7759,2024-06-22,Prod_14,3,39.74,119.22,East,Store
7760,2024-06-22,Prod_8,2,36.69,73.38,South,Store
7761,2024-06-22,Prod_14,1,93.05,93.05,North,Store
7762,2024-06-22,Prod_9,1,82.25,82.25,East,Store
7763,2024-06-22,Prod_8,4,15.99,63.96,North,Online
7764,2024-06-22,Prod_3,3,84.27,252.81,North,Store
7765,2024-06-23,Prod_7,1,42.36,42.36,West,Online
7766,2024-06-23,Prod_15,3,70.03,210.09,South,Store
7767,2024-06-23,Prod_15,4,39.34,157.36,South,Store
7768,2024-06-23,Prod_8,4,27.51,110.04,West,Online
7769,2024-06-23,Prod_11,3,25.98,77.94,North,Store
7770,2024-06-23,Prod_2,3,20.15,60.45,South,Store
7771,2024-06-23,Prod_4,1,59.19,59.19,East,Online
7772,2024-06-23,Prod_10,2,23.88,47.76,North,Online
7773,2024-06-23,Prod_14,3,25.87,77.61,East,Online
7774,2024-06-23,Prod_1,3,68.16,204.48,East,Store
7775,2024-06-23,Prod_1,1,88.43,88.43,East,Online
7776,2024-06-23,Prod_3,4,51.5,206.0,North,Store
7777,2024-06-23,Prod_4,4,31.2,124.8,North,Store
7778,2024-06-23,Prod_11,3,64.36,193.08,West,Online
7779,2024-06-23,Prod_8,1,84.53,84.53,South,Online
7780,2024-06-23,Prod_10,4,16.44,65.76,North,Online
7781,2024-06-23,Prod_14,4,53.22,212.88,North,Online
7782,2024-06-23,Prod_12,4,77.07,308.28,West,Online
7783,2024-06-23,Prod_7,2,72.63,145.26,West,Online
7784,2024-06-23,Prod_11,3,74.31,222.93,East,Store
7785,2024-06-23,Prod_1,1,16.3,16.3,North,Online
7786,2024-06-23,Prod_5,2,31.23,62.46,North,Online
7787,2024-06-23,Prod_3,3,56.58,169.74,South,Store
7788,2024-06-23,Prod_15,3,12.8,38.4,South,Online
7789,2024-06-23,Prod_8,1,27.46,27.46,South,Online
7790,2024-06-23,Prod_9,3,77.28,231.84,North,Online
7791,2024-06-23,Prod_5,3,73.28,219.84,South,Store
7792,2024-06-23,Prod_2,3,105.45,316.35,North,Store
7793,2024-06-23,Prod_9,3,47.72,143.16,East,Store
7794,2024-06-23,Prod_7,3,37.36,112.08,South,Online
7795,2024-06-23,Prod_12,2,46.25,92.5,North,Online
7796,2024-06-23,Prod_10,1,14.49,14.49,South,Online
7797,2024-06-23,Prod_14,4,28.52,114.08,East,Online
7798,2024-06-23,Prod_8,2,31.6,63.2,North,Store
7799,2024-06-23,Prod_3,1,74.2,74.2,South,Online
7800,2024-06-23,Prod_4,2,63.1,126.2,South,Online
7801,2024-06-23,Prod_4,4,17.35,69.4,South,Online
7802,2024-06-23,Prod_13,1,46.98,46.98,East,Online
7803,2024-06-23,Prod_4,3,20.29,60.87,South,Store
7804,2024-06-23,Prod_11,1,74.37,74.37,East,Online
7805,2024-06-23,Prod_7,3,66.16,198.48,South,Online
7806,2024-06-23,Prod_2,4,16.83,67.32,East,Online
7807,2024-06-23,Prod_4,2,103.01,206.02,West,Online
7808,2024-06-23,Prod_13,4,89.66,358.64,East,Online
7809,2024-06-23,Prod_8,4,65.52,262.08,East,Store
7810,2024-06-23,Prod_13,3,52.96,158.88,North,Store
7811,2024-06-23,Prod_15,2,64.35,128.7,South,Online
7812,2024-06-23,Prod_10,2,96.75,193.5,West,Online
7813,2024-06-23,Prod_9,2,65.78,131.56,South,Online
7814,2024-06-23,Prod_9,2,81.47,162.94,South,Store
7815,2024-06-23,Prod_11,3,89.23,267.69,West,Online
7816,2024-06-23,Prod_15,3,98.83,296.49,East,Online
7817,2024-06-23,Prod_14,4,54.87,219.48,East,Online
7818,2024-06-23,Prod_3,4,81.13,324.52,North,Online
7819,2024-06-23,Prod_12,4,38.44,153.76,West,Store
7820,2024-06-23,Prod_11,1,67.15,67.15,West,Store
7821,2024-06-23,Prod_7,2,98.33,196.66,South,Online
7822,2024-06-24,Prod_14,3,83.82,251.46,West,Online
7823,2024-06-24,Prod_8,2,66.73,133.46,West,Store
7824,2024-06-24,Prod_10,1,88.64,88.64,East,Store
7825,2024-06-24,Prod_10,4,19.28,77.12,West,Online
7826,2024-06-24,Prod_4,4,30.77,123.08,West,Online
7827,2024-06-24,Prod_9,1,106.43,106.43,South,Online
7828,2024-06-24,Prod_4,4,54.04,216.16,East,Store
7829,2024-06-24,Prod_8,2,17.37,34.74,East,Store
7830,2024-06-24,Prod_7,1,57.81,57.81,South,Online
7831,2024-06-24,Prod_7,2,92.41,184.82,South,Online
7832,2024-06-24,Prod_6,4,42.32,169.28,West,Store
7833,2024-06-24,Prod_15,2,46.57,93.14,North,Online
7834,2024-06-24,Prod_10,1,51.68,51.68,South,Store
7835,2024-06-24,Prod_5,2,48.33,96.66,North,Online
7836,2024-06-24,Prod_2,4,78.17,312.68,South,Online
7837,2024-06-24,Prod_15,2,95.05,190.1,South,Store
7838,2024-06-24,Prod_1,1,48.24,48.24,South,Online
7839,2024-06-24,Prod_8,3,65.59,196.77,North,Store
7840,2024-06-24,Prod_6,1,91.05,91.05,South,Online
7841,2024-06-24,Prod_7,1,72.44,72.44,West,Store
7842,2024-06-24,Prod_10,2,23.39,46.78,West,Store
7843,2024-06-24,Prod_2,2,90.92,181.84,East,Online
7844,2024-06-24,Prod_7,3,16.24,48.72,North,Store
7845,2024-06-24,Prod_5,4,56.24,224.96,North,Online
7846,2024-06-24,Prod_12,2,70.48,140.96,North,Online
7847,2024-06-24,Prod_5,3,21.88,65.64,South,Store
7848,2024-06-24,Prod_6,1,48.06,48.06,North,Online
7849,2024-06-24,Prod_12,4,73.18,292.72,North,Online
7850,2024-06-24,Prod_1,2,92.08,184.16,East,Store
7851,2024-06-24,Prod_11,1,100.24,100.24,West,Online
7852,2024-06-24,Prod_8,2,51.7,103.4,East,Online
7853,2024-06-24,Prod_13,1,68.36,68.36,East,Online
7854,2024-06-24,Prod_9,2,16.81,33.62,South,Store
7855,2024-06-24,Prod_3,3,95.47,286.41,East,Store
7856,2024-06-24,Prod_15,2,26.48,52.96,West,Store
7857,2024-06-24,Prod_4,4,71.66,286.64,South,Online
7858,2024-06-24,Prod_6,2,62.77,125.54,West,Store
7859,2024-06-24,Prod_14,3,52.56,157.68,North,Online
7860,2024-06-24,Prod_10,4,77.4,309.6,South,Store
7861,2024-06-24,Prod_1,1,97.97,97.97,East,Online
7862,2024-06-24,Prod_10,3,14.9,44.7,East,Online
7863,2024-06-24,Prod_12,1,67.67,67.67,South,Online
7864,2024-06-25,Prod_13,4,63.73,254.92,East,Online
7865,2024-06-25,Prod_4,1,55.53,55.53,North,Online
7866,2024-06-25,Prod_15,1,10.29,10.29,South,Online
7867,2024-06-25,Prod_10,1,36.76,36.76,South,Online
7868,2024-06-25,Prod_11,2,77.3,154.6,South,Online
7869,2024-06-25,Prod_5,2,66.2,132.4,East,Online
7870,2024-06-25,Prod_5,3,69.07,207.21,North,Online
7871,2024-06-25,Prod_10,4,85.77,343.08,North,Online
7872,2024-06-25,Prod_4,4,65.0,260.0,West,Online
7873,2024-06-25,Prod_9,3,69.78,209.34,East,Store
7874,2024-06-25,Prod_5,3,54.62,163.86,North,Store
7875,2024-06-25,Prod_10,1,22.68,22.68,South,Online
7876,2024-06-25,Prod_11,4,81.59,326.36,East,Online
7877,2024-06-25,Prod_4,1,103.12,103.12,North,Online
7878,2024-06-25,Prod_15,4,48.6,194.4,West,Online
7879,2024-06-25,Prod_14,2,66.95,133.9,South,Store
7880,2024-06-25,Prod_11,3,33.93,101.79,North,Online
7881,2024-06-25,Prod_1,4,40.53,162.12,North,Online
7882,2024-06-25,Prod_1,2,85.5,171.0,North,Store
7883,2024-06-25,Prod_3,1,11.86,11.86,South,Online
7884,2024-06-25,Prod_1,2,73.75,147.5,South,Online
7885,2024-06-25,Prod_9,2,27.7,55.4,West,Online
7886,2024-06-25,Prod_13,3,34.85,104.55,South,Online
7887,2024-06-25,Prod_5,4,38.24,152.96,West,Online
7888,2024-06-25,Prod_15,4,60.55,242.2,West,Online
7889,2024-06-25,Prod_2,1,55.89,55.89,West,Store
7890,2024-06-25,Prod_12,3,66.46,199.38,South,Store
7891,2024-06-25,Prod_11,3,44.03,132.09,West,Store
7892,2024-06-25,Prod_9,2,76.81,153.62,South,Online
7893,2024-06-25,Prod_9,2,93.23,186.46,East,Store
7894,2024-06-25,Prod_3,4,102.57,410.28,South,Online
7895,2024-06-25,Prod_5,3,70.23,210.69,West,Store
7896,2024-06-25,Prod_15,3,47.12,141.36,West,Online
7897,2024-06-25,Prod_4,1,28.82,28.82,South,Store
7898,2024-06-25,Prod_11,3,42.81,128.43,North,Online
7899,2024-06-25,Prod_15,2,89.39,178.78,South,Online
7900,2024-06-25,Prod_2,2,86.38,172.76,South,Store
7901,2024-06-25,Prod_12,1,32.82,32.82,West,Online
7902,2024-06-25,Prod_7,4,64.26,257.04,West,Online
7903,2024-06-25,Prod_15,3,92.96,278.88,West,Store
7904,2024-06-25,Prod_6,4,64.67,258.68,South,Online
7905,2024-06-25,Prod_5,4,75.93,303.72,South,Online
7906,2024-06-25,Prod_8,1,103.89,103.89,South,Store
7907,2024-06-25,Prod_13,1,29.75,29.75,East,Store
7908,2024-06-25,Prod_13,4,7.85,31.4,East,Store
7909,2024-06-25,Prod_12,1,10.73,10.73,North,Store
7910,2024-06-26,Prod_15,2,101.01,202.02,South,Store
7911,2024-06-26,Prod_2,1,90.9,90.9,West,Online
7912,2024-06-26,Prod_12,2,94.44,188.88,West,Online
7913,2024-06-26,Prod_2,2,97.65,195.3,East,Online
7914,2024-06-26,Prod_10,2,16.35,32.7,West,Store
7915,2024-06-26,Prod_15,2,39.42,78.84,North,Online
7916,2024-06-26,Prod_6,4,78.11,312.44,South,Online
7917,2024-06-26,Prod_6,1,73.43,73.43,North,Online
7918,2024-06-26,Prod_2,4,66.21,264.84,West,Online
7919,2024-06-26,Prod_2,2,96.08,192.16,West,Store
7920,2024-06-26,Prod_15,3,35.55,106.65,East,Online
7921,2024-06-26,Prod_8,1,60.24,60.24,North,Online
7922,2024-06-26,Prod_1,1,39.82,39.82,West,Store
7923,2024-06-26,Prod_12,1,29.95,29.95,West,Online
7924,2024-06-26,Prod_7,3,14.12,42.36,East,Online
7925,2024-06-26,Prod_1,3,56.34,169.02,North,Online
7926,2024-06-26,Prod_14,3,104.62,313.86,South,Online
7927,2024-06-26,Prod_7,3,26.92,80.76,West,Store
7928,2024-06-26,Prod_11,1,67.9,67.9,East,Online
7929,2024-06-26,Prod_12,3,51.96,155.88,South,Online
7930,2024-06-26,Prod_5,3,75.43,226.29,South,Store
7931,2024-06-26,Prod_5,2,70.97,141.94,North,Online
7932,2024-06-26,Prod_9,2,40.71,81.42,North,Online
7933,2024-06-26,Prod_13,1,42.03,42.03,South,Store
7934,2024-06-26,Prod_13,4,86.51,346.04,West,Store
7935,2024-06-26,Prod_2,1,37.79,37.79,North,Online
7936,2024-06-26,Prod_3,4,93.06,372.24,East,Store
7937,2024-06-26,Prod_1,3,48.85,146.55,North,Store
7938,2024-06-26,Prod_8,3,44.65,133.95,North,Store
7939,2024-06-26,Prod_2,4,62.59,250.36,West,Online
7940,2024-06-26,Prod_8,4,70.87,283.48,East,Store
7941,2024-06-26,Prod_5,4,35.42,141.68,West,Online
7942,2024-06-26,Prod_8,1,75.01,75.01,South,Online
7943,2024-06-26,Prod_14,2,16.09,32.18,North,Store
7944,2024-06-26,Prod_3,1,67.63,67.63,South,Online
7945,2024-06-26,Prod_7,2,42.44,84.88,West,Store
7946,2024-06-26,Prod_1,2,11.38,22.76,East,Online
7947,2024-06-26,Prod_12,2,49.99,99.98,East,Online
7948,2024-06-26,Prod_7,4,46.02,184.08,South,Store
7949,2024-06-26,Prod_1,2,14.89,29.78,North,Store
7950,2024-06-26,Prod_10,3,57.79,173.37,North,Online
7951,2024-06-26,Prod_9,2,54.56,109.12,South,Online
7952,2024-06-26,Prod_12,3,68.39,205.17,East,Online
7953,2024-06-26,Prod_8,1,68.44,68.44,North,Store
7954,2024-06-27,Prod_7,3,87.97,263.91,South,Online
7955,2024-06-27,Prod_9,1,46.67,46.67,South,Online
7956,2024-06-27,Prod_14,1,59.49,59.49,West,Store
7957,2024-06-27,Prod_7,4,78.57,314.28,West,Online
7958,2024-06-27,Prod_8,2,15.11,30.22,South,Store
7959,2024-06-27,Prod_9,2,95.96,191.92,South,Online
7960,2024-06-27,Prod_12,3,31.21,93.63,South,Online
7961,2024-06-27,Prod_2,4,26.44,105.76,North,Online
7962,2024-06-27,Prod_10,4,35.7,142.8,North,Online
7963,2024-06-27,Prod_12,2,43.08,86.16,West,Online
7964,2024-06-27,Prod_4,2,35.08,70.16,North,Store
7965,2024-06-27,Prod_3,1,52.02,52.02,East,Online
7966,2024-06-27,Prod_11,3,42.38,127.14,West,Store
7967,2024-06-27,Prod_7,4,78.41,313.64,North,Online
7968,2024-06-27,Prod_5,3,30.63,91.89,North,Store
7969,2024-06-27,Prod_2,4,44.75,179.0,North,Online
7970,2024-06-27,Prod_5,2,20.78,41.56,South,Online
7971,2024-06-27,Prod_4,1,74.52,74.52,West,Online
7972,2024-06-27,Prod_3,3,70.62,211.86,East,Store
7973,2024-06-27,Prod_11,1,100.06,100.06,North,Online
7974,2024-06-27,Prod_8,3,97.33,291.99,South,Store
7975,2024-06-27,Prod_10,3,73.43,220.29,West,Store
7976,2024-06-27,Prod_10,1,80.4,80.4,North,Store
7977,2024-06-27,Prod_8,4,71.58,286.32,North,Online
7978,2024-06-27,Prod_13,3,29.42,88.26,East,Store
7979,2024-06-27,Prod_4,3,49.93,149.79,West,Store
7980,2024-06-27,Prod_11,2,49.76,99.52,East,Online
7981,2024-06-27,Prod_11,4,70.79,283.16,East,Online
7982,2024-06-27,Prod_3,2,89.15,178.3,East,Online
7983,2024-06-27,Prod_14,2,70.79,141.58,West,Online
7984,2024-06-27,Prod_1,2,20.76,41.52,North,Store
7985,2024-06-27,Prod_1,4,16.71,66.84,South,Store
7986,2024-06-27,Prod_8,2,25.23,50.46,East,Store
7987,2024-06-27,Prod_7,2,20.86,41.72,East,Online
7988,2024-06-27,Prod_2,4,78.71,314.84,North,Store
7989,2024-06-27,Prod_14,4,56.9,227.6,North,Store
7990,2024-06-27,Prod_10,4,10.66,42.64,South,Store
7991,2024-06-27,Prod_14,1,13.41,13.41,North,Store
7992,2024-06-27,Prod_6,2,16.93,33.86,North,Online
7993,2024-06-27,Prod_11,2,26.9,53.8,South,Online
7994,2024-06-27,Prod_11,1,33.26,33.26,West,Store
7995,2024-06-28,Prod_8,2,93.46,186.92,East,Store
7996,2024-06-28,Prod_10,4,65.61,262.44,South,Online
7997,2024-06-28,Prod_7,3,43.84,131.52,East,Online
7998,2024-06-28,Prod_8,4,102.88,411.52,North,Store
7999,2024-06-28,Prod_9,4,64.67,258.68,West,Online
8000,2024-06-28,Prod_13,2,49.8,99.6,South,Online
8001,2024-06-28,Prod_1,4,65.69,262.76,South,Online
8002,2024-06-28,Prod_4,2,55.55,111.1,South,Online
8003,2024-06-28,Prod_1,4,95.19,380.76,South,Store
8004,2024-06-28,Prod_10,4,25.23,100.92,North,Online
8005,2024-06-28,Prod_2,2,42.46,84.92,East,Online
8006,2024-06-28,Prod_15,1,47.16,47.16,North,Online
8007,2024-06-28,Prod_5,2,18.67,37.34,North,Store
8008,2024-06-28,Prod_4,1,75.59,75.59,West,Online
8009,2024-06-28,Prod_14,1,68.38,68.38,North,Store
8010,2024-06-28,Prod_7,4,44.2,176.8,North,Store
8011,2024-06-28,Prod_6,3,19.78,59.34,West,Online
8012,2024-06-28,Prod_4,4,91.8,367.2,North,Online
8013,2024-06-28,Prod_12,2,84.43,168.86,North,Online
8014,2024-06-28,Prod_10,3,10.18,30.54,North,Store
8015,2024-06-28,Prod_3,3,60.97,182.91,North,Online
